run,nrmse,Glc,HexP,TriP,BPG13,PG3,PEP,Pyr,Lac,ATP,ADP,NAD,NADH
A6_baseline_n1000,0.071950,0.021588,0.018013,0.131642,0.263799,0.079912,0.140529,0.054275,0.043052,0.013215,0.007783,0.037738,0.051854
A7_l1reg_n1000,0.076931,0.015467,0.016795,0.130511,0.287147,0.084934,0.204055,0.039571,0.031848,0.014751,0.008855,0.037264,0.051976
A5_unbounded_n1000,0.088222,0.023334,0.022359,0.184045,0.325474,0.091115,0.176248,0.052476,0.041370,0.017821,0.010630,0.048012,0.065781
A4_neural_ode_mlp_n1000,0.143171,0.040454,0.056820,0.200205,0.423233,0.177619,0.311966,0.108859,0.126862,0.033812,0.023199,0.088573,0.126450
A6_baseline_n100,0.147651,0.049462,0.042895,0.277127,0.527716,0.146091,0.157974,0.095654,0.111610,0.034192,0.020535,0.069643,0.238912
A7_l1reg_n100,0.160825,0.052303,0.047931,0.282521,0.548276,0.163532,0.202111,0.105575,0.120682,0.037560,0.022860,0.081102,0.265448
A9_neural_ode_correction_n100,0.165741,0.039374,0.044138,0.169974,0.508263,0.166765,0.495975,0.089550,0.127113,0.038797,0.044760,0.109809,0.154376
A5_unbounded_n100,0.171774,0.041373,0.039163,0.316344,0.726765,0.143886,0.203826,0.084115,0.103997,0.033725,0.020173,0.080011,0.267908
A9_neural_ode_correction_n1000,0.174355,0.035980,0.055100,0.211288,0.574284,0.168532,0.540987,0.104911,0.108919,0.032876,0.021009,0.108334,0.130041
A2_sample_theta_n100,0.174521,0.055890,0.056957,0.326832,0.551490,0.161616,0.216558,0.121288,0.099309,0.042036,0.026324,0.102180,0.333775
A3_neural_ode_gru_n1000,0.177673,0.035566,0.053755,0.220286,0.744179,0.178964,0.301047,0.113398,0.175063,0.030819,0.021881,0.087120,0.169999
A2_sample_theta_n1000,0.182059,0.052008,0.067431,0.388885,0.624546,0.193488,0.256255,0.103978,0.095324,0.047792,0.028195,0.132842,0.193971
A1_fixed_theta_n1000,0.183748,0.056060,0.068766,0.367213,0.640828,0.188054,0.230684,0.127741,0.094741,0.051992,0.030853,0.141092,0.206957
A3_neural_ode_gru_n100,0.196327,0.061579,0.077921,0.278397,0.268317,0.323835,0.444285,0.134167,0.153607,0.035586,0.049926,0.068346,0.459960
A2_sample_theta_n10,0.210927,0.040292,0.116670,0.401568,0.935085,0.062357,0.301066,0.115648,0.178482,0.067419,0.048299,0.034835,0.229397
A5_unbounded_n3,0.215182,0.052799,0.247924,0.286396,1.012143,0.279540,0.384654,0.052101,0.014857,0.045683,0.027538,0.080349,0.098198
A4_neural_ode_mlp_n100,0.221312,0.059734,0.052168,0.254560,0.485407,0.499035,0.347042,0.146519,0.201626,0.034135,0.055647,0.133188,0.386683
A4_neural_ode_mlp_n3,0.252424,0.192880,0.159584,0.368465,0.211885,0.276802,0.387156,0.343340,0.296844,0.298859,0.206075,0.178539,0.108656
A2_sample_theta_n3,0.252919,0.071181,0.225021,0.685493,0.752595,0.329517,0.274938,0.190675,0.151360,0.056435,0.034019,0.118709,0.145080
A7_l1reg_n3,0.259328,0.065496,0.141968,0.503093,1.020953,0.108124,0.198299,0.252582,0.234844,0.132969,0.080153,0.168061,0.205395
A5_unbounded_first_last_n1000,0.264560,0.007081,0.130268,1.077931,1.216938,0.088760,0.228564,0.185644,0.119873,0.035903,0.020691,0.026137,0.036930
A5_unbounded_n10,0.265624,0.052745,0.064587,0.667027,1.359851,0.281613,0.129657,0.096689,0.105065,0.060488,0.043333,0.043035,0.283402
A9_neural_ode_correction_n3,0.265969,0.120180,0.179804,0.400455,0.604252,0.326294,0.351153,0.197107,0.272842,0.237932,0.111851,0.221513,0.168239
A6_baseline_n10,0.266150,0.039468,0.061269,0.805168,1.327593,0.260529,0.212403,0.124374,0.062145,0.035328,0.025309,0.031668,0.208546
A9_neural_ode_correction_n10,0.266171,0.071087,0.096913,1.196113,0.585725,0.106104,0.472543,0.110826,0.164992,0.052706,0.068571,0.027571,0.240903
A2_sample_theta_first_last_n10,0.271755,0.093186,0.116247,0.472013,0.240361,0.554706,0.394595,0.173655,0.406176,0.155359,0.111298,0.071647,0.471817
A3_neural_ode_gru_n3,0.281824,0.119534,0.179983,0.430010,0.499756,0.344611,0.451151,0.332448,0.330279,0.188843,0.161653,0.274362,0.069259
A5_unbounded_first_last_n3,0.299651,0.044786,0.695818,0.338660,0.900762,0.320860,0.358887,0.315229,0.156902,0.194359,0.117159,0.068578,0.083812
A7_l1reg_first_last_n3,0.307401,0.074579,0.791649,0.369384,0.223196,0.494179,0.268793,0.268329,0.359788,0.319231,0.192432,0.147271,0.179986
A7_l1reg_n10,0.307564,0.030455,0.064749,0.835566,1.716705,0.288580,0.179498,0.133566,0.088830,0.042157,0.030201,0.036973,0.243484
A6_baseline_first_last_n3,0.308900,0.054512,0.446807,0.989879,0.452343,0.395571,0.113071,0.109329,0.357478,0.091552,0.055188,0.288491,0.352577
A4_neural_ode_mlp_n10,0.311992,0.068696,0.160770,1.498565,0.885717,0.118818,0.329624,0.052362,0.120926,0.057791,0.238348,0.060564,0.151722
A3_neural_ode_gru_n10,0.314095,0.019979,0.088330,1.741088,0.506036,0.160866,0.455941,0.107403,0.152205,0.050895,0.036203,0.147760,0.302437
A7_l1reg_first_last_n10,0.323025,0.141668,0.101566,0.542787,0.284940,0.536680,0.478904,0.567308,0.406873,0.093968,0.067318,0.086258,0.568033
A1_fixed_theta_first_last_n3,0.333236,0.301119,0.363340,0.297982,0.160685,0.529595,0.430426,0.424461,0.360720,0.376838,0.227157,0.236940,0.289575
A1_fixed_theta_n3,0.334482,0.310736,0.369403,0.285239,0.161734,0.528355,0.442886,0.424982,0.360740,0.375993,0.226648,0.237187,0.289876
A2_sample_theta_first_last_n3,0.352628,0.076101,0.431698,0.568666,0.552197,0.551074,0.453470,0.419964,0.360747,0.371351,0.223849,0.100092,0.122327
A1_fixed_theta_first_last_n100,0.356236,0.255444,0.235089,0.303448,0.363577,0.503037,0.421945,0.567357,0.434617,0.301265,0.196037,0.233344,0.459674
A6_baseline_first_last_n10,0.375530,0.095760,0.131045,0.646940,1.060320,0.503715,0.568666,0.377495,0.405159,0.063730,0.045656,0.080138,0.527739
A1_fixed_theta_first_last_n1000,0.386728,0.056119,0.129682,0.347703,2.352459,0.378883,0.232653,0.464724,0.163882,0.195280,0.112776,0.084629,0.121946
A1_fixed_theta_n100,0.413109,0.276729,0.224568,0.344719,1.208335,0.384509,0.418184,0.569412,0.434282,0.299982,0.195408,0.214301,0.386880
A7_l1reg_first_last_n100,0.448898,0.032278,0.053667,0.838809,1.828190,0.152723,1.379767,0.400407,0.386759,0.077188,0.047801,0.043054,0.146136
A6_baseline_first_last_n1000,0.477510,0.009293,0.096391,0.749284,3.617681,0.190466,0.433066,0.231177,0.212037,0.085298,0.051402,0.023215,0.030813
A6_baseline_first_last_n100,0.507961,0.035246,0.104240,0.872397,3.455576,0.399004,0.294808,0.327631,0.298033,0.058155,0.036486,0.050029,0.163929
A2_sample_theta_first_last_n100,0.525106,0.032483,0.157999,0.538442,3.827821,0.290292,0.528629,0.290128,0.269928,0.081505,0.051928,0.053982,0.178135
A1_fixed_theta_first_last_n10,0.553093,0.343997,0.370228,1.599819,1.229167,0.539042,0.455541,0.567446,0.406872,0.429056,0.307373,0.051227,0.337352
A5_unbounded_first_last_n100,0.593190,0.026164,0.569303,0.804046,3.718237,0.233976,0.685710,0.503602,0.274477,0.042125,0.025784,0.055943,0.178913
A1_fixed_theta_n10,0.608736,0.352852,0.364025,1.233932,2.467384,0.486412,0.459257,0.567551,0.406869,0.420996,0.301599,0.032162,0.211793
A6_baseline_n3,0.609922,0.108947,0.366133,1.947866,2.748515,0.594158,0.166177,0.236830,0.145961,0.211232,0.127330,0.299670,0.366240
A5_unbounded_first_last_n10,0.643804,0.021259,0.715818,1.774972,3.710321,0.111561,0.500419,0.449137,0.176268,0.031839,0.022809,0.027849,0.183395
A2_sample_theta_first_last_n1000,0.674309,0.039696,0.215913,0.747010,5.440535,0.314282,0.195551,0.551704,0.231107,0.098842,0.056368,0.080900,0.119802
A3_neural_ode_gru_first_last_n100,1.338723,0.062531,1.053829,2.680634,0.720804,0.586250,6.339180,0.465300,2.162994,0.334058,0.966491,0.506641,0.185969
A9_neural_ode_correction_first_last_n100,1.361026,0.053319,0.789602,0.845454,2.905772,0.544683,2.693413,5.780130,0.435484,0.500606,0.482546,1.132671,0.168628
A3_neural_ode_gru_first_last_n3,1.626704,0.225814,0.955724,0.294993,10.034099,0.418802,5.552850,0.122474,0.342086,0.503996,0.646517,0.270633,0.152458
A9_neural_ode_correction_first_last_n3,2.020916,0.157961,0.817274,0.912807,9.767730,0.529759,8.432021,1.744317,0.360756,0.593432,0.316160,0.519020,0.099757
A4_neural_ode_mlp_first_last_n3,2.120448,0.230838,1.037296,0.619767,15.923432,0.516661,4.432096,0.425448,0.134572,0.937653,0.537476,0.511884,0.138248
A3_neural_ode_gru_first_last_n10,2.464135,0.113980,0.988141,5.602008,5.028459,1.594227,13.084414,0.431851,0.702215,0.455159,1.099944,0.130620,0.338599
A4_neural_ode_mlp_first_last_n10,2.667300,0.142364,0.993127,0.729600,20.811342,0.595556,4.742422,0.568531,0.403662,1.184681,1.026600,0.378565,0.431153
A9_neural_ode_correction_first_last_n10,2.677589,0.088408,0.560006,1.417743,14.843899,0.595559,0.351062,7.622682,4.305173,0.455635,0.651170,1.011550,0.228182
A4_neural_ode_mlp_first_last_n100,3.563331,0.180846,1.064479,0.617738,28.950064,0.544014,8.140305,0.581604,0.313679,1.038130,0.854837,0.219005,0.255276
A9_neural_ode_correction_first_last_n1000,5.618121,0.031475,0.854949,1.075882,9.467237,0.591715,47.024437,4.292070,1.427613,0.629408,0.404040,1.505852,0.112775
A3_neural_ode_gru_first_last_n1000,7.156751,0.041231,0.740374,0.863100,24.003739,0.651817,55.415851,0.709956,0.639451,0.250591,0.929147,1.453314,0.182441
A4_neural_ode_mlp_first_last_n1000,86.196381,0.079633,0.800549,44.746801,510.000845,3.967872,433.115182,10.235260,21.071606,5.457581,0.612402,4.079744,0.189092
A7_l1reg_first_last_n1000,9422263.844653,1610735.997502,1213089.653191,6337146.960721,37523875.816457,4077913.274410,47465074.527808,2621118.623289,2482932.345068,1020932.552841,1244535.252089,3485272.464797,3984538.667669
