mode,n_obs,obs_species,eval_species,nrmse,in_obs
rollout,2,"A,M",A,9.361160095977539e-07,True
rollout,2,"A,M",B,0.01291769277304411,False
rollout,2,"A,M",C,0.0129692442715168,False
rollout,2,"A,M",D,0.01650797761976719,False
rollout,2,"A,M",E,0.06128060445189476,False
rollout,2,"A,M",F,0.026002507656812668,False
rollout,2,"A,M",G,0.040427301079034805,False
rollout,2,"A,M",H,0.029627744108438492,False
rollout,2,"A,M",I,0.07615059614181519,False
rollout,2,"A,M",J,0.045707423239946365,False
rollout,2,"A,M",K,0.08549328148365021,False
rollout,2,"A,M",L,0.05507965758442879,False
rollout,2,"A,M",M,4.816733394363837e-07,True
rollout,3,"A,B,M",A,1.182383016384847e-06,True
rollout,3,"A,B,M",B,6.09675453233649e-07,True
rollout,3,"A,B,M",C,0.012892321683466434,False
rollout,3,"A,B,M",D,0.01669962890446186,False
rollout,3,"A,B,M",E,0.06122136116027832,False
rollout,3,"A,B,M",F,0.025984779000282288,False
rollout,3,"A,B,M",G,0.0403711274266243,False
rollout,3,"A,B,M",H,0.029593659564852715,False
rollout,3,"A,B,M",I,0.07626501470804214,False
rollout,3,"A,B,M",J,0.045580435544252396,False
rollout,3,"A,B,M",K,0.0854020044207573,False
rollout,3,"A,B,M",L,0.05510767921805382,False
rollout,3,"A,B,M",M,4.7491832333435013e-07,True
rollout,4,"A,B,C,M",A,3.424936585361138e-05,True
rollout,4,"A,B,C,M",B,3.254661351093091e-05,True
rollout,4,"A,B,C,M",C,6.936264526302693e-06,True
rollout,4,"A,B,C,M",D,0.005241787526756525,False
rollout,4,"A,B,C,M",E,0.055548351258039474,False
rollout,4,"A,B,C,M",F,0.02658534236252308,False
rollout,4,"A,B,C,M",G,0.04142626374959946,False
rollout,4,"A,B,C,M",H,0.03008352592587471,False
rollout,4,"A,B,C,M",I,0.0756019800901413,False
rollout,4,"A,B,C,M",J,0.04578975960612297,False
rollout,4,"A,B,C,M",K,0.08596611768007278,False
rollout,4,"A,B,C,M",L,0.05491141229867935,False
rollout,4,"A,B,C,M",M,5.045823172622477e-07,True
rollout,5,"A,B,C,D,M",A,0.00015445375174749643,True
rollout,5,"A,B,C,D,M",B,0.00014755665324628353,True
rollout,5,"A,B,C,D,M",C,3.673148967209272e-05,True
rollout,5,"A,B,C,D,M",D,6.786786252632737e-05,True
rollout,5,"A,B,C,D,M",E,0.05529697239398956,False
rollout,5,"A,B,C,D,M",F,0.02666039951145649,False
rollout,5,"A,B,C,D,M",G,0.041515372693538666,False
rollout,5,"A,B,C,D,M",H,0.030062701553106308,False
rollout,5,"A,B,C,D,M",I,0.07556463778018951,False
rollout,5,"A,B,C,D,M",J,0.04588981717824936,False
rollout,5,"A,B,C,D,M",K,0.08601593226194382,False
rollout,5,"A,B,C,D,M",L,0.05489568039774895,False
rollout,5,"A,B,C,D,M",M,5.077387754681695e-07,True
rollout,6,"A,B,C,D,E,M",A,3.602172728278674e-05,True
rollout,6,"A,B,C,D,E,M",B,3.410290082683787e-05,True
rollout,6,"A,B,C,D,E,M",C,0.00024235800083260983,True
rollout,6,"A,B,C,D,E,M",D,0.00016928440891206264,True
rollout,6,"A,B,C,D,E,M",E,0.0009963365737348795,True
rollout,6,"A,B,C,D,E,M",F,0.029116827994585037,False
rollout,6,"A,B,C,D,E,M",G,0.04398546740412712,False
rollout,6,"A,B,C,D,E,M",H,0.03361410275101662,False
rollout,6,"A,B,C,D,E,M",I,0.07771607488393784,False
rollout,6,"A,B,C,D,E,M",J,0.04642443358898163,False
rollout,6,"A,B,C,D,E,M",K,0.08435549587011337,False
rollout,6,"A,B,C,D,E,M",L,0.055518150329589844,False
rollout,6,"A,B,C,D,E,M",M,4.6133621367516753e-07,True
rollout,7,"A,B,C,D,E,F,M",A,3.722037945408374e-05,True
rollout,7,"A,B,C,D,E,F,M",B,2.887434675358236e-05,True
rollout,7,"A,B,C,D,E,F,M",C,7.276613905560225e-05,True
rollout,7,"A,B,C,D,E,F,M",D,6.989063695073128e-05,True
rollout,7,"A,B,C,D,E,F,M",E,0.0013592906761914492,True
rollout,7,"A,B,C,D,E,F,M",F,0.0017158742994070053,True
rollout,7,"A,B,C,D,E,F,M",G,0.038578879088163376,False
rollout,7,"A,B,C,D,E,F,M",H,0.028646424412727356,False
rollout,7,"A,B,C,D,E,F,M",I,0.07633054256439209,False
rollout,7,"A,B,C,D,E,F,M",J,0.04531652107834816,False
rollout,7,"A,B,C,D,E,F,M",K,0.08495157212018967,False
rollout,7,"A,B,C,D,E,F,M",L,0.05529704689979553,False
rollout,7,"A,B,C,D,E,F,M",M,4.407146434459719e-07,True
rollout,8,"A,B,C,D,E,F,G,M",A,3.370150807313621e-05,True
rollout,8,"A,B,C,D,E,F,G,M",B,2.7743380996980704e-05,True
rollout,8,"A,B,C,D,E,F,G,M",C,6.673110328847542e-05,True
rollout,8,"A,B,C,D,E,F,G,M",D,6.100652171880938e-05,True
rollout,8,"A,B,C,D,E,F,G,M",E,0.001267871237359941,True
rollout,8,"A,B,C,D,E,F,G,M",F,0.0015723381657153368,True
rollout,8,"A,B,C,D,E,F,G,M",G,0.0005870876484550536,True
rollout,8,"A,B,C,D,E,F,G,M",H,0.0024280340876430273,False
rollout,8,"A,B,C,D,E,F,G,M",I,0.07426107674837112,False
rollout,8,"A,B,C,D,E,F,G,M",J,0.05435933172702789,False
rollout,8,"A,B,C,D,E,F,G,M",K,0.08871996402740479,False
rollout,8,"A,B,C,D,E,F,G,M",L,0.05401874706149101,False
rollout,8,"A,B,C,D,E,F,G,M",M,4.858528086515435e-07,True
rollout,9,"A,B,C,D,E,F,G,H,M",A,3.4736145607894287e-05,True
rollout,9,"A,B,C,D,E,F,G,H,M",B,2.8045753424521536e-05,True
rollout,9,"A,B,C,D,E,F,G,H,M",C,6.260651571210474e-05,True
rollout,9,"A,B,C,D,E,F,G,H,M",D,5.3737257985631004e-05,True
rollout,9,"A,B,C,D,E,F,G,H,M",E,0.0012655231403186917,True
rollout,9,"A,B,C,D,E,F,G,H,M",F,0.0015156582230702043,True
rollout,9,"A,B,C,D,E,F,G,H,M",G,0.0005455116042867303,True
rollout,9,"A,B,C,D,E,F,G,H,M",H,0.001106034149415791,True
rollout,9,"A,B,C,D,E,F,G,H,M",I,0.07424219697713852,False
rollout,9,"A,B,C,D,E,F,G,H,M",J,0.054319243878126144,False
rollout,9,"A,B,C,D,E,F,G,H,M",K,0.08870542794466019,False
rollout,9,"A,B,C,D,E,F,G,H,M",L,0.054023079574108124,False
rollout,9,"A,B,C,D,E,F,G,H,M",M,4.903002945866319e-07,True
rollout,10,"A,B,C,D,E,F,G,H,I,M",A,0.00014873950567562133,True
rollout,10,"A,B,C,D,E,F,G,H,I,M",B,7.584443665109575e-05,True
rollout,10,"A,B,C,D,E,F,G,H,I,M",C,7.232293137349188e-05,True
rollout,10,"A,B,C,D,E,F,G,H,I,M",D,0.00010116233897861093,True
rollout,10,"A,B,C,D,E,F,G,H,I,M",E,0.0012698405189439654,True
rollout,10,"A,B,C,D,E,F,G,H,I,M",F,0.0015105847269296646,True
rollout,10,"A,B,C,D,E,F,G,H,I,M",G,0.0005716552841477096,True
rollout,10,"A,B,C,D,E,F,G,H,I,M",H,0.0011097805108875036,True
rollout,10,"A,B,C,D,E,F,G,H,I,M",I,0.00010978519276250154,True
rollout,10,"A,B,C,D,E,F,G,H,I,M",J,0.04577696695923805,False
rollout,10,"A,B,C,D,E,F,G,H,I,M",K,0.07796227931976318,False
rollout,10,"A,B,C,D,E,F,G,H,I,M",L,0.05797392502427101,False
rollout,10,"A,B,C,D,E,F,G,H,I,M",M,4.6058482894295594e-07,True
rollout,11,"A,B,C,D,E,F,G,H,I,J,M",A,0.000287865026621148,True
rollout,11,"A,B,C,D,E,F,G,H,I,J,M",B,0.00014398206258192658,True
rollout,11,"A,B,C,D,E,F,G,H,I,J,M",C,9.571237751515582e-05,True
rollout,11,"A,B,C,D,E,F,G,H,I,J,M",D,0.00018779606034513563,True
rollout,11,"A,B,C,D,E,F,G,H,I,J,M",E,0.001280456781387329,True
rollout,11,"A,B,C,D,E,F,G,H,I,J,M",F,0.0015108317602425814,True
rollout,11,"A,B,C,D,E,F,G,H,I,J,M",G,0.000549544463865459,True
rollout,11,"A,B,C,D,E,F,G,H,I,J,M",H,0.0011134529486298561,True
rollout,11,"A,B,C,D,E,F,G,H,I,J,M",I,0.0003376598469913006,True
rollout,11,"A,B,C,D,E,F,G,H,I,J,M",J,0.00037001786404289305,True
rollout,11,"A,B,C,D,E,F,G,H,I,J,M",K,0.07915554195642471,False
rollout,11,"A,B,C,D,E,F,G,H,I,J,M",L,0.05745132640004158,False
rollout,11,"A,B,C,D,E,F,G,H,I,J,M",M,3.428730792620627e-07,True
rollout,12,"A,B,C,D,E,F,G,H,I,J,K,M",A,0.00022454632562585175,True
rollout,12,"A,B,C,D,E,F,G,H,I,J,K,M",B,0.00011195733532076702,True
rollout,12,"A,B,C,D,E,F,G,H,I,J,K,M",C,8.498081297148019e-05,True
rollout,12,"A,B,C,D,E,F,G,H,I,J,K,M",D,0.0001471123832743615,True
rollout,12,"A,B,C,D,E,F,G,H,I,J,K,M",E,0.0012778348755091429,True
rollout,12,"A,B,C,D,E,F,G,H,I,J,K,M",F,0.00151065771933645,True
rollout,12,"A,B,C,D,E,F,G,H,I,J,K,M",G,0.0005481423577293754,True
rollout,12,"A,B,C,D,E,F,G,H,I,J,K,M",H,0.0011107062455266714,True
rollout,12,"A,B,C,D,E,F,G,H,I,J,K,M",I,0.0003359811962582171,True
rollout,12,"A,B,C,D,E,F,G,H,I,J,K,M",J,0.0003835532406810671,True
rollout,12,"A,B,C,D,E,F,G,H,I,J,K,M",K,7.477596227545291e-06,True
rollout,12,"A,B,C,D,E,F,G,H,I,J,K,M",L,0.00018522223399486393,False
rollout,12,"A,B,C,D,E,F,G,H,I,J,K,M",M,1.7359042203679564e-06,True
rollout,13,"A,B,C,D,E,F,G,H,I,J,K,L,M",A,0.00021647699759341776,True
rollout,13,"A,B,C,D,E,F,G,H,I,J,K,L,M",B,0.00010814963752636686,True
rollout,13,"A,B,C,D,E,F,G,H,I,J,K,L,M",C,8.226656791521236e-05,True
rollout,13,"A,B,C,D,E,F,G,H,I,J,K,L,M",D,0.0001381398760713637,True
rollout,13,"A,B,C,D,E,F,G,H,I,J,K,L,M",E,0.001275265240110457,True
rollout,13,"A,B,C,D,E,F,G,H,I,J,K,L,M",F,0.0015104924095794559,True
rollout,13,"A,B,C,D,E,F,G,H,I,J,K,L,M",G,0.0005474779172800481,True
rollout,13,"A,B,C,D,E,F,G,H,I,J,K,L,M",H,0.0011093892389908433,True
rollout,13,"A,B,C,D,E,F,G,H,I,J,K,L,M",I,0.00029445067048072815,True
rollout,13,"A,B,C,D,E,F,G,H,I,J,K,L,M",J,0.00036856476799584925,True
rollout,13,"A,B,C,D,E,F,G,H,I,J,K,L,M",K,4.9681009841151536e-05,True
rollout,13,"A,B,C,D,E,F,G,H,I,J,K,L,M",L,6.497236608993262e-05,True
rollout,13,"A,B,C,D,E,F,G,H,I,J,K,L,M",M,6.680681690340862e-05,True
