sample_idx,scaffold,nrmse_mm_rollout,nrmse_pm_rollout,r2_mm_timeseries,r2_pm_timeseries,peak_mm_true,peak_mm_pred,endpoint_pm_true,endpoint_pm_pred
0,resource_maturation,0.0043684407,0.4134011,0.9997702,-0.30073512,94.0,93.999985,566.5,152.16118
1,resource_maturation,0.020238606,0.5605877,0.99282587,-1.2330236,21.0,21.000002,1307.5,103.30627
2,resource_maturation,0.020423679,0.52460045,0.9923889,-0.9713044,25.0,25.000002,1461.0,179.73534
3,resource_maturation,0.020364769,0.48212984,0.9930101,-0.727134,24.0,24.000002,1223.5,198.63573
4,resource_maturation,0.013925486,0.49593496,0.9966731,-0.78122044,26.0,26.001263,1135.5,177.64117
5,resource_maturation,0.025806248,0.5038211,0.9875003,-0.85691667,18.0,18.0,723.0,98.14857
6,resource_maturation,0.02130576,0.4787246,0.9911791,-0.68227494,21.0,21.000004,722.0,124.46927
7,resource_maturation,0.0190719,0.4697806,0.9929177,-0.5829854,21.0,21.000002,1571.5,362.83685
8,resource_maturation,0.018279953,1.7093233,0.9963189,-185.31519,568.0,553.1294,0.0,21.938759
9,resource_maturation,0.0067852866,0.2612135,0.9995221,0.47102523,79.0,78.99999,181.0,98.86704
10,resource_maturation,0.007723354,0.33322042,0.99907494,0.21160519,78.0,78.00001,1072.5,480.03876
11,resource_maturation,0.0050409576,0.18792123,0.99973327,0.70454186,94.0,93.999985,115.0,81.99249
12,resource_maturation,0.006659474,0.19372037,0.9996209,0.6121923,55.0,54.999985,82.0,54.78655
13,resource_maturation,0.0072634253,0.21244249,0.99950665,0.55629694,46.0,46.000008,72.0,45.303173
14,resource_maturation,0.009099384,0.48166737,0.9985651,-0.74890757,15.0,15.000003,583.0,215.15826
15,resource_maturation,0.010304642,0.4839143,0.99772793,-0.79866266,16.0,16.0,533.5,195.11334
16,resource_maturation,0.011232123,0.5572914,0.9984197,-1.1643634,24.0,24.000002,658.0,75.069885
17,resource_maturation,0.01689,0.46518213,0.99674654,-0.45782924,20.0,20.000002,338.5,104.28248
18,resource_maturation,0.012126546,0.44971764,0.9983184,-0.43508375,25.0,25.000002,387.0,121.68627
19,resource_maturation,0.012800467,0.47842824,0.996333,-0.61644006,45.0,44.999973,851.0,183.20053
20,resource_maturation,0.009393,0.4781363,0.99799776,-0.61677563,41.0,40.99997,764.0,161.81984
21,resource_maturation,0.005530522,0.39759585,0.99964327,-0.16023803,84.0,83.99999,389.0,125.22048
22,resource_maturation,0.0042891917,0.37769902,0.9997789,-0.116549015,85.0,84.99997,452.0,146.95686
23,resource_maturation,0.0053416835,0.39699146,0.9996468,-0.15329957,95.0,94.999985,546.0,167.68994
24,resource_maturation,0.0077004354,0.21671934,0.99921894,0.5991802,56.0,55.999985,75.5,46.70124
25,resource_maturation,0.017585846,5.774099e+11,0.99609387,-4.991032e+14,215.0,213.93225,0.0,0.76846045
26,resource_maturation,0.008496441,0.13288392,0.9992045,-0.15531743,42.0,42.0,0.0,1.312355
27,resource_maturation,0.016914545,0.17136446,0.99331397,0.7871293,26.0,25.999987,216.0,159.295
28,resource_maturation,0.017018247,0.23084046,0.99511164,0.5718342,23.0,22.999996,84.5,50.446026
29,resource_maturation,0.019081252,0.21143383,0.9939276,0.6867335,26.0,25.999992,118.5,77.80038
30,resource_maturation,0.011937446,0.351092,0.99775094,0.06340885,31.0,30.999996,84.5,35.44026
31,resource_maturation,0.006304397,0.20502554,0.99967116,0.055462062,49.0,48.999992,6.5,3.6356225
32,resource_maturation,0.0053848326,0.22880134,0.9997645,0.18255067,63.0,62.99999,14.5,8.732364
33,resource_maturation,0.036874697,0.27973378,0.981568,-12.512605,288.0,283.0001,0.0,1.8688842
34,resource_maturation,0.011075751,0.44146663,0.9976619,-0.43607843,40.0,40.00002,806.5,208.32341
35,resource_maturation,0.0128636025,0.23060936,0.9980729,-0.019980192,36.0,35.999996,9.0,3.5294127
36,resource_maturation,0.020526547,6.1941455e+11,0.9955933,-5.7436054e+14,645.0,620.2437,0.0,0.82239956
37,resource_maturation,0.009736649,0.14201559,0.99851716,0.628213,192.0,192.00122,11.0,19.696745
38,resource_maturation,0.016271673,0.2838111,0.996644,0.42779136,27.0,27.000015,1502.5,840.85333
39,resource_maturation,0.013395943,0.43133506,0.9954857,-0.28502214,24.0,23.999977,643.0,260.323
40,resource_maturation,0.01915825,0.23675458,0.9936711,0.6376873,24.0,23.999985,253.5,158.99396
41,resource_maturation,0.0061095203,0.46783128,0.9990057,-0.5546768,72.0,71.9999,190.5,56.27409
42,resource_maturation,0.00655817,0.24062356,0.9987297,0.60502505,75.0,74.999916,300.5,190.1075
43,resource_maturation,0.018603042,0.1996938,0.9938146,0.71967125,25.0,24.999989,177.5,120.80645
44,resource_maturation,0.01394904,0.28993493,0.99613786,0.406766,27.0,26.999973,160.5,91.73719
45,resource_maturation,0.014500803,0.23062356,0.99621487,0.6275438,26.0,25.999996,438.5,292.66602
46,resource_maturation,0.013234485,0.25049132,0.99571484,0.56939656,29.0,28.999983,426.0,268.78104
47,resource_maturation,0.008802495,0.21990289,0.99896306,0.5460659,46.0,46.000004,43.0,27.177828
48,resource_maturation,0.019411996,0.4129796,0.9931844,-0.09372914,25.0,24.999994,380.5,163.6793
49,resource_maturation,0.01829546,0.4685665,0.9946458,-0.3891878,20.0,20.000002,438.5,160.20703
50,resource_maturation,0.014454014,0.4569233,0.9967606,-0.32871675,17.0,17.0,376.0,137.4958
51,resource_maturation,0.02562116,0.43667734,0.9892114,-0.34673524,10.0,10.0,406.5,172.48433
52,resource_maturation,0.025459284,0.5002397,0.9879651,-0.7349912,7.0,7.0001283,368.0,124.05987
53,resource_maturation,0.013482163,0.44094124,0.9940441,-0.27229178,35.0,34.999996,476.5,190.24521
54,resource_maturation,0.012661478,0.45415705,0.9940014,-0.3027246,40.0,40.000004,509.5,200.1497
55,resource_maturation,0.013755983,0.32914534,0.9960412,0.2679358,27.0,27.000002,302.5,161.24243
56,resource_maturation,0.011760529,0.27538985,0.9974778,0.49942285,36.0,35.999996,196.5,120.27779
57,resource_maturation,0.012951796,0.48589048,0.99469155,-0.52049994,35.0,34.999996,492.5,165.66995
58,resource_maturation,0.0111706415,0.4225458,0.99487877,-0.14409304,45.0,44.999996,447.5,189.71681
59,resource_maturation,0.011657774,0.37687185,0.9952402,0.08161157,38.0,37.999992,540.0,257.03033
60,resource_maturation,0.011966528,0.41730648,0.9955385,-0.12623382,37.0,36.99999,509.5,213.2472
61,resource_maturation,0.012978225,0.45712215,0.99521095,-0.34289575,38.0,37.999985,578.5,209.86131
62,resource_maturation,0.025582232,0.52780545,0.98408747,-1.0803466,8.0,8.0,444.5,147.66545
63,resource_maturation,0.021600451,0.47089475,0.9903559,-0.67093384,9.0,9.000001,420.5,170.5083
64,resource_maturation,0.010803118,0.42752075,0.9951982,-0.1466335,49.0,49.000004,544.0,225.58562
65,resource_maturation,0.012883285,0.4383603,0.99391276,-0.22859013,47.0,46.999985,534.5,210.55556
66,resource_maturation,0.010800437,0.381822,0.9957523,0.062074244,49.0,48.999996,535.5,251.11617
67,resource_maturation,0.020012626,0.3237608,0.99247056,0.2867716,28.0,27.999994,218.0,121.05144
68,resource_maturation,0.013494425,0.34539562,0.99687994,0.20968926,27.0,26.999998,201.0,104.06471
69,resource_maturation,0.010406162,0.2900291,0.9974427,0.4274733,42.0,41.999992,233.0,141.1624
70,resource_maturation,0.010823981,0.30993098,0.9970363,0.36558187,42.0,41.99999,225.0,127.63575
71,resource_maturation,0.019901486,0.38086367,0.99188226,0.06821716,28.0,27.999996,409.0,192.32922
72,resource_maturation,0.018418742,0.5827936,0.9845966,-1.2745855,32.0,31.999992,1448.0,209.21043
73,resource_maturation,0.03220482,0.5976839,0.96776724,-1.3775175,18.0,17.999996,1615.5,187.10052
74,resource_maturation,0.029987404,0.550505,0.96790385,-1.1645746,20.0,19.999994,1329.0,179.11096
75,resource_maturation,0.022678781,0.488019,0.98622715,-0.6082649,27.0,26.999989,506.0,144.57033
76,resource_maturation,0.0074502868,0.12627122,0.99926907,0.8656013,66.0,66.0,109.5,88.43161
77,resource_maturation,0.034712132,0.5403483,0.9674529,-0.9731226,15.0,15.0,973.5,186.56735
78,resource_maturation,0.020432195,0.45353124,0.99228114,-0.4714055,31.0,31.00006,1181.5,330.61563
79,resource_maturation,0.012847885,0.42350855,0.9972526,-0.17834938,49.0,49.00002,1173.5,440.95264
80,resource_maturation,0.011096504,0.34664896,0.998123,0.20634913,50.0,50.00009,1210.5,584.0926
81,resource_maturation,0.026610652,0.44278514,0.9850939,-0.34188962,21.0,21.00003,647.0,217.56094
82,resource_maturation,0.012828768,0.57039374,0.99322015,-1.2058928,43.0,42.99998,331.5,71.9193
83,resource_maturation,0.028920313,0.3894423,0.98545045,-0.046287656,20.0,20.001606,364.0,148.50249
84,resource_maturation,0.0150376195,0.16680768,0.997473,0.7711979,43.0,43.000004,79.0,59.355362
85,resource_maturation,0.00852916,0.5171027,0.99925905,-17.721329,225.0,219.96255,0.0,10.552879
86,resource_maturation,0.01552231,0.27285308,0.99714994,0.39964497,15.0,15.0,252.5,152.08635
87,resource_maturation,0.0150244385,0.60626364,0.99502546,-1.354805,14.0,13.999998,402.5,67.464806
88,resource_maturation,0.017503863,0.5825869,0.9852417,-1.2764602,40.0,39.999977,952.0,143.10857
89,resource_maturation,0.025114542,0.5912621,0.990138,-1.295996,15.0,15.000003,750.0,124.939766
90,resource_maturation,0.03600609,0.5763928,0.96386045,-1.2012954,16.0,16.000004,1152.5,180.40909
91,resource_maturation,0.044399492,0.5195815,0.9521652,-0.8864995,14.0,14.000001,686.5,153.76335
92,resource_maturation,0.045381337,0.5651304,0.94426817,-1.1240723,14.0,14.000001,978.0,168.1732
93,resource_maturation,0.043522976,0.5573271,0.95858324,-1.1470811,13.0,13.000002,1382.0,198.06317
94,resource_maturation,0.031200644,0.5196274,0.9815237,-1.0224328,17.0,17.000055,1541.5,233.49663
95,resource_maturation,0.016594037,0.509842,0.9836718,-0.849826,36.0,35.99999,1597.5,318.3864
96,resource_maturation,0.014242139,0.6576052,0.9895508,-1.856261,23.0,23.112295,433.0,37.575413
97,resource_maturation,0.011450174,0.6746062,0.99348265,-2.0259054,16.0,16.04501,489.5,25.153902
98,resource_maturation,0.011588133,0.65842974,0.99257725,-1.8397949,20.0,20.000675,532.5,36.29135
99,resource_maturation,0.013557479,0.67698056,0.9921896,-1.8774066,14.0,14.096988,593.5,31.72087
100,resource_maturation,0.011665413,0.6609314,0.9933058,-1.8428061,17.0,17.148874,551.0,36.031013
101,resource_maturation,0.012705714,0.67465734,0.9927926,-1.880074,9.0,8.999995,442.5,23.052753
102,resource_maturation,0.024116984,0.6717907,0.98469406,-1.9203429,9.0,8.999999,502.5,23.749681
103,resource_maturation,0.009958958,0.6459536,0.9957669,-1.7203417,21.0,21.121063,500.5,43.293816
104,resource_maturation,0.015821606,0.66461253,0.9813449,-1.8846714,22.0,22.000051,519.5,28.90638
105,resource_maturation,0.0188448,0.6630779,0.987329,-1.8340545,12.0,11.999998,522.0,33.559353
106,resource_maturation,0.00657835,1.0692917,0.9995617,-159.69139,228.0,227.91452,0.0,26.383627
107,resource_maturation,0.020521883,0.66857964,0.9791671,-1.9220026,8.0,7.999997,488.0,20.5963
108,resource_maturation,0.010401398,1.2488841,0.9986661,-184.01,381.0,368.61246,0.0,20.765366
109,resource_maturation,0.013878873,1.7145828,0.99810576,-379.12976,409.0,399.09433,0.0,23.081295
110,resource_maturation,0.03216013,0.6555868,0.8957347,-2.1592371,1.0,0.9999996,330.0,53.895622
111,resource_maturation,0.033258017,0.5234895,0.89455354,-1.1253052,6.0,6.000001,361.5,116.51332
112,resource_maturation,0.007412047,0.5500364,0.9994962,-50.461597,296.0,294.14505,0.0,13.294415
113,resource_maturation,0.014007448,0.24736199,0.9975088,0.45878035,14.0,14.000002,109.5,68.69182
114,resource_maturation,0.020867942,0.6881448,0.9804323,-2.1026459,7.0,6.9999986,318.0,19.575317
115,resource_maturation,0.00968324,0.6960349,0.99654555,-2.0475612,9.0,9.0,359.5,19.755209
116,resource_maturation,0.014507293,0.6706943,0.98889387,-1.9675455,7.0,6.9999976,325.0,19.875748
117,resource_maturation,0.022567077,0.69727397,0.97648156,-2.0702832,8.0,8.0,369.0,15.280215
118,resource_maturation,0.01765525,0.6887735,0.9840252,-2.047514,5.0,4.999998,407.0,20.736555
119,resource_maturation,0.011119783,0.67507523,0.99270725,-1.9979293,25.0,25.113451,435.5,31.241446
120,resource_maturation,0.011880136,0.59761167,0.9942286,-1.3232996,31.0,31.0,6355.0,620.42084
121,resource_maturation,0.008793118,0.5532616,0.9968572,-1.08423,44.0,44.000004,2480.0,274.30197
122,resource_maturation,0.012762472,0.6150108,0.9944354,-1.4015653,35.0,35.000004,4598.5,319.46863
123,resource_maturation,0.0138507,0.605407,0.9948223,-1.4237132,30.0,30.000158,4789.5,516.3287
124,resource_maturation,0.016231216,0.5959587,0.99367785,-1.3888218,35.0,35.00005,5692.0,593.993
125,resource_maturation,0.009423156,0.58798915,0.9971673,-1.268167,42.0,42.002647,2978.5,335.72134
126,resource_maturation,0.009954384,0.5689659,0.99620736,-1.0882335,37.0,36.999996,2286.5,418.30008
127,resource_maturation,0.0062535577,0.5524622,0.9988095,-1.038068,52.0,51.999992,1529.0,257.22208
128,resource_maturation,0.012821174,0.5719181,0.99571055,-1.139432,44.0,44.00005,3809.5,556.7499
129,resource_maturation,0.0064278715,1.050155,0.9996034,-203.98228,402.0,393.79935,0.0,25.575542
130,resource_maturation,0.011538108,0.6506303,0.99827677,-1.8011191,30.0,29.999996,1217.5,200.71472
131,resource_maturation,0.0043620914,1.312849,0.99976116,-275.52454,141.0,140.99991,0.0,27.71491
132,resource_maturation,0.027708072,1.122804,0.9633083,-212.23087,16.0,15.999988,0.0,24.303493
133,resource_maturation,0.026615294,1.0226562,0.96836275,-173.35954,15.0,14.999999,0.0,26.36556
134,resource_maturation,0.016308576,0.31784767,0.996976,0.24424696,24.0,24.000006,2837.0,1690.5111
135,resource_maturation,0.020866217,0.35273558,0.9955116,0.1002602,21.0,21.000004,2004.0,1068.2683
136,resource_maturation,0.0060418975,0.5940413,0.99955285,-1.1931427,39.0,39.0,162.0,30.085018
137,resource_maturation,0.011617845,0.41081604,0.99796003,-0.18679261,37.0,36.999996,282.0,137.77626
138,resource_maturation,0.013459434,0.66202575,0.99747103,-1.6817801,32.0,32.000008,2067.5,175.61345
139,resource_maturation,0.011412123,0.6270251,0.998062,-1.3859503,37.0,37.000004,1650.0,217.50914
140,resource_maturation,0.011354588,0.6290446,0.9972385,-1.4596848,36.0,36.000004,3249.0,329.33066
141,resource_maturation,0.009865428,0.6165721,0.9972839,-1.3864288,35.0,35.000004,4762.0,450.1626
142,resource_maturation,0.01454949,0.6144915,0.9943504,-1.3614285,31.0,31.000002,5101.0,495.24374
143,resource_maturation,0.012781135,0.60695595,0.9957242,-1.3342111,30.0,29.999996,4394.5,412.07693
144,resource_maturation,0.02697735,0.23765051,0.9808923,0.52326596,20.0,20.000002,348.5,230.96182
145,resource_maturation,0.014707076,0.26958463,0.9856976,0.41274357,39.0,39.0,466.5,285.6435
146,resource_maturation,0.015450862,0.29318514,0.9840555,0.29685557,38.0,38.0,477.5,269.78967
147,resource_maturation,0.012639617,0.3610685,0.99138963,-0.0046514273,42.0,42.000004,539.5,264.00516
148,resource_maturation,0.012506723,0.35961783,0.98874694,0.033700824,42.0,42.0,624.5,305.2576
149,resource_maturation,0.024556566,0.22238754,0.98034346,0.55584395,19.0,18.999998,340.0,231.59142
150,resource_maturation,0.029126344,0.26623005,0.9787105,0.4357469,16.0,15.999999,385.5,233.34192
151,resource_maturation,0.032138012,0.261696,0.97480524,0.457487,18.0,18.0,437.0,270.25775
152,resource_maturation,0.024284506,0.30365965,0.9866525,0.262151,16.0,16.0,412.0,231.02016
153,resource_maturation,0.017530004,0.28614956,0.98010665,0.3150047,27.0,27.000002,537.0,303.27838
154,resource_maturation,0.018742912,0.024934854,0.9937035,0.99363357,27.0,27.000004,302.5,314.91205
155,resource_maturation,0.01213804,0.25830317,0.98981965,0.45916897,31.0,31.000004,485.0,299.7372
156,resource_maturation,0.024414897,0.17699215,0.97679484,0.6982782,22.0,21.999998,232.5,174.5834
157,resource_maturation,0.031228116,0.17589395,0.9703802,0.68083453,20.0,20.00247,182.5,139.34265
158,resource_maturation,0.021454722,0.22025521,0.9882314,0.49023134,9.0,8.999999,371.0,266.00754
159,resource_maturation,0.006539247,0.15154988,0.9995546,0.8107429,80.0,80.00002,1262.5,978.4284
160,resource_maturation,0.0153327985,0.11731864,0.9947741,0.8698436,30.0,30.0,355.0,293.20963
161,resource_maturation,0.0143573,0.28946632,0.9920031,0.26921654,30.0,30.0,323.0,196.28304
162,resource_maturation,0.009861908,0.17930657,0.9945202,0.7217179,32.0,32.000008,412.5,303.61612
163,resource_maturation,0.008155956,0.217584,0.99504334,0.61893,44.0,44.0,404.0,274.7609
164,resource_maturation,0.009150428,0.31443882,0.9947721,0.23166233,46.0,46.000004,624.5,338.0248
165,resource_maturation,0.007952406,0.3060292,0.99629617,0.28943592,63.0,63.0,629.5,348.63885
166,resource_maturation,0.0071554235,0.3430939,0.99719495,0.10366291,60.0,60.0,610.5,313.16507
167,resource_maturation,0.022341536,0.25873208,0.98450726,0.4714021,17.0,17.000004,397.0,247.16576
168,resource_maturation,0.017974408,0.3175324,0.98719746,-0.25738335,20.0,20.0,42.0,39.21034
169,resource_maturation,0.0149744125,0.21730913,0.99115443,0.57310796,23.0,23.000004,106.5,76.73142
170,resource_maturation,0.01474565,0.21396643,0.9926272,0.57974434,22.0,22.0,116.0,82.49038
171,resource_maturation,0.021998249,0.2646309,0.9887956,0.44233847,18.0,18.000002,128.0,80.17029
172,resource_maturation,0.023931727,0.22308376,0.98362243,0.5688235,20.0,20.000004,115.5,78.835915
173,resource_maturation,0.023396565,0.2826316,0.9864124,0.32703167,18.0,17.999996,123.5,75.02341
174,resource_maturation,0.020538965,0.21977429,0.9914243,0.55307853,21.0,21.000004,125.5,87.12017
175,resource_maturation,0.0154489335,0.21969278,0.99074864,0.50597656,22.0,22.000002,97.0,67.380104
176,resource_maturation,0.01772652,0.2754387,0.990886,0.26278007,21.0,21.000002,94.5,60.902374
177,resource_maturation,0.018509867,0.19972421,0.996136,0.42722374,15.0,15.000002,69.0,54.05611
178,resource_maturation,0.020470206,0.20975769,0.99484277,0.416214,19.0,19.000008,77.5,59.8891
179,resource_maturation,0.023711484,0.19498608,0.99434817,0.47148144,13.0,13.000002,74.0,58.390217
180,resource_maturation,0.017388811,0.2638139,0.993791,0.3591289,20.0,20.000002,106.5,69.48285
181,resource_maturation,0.02259602,0.21474381,0.98698145,0.5644258,20.0,20.000006,91.5,63.81167
182,resource_maturation,0.022316685,0.19541554,0.99138826,0.5595814,13.0,13.0,92.5,68.71358
183,resource_maturation,0.01597224,0.42695674,0.99455434,-3.0648794,13.0,13.0,37.5,49.531292
184,resource_maturation,0.02966335,0.25959733,0.9873318,0.06000614,15.0,15.000002,55.0,48.862293
185,resource_maturation,0.019272722,0.545518,0.99334794,-5.0057883,18.0,18.000002,32.5,47.09082
186,resource_maturation,0.027679456,0.44753414,0.98764586,-1.9702063,17.0,17.000002,31.0,38.55334
187,resource_maturation,0.024943236,0.48475102,0.9855422,-2.1226792,15.0,15.000002,32.0,39.76339
188,resource_maturation,0.034102853,0.32090613,0.9741408,-0.036194086,14.0,14.000001,59.0,45.620304
189,resource_maturation,0.021296712,0.30878732,0.9814334,0.11073893,19.0,19.000002,60.0,42.4935
190,resource_maturation,0.027257413,0.2611633,0.97681105,0.17730236,15.0,15.000002,58.5,42.391666
191,resource_maturation,0.01850712,0.24074607,0.98975587,0.5133711,19.0,19.000004,117.5,78.827995
192,resource_maturation,0.016016558,0.42790577,0.9963149,-0.2409544,20.0,20.0,141.5,57.294624
193,resource_maturation,0.018856859,0.5285981,0.9952725,-1.0458603,18.0,18.0,175.0,41.188274
194,resource_maturation,0.017373232,0.47961876,0.9957886,-0.720325,18.0,18.000002,163.5,46.02261
195,resource_maturation,0.017901149,0.5193649,0.9956642,-0.9338255,19.0,19.0,177.5,45.29898
196,resource_maturation,0.01353408,0.55030453,0.9972544,-1.1072466,18.0,17.999998,161.0,35.453392
197,resource_maturation,0.016510747,0.5303594,0.99637717,-0.98615384,17.0,17.000002,162.0,40.452637
198,resource_maturation,0.020074153,0.37608075,0.9941498,-0.032609344,18.0,18.0,173.5,77.56973
199,resource_maturation,0.008920286,0.523737,0.9981599,-1.0205815,29.0,28.999987,433.0,127.95286
200,resource_maturation,0.011198872,0.47896928,0.9969223,-0.6970298,32.0,31.999983,418.5,148.15378
201,resource_maturation,0.01094828,0.43856278,0.9972304,-0.39606392,36.0,35.99999,364.5,153.753
202,resource_maturation,0.011648685,0.38459638,0.9981853,-0.10516107,26.0,26.000677,617.5,298.9985
203,resource_maturation,0.008553597,0.44241613,0.99812126,-0.37210715,36.0,35.999973,490.5,204.6631
204,resource_maturation,0.010507116,0.17627832,0.99768734,0.7804827,34.0,33.999996,534.0,403.1224
205,resource_maturation,0.009389076,0.3761527,0.9982566,-6.055832e-05,36.0,36.05504,541.5,277.24152
206,resource_maturation,0.0085554,0.24687074,0.99871093,0.58568263,48.0,48.000015,2462.5,1507.8516
207,resource_maturation,0.007713134,0.34481767,0.9991519,0.1873709,51.0,51.000004,1920.0,963.2109
208,resource_maturation,0.011860653,0.44958264,0.99631745,-0.3778559,26.0,25.999996,1176.0,427.9014
209,resource_maturation,0.010270561,0.4346486,0.9979851,-0.31181824,26.0,26.000002,1292.5,514.5957
210,resource_maturation,0.014819362,0.4110094,0.9964137,-0.21972,27.0,26.999973,440.0,200.29999
211,resource_maturation,0.015747124,0.38568944,0.99654025,-0.09234452,25.0,24.99997,721.5,349.80988
212,resource_maturation,0.017517036,0.51423234,0.99599844,-0.8049612,22.0,21.999992,529.5,169.4728
213,resource_maturation,0.015326131,0.41422462,0.99731374,-0.21236026,25.0,24.999998,516.5,232.70657
214,resource_maturation,0.006915437,0.24464488,0.9995913,0.53196514,58.0,57.999996,90.0,52.84784
215,resource_maturation,0.016651146,0.49305207,0.99570924,-0.6902176,21.0,21.000002,186.0,57.241848
216,resource_maturation,0.002980395,0.32518065,0.99987054,-0.41599798,42.0,42.0,17.5,7.2730217
217,resource_maturation,0.008969527,0.27539778,0.9990735,-1.6278982,43.0,43.002697,7.0,7.9256597
218,resource_maturation,0.010317667,0.18435375,0.9989133,-0.44686913,40.0,40.0,5.0,5.4383674
219,resource_maturation,0.009728602,0.98278743,0.99852973,-31.31607,37.0,36.99997,0.0,5.008041
220,resource_maturation,0.012172546,0.94985634,0.9977974,-63.94935,35.0,35.000004,0.0,4.621157
221,resource_maturation,0.01369324,0.14437652,0.99733454,0.84701735,33.0,33.016834,108.0,89.06679
222,resource_maturation,0.018202595,0.121927276,0.99578625,0.8946827,27.0,27.0,151.5,123.832466
223,resource_maturation,0.0076563233,0.369417,0.9991994,0.032650232,45.0,45.00523,243.0,120.59798
224,resource_maturation,0.009816384,0.25415596,0.99868304,0.55970794,46.0,46.0,244.5,161.52745
225,resource_maturation,0.0080138,5.341905e+11,0.99924916,-4.2718315e+14,41.0,41.0,0.0,0.66139364
226,resource_maturation,0.0031178456,0.37545162,0.9998673,0.076744616,164.0,164.00343,2031.5,793.89075
227,resource_maturation,0.01840892,1.104407,0.9964393,-139.78358,26.0,26.000002,0.0,3.5990837
228,resource_maturation,0.0069632996,0.15452544,0.9994599,0.82777905,70.0,70.008804,181.5,146.71735
229,resource_maturation,0.005963199,0.16739284,0.99961,0.7910243,60.0,59.99998,115.0,89.03573
230,resource_maturation,0.008342455,0.107042,0.9988797,0.9046236,22.0,22.000006,756.0,662.36694
231,resource_maturation,0.015777161,0.21478245,0.9956639,0.65537447,14.0,14.004403,754.5,551.6408
232,resource_maturation,0.0026934014,0.24309568,0.9999227,0.596696,183.0,183.00003,600.0,386.3656
233,resource_maturation,0.004633512,0.39712733,0.9996847,-0.099434376,56.0,55.99999,114.0,44.524353
234,resource_maturation,0.005165768,0.34806824,0.9996403,0.16128337,75.0,75.01375,534.5,278.09534
235,resource_maturation,0.0057558026,0.31146985,0.9996134,0.25778466,60.0,59.99998,81.5,40.186974
236,resource_maturation,0.0058967904,0.2168817,0.9995822,0.59235394,70.0,70.00001,104.0,65.01884
237,resource_maturation,0.006074706,1.174898,0.9993975,-98.32507,38.0,38.0,0.0,13.20256
238,resource_maturation,0.008077226,1.5225931,0.9990058,-106.50737,39.0,38.999996,0.0,9.773347
239,resource_maturation,0.003511797,0.14586614,0.99982095,0.57962537,44.0,44.000004,17.5,15.114882
240,resource_maturation,0.00457665,0.70850897,0.99967754,-72.113205,315.0,314.99994,18.0,54.211067
241,resource_maturation,0.012574294,0.19887622,0.9958133,0.69451237,42.0,42.00002,125.0,87.228134
242,resource_maturation,0.0144941015,0.19946715,0.9948397,0.6846093,42.0,42.00026,113.5,81.61403
243,resource_maturation,0.017718475,0.120550945,0.9970175,0.8822358,388.0,367.98727,119.0,117.97727
244,resource_maturation,0.02222905,0.17512564,0.9955758,0.715065,632.0,594.7424,83.0,85.00125
245,resource_maturation,0.014279113,0.09983303,0.9974174,0.9092071,683.0,656.0591,133.0,150.42009
246,resource_maturation,0.012523706,0.82774216,0.99786466,-81.69254,657.0,648.5206,13.0,52.490265
247,resource_maturation,0.012784611,0.70795083,0.9973614,-71.932434,362.0,361.62286,14.5,46.70034
248,resource_maturation,0.011001811,0.7547858,0.9984603,-97.780716,413.0,405.80624,14.5,50.985466
249,resource_maturation,0.006315584,0.59440243,0.99960935,-60.42811,235.0,231.99904,18.0,49.833176
250,resource_maturation,0.010620276,1.0230566,0.9987333,-47.083183,566.0,559.67645,0.0,46.352665
251,resource_maturation,0.009828067,0.72761834,0.99863,-58.576756,88.0,87.00002,10.5,45.146797
252,resource_maturation,0.018521236,0.68938124,0.9873614,-74.51586,36.0,36.000008,10.5,39.929844
253,resource_maturation,0.021865346,0.5264453,0.98066515,-50.163013,36.0,35.99994,18.0,43.47648
254,resource_maturation,0.011542648,0.07023674,0.99655944,0.95661485,40.0,40.0012,492.0,460.99182
255,resource_maturation,0.014339708,0.076256104,0.9964449,0.9445732,45.0,45.00004,234.5,215.99734
256,resource_maturation,0.010810623,0.7028888,0.998653,-65.19749,566.0,560.5703,11.5,46.946625
257,resource_maturation,0.008206981,0.8051214,0.99938744,-56.59578,400.0,399.36047,1.5,37.41891
258,resource_maturation,0.010115344,0.6154781,0.9990427,-54.81325,423.0,421.41565,11.5,39.99673
259,resource_maturation,0.006837429,0.29965666,0.9987374,0.39542854,74.0,74.00077,789.0,401.81464
260,resource_maturation,0.005948826,0.322823,0.9992094,0.30302298,93.0,93.000465,823.5,409.07516
261,resource_maturation,0.010662206,0.46999642,0.9985489,-1.8772013,220.0,219.00006,41.0,51.792686
262,resource_maturation,0.02235772,0.49557534,0.99304056,-2.2106493,246.0,235.4001,40.5,48.860256
263,resource_maturation,0.0042634197,0.7821117,0.9997321,-78.91025,348.0,348.00003,15.0,51.919174
264,resource_maturation,0.005086156,0.20556921,0.9996712,0.5306414,267.0,267.00003,82.5,77.33491
265,resource_maturation,0.019897012,0.44501188,0.9951276,-0.38323164,23.0,23.000004,771.5,166.56055
266,resource_maturation,0.015487052,0.44081593,0.99611145,-0.34980977,24.0,24.0,771.5,173.584
267,resource_maturation,0.0083770165,0.15520644,0.99904996,0.72895086,234.0,232.9998,104.0,121.50128
268,resource_maturation,0.011707825,0.20326598,0.9981944,0.47688985,300.0,288.98965,87.5,108.30054
269,resource_maturation,0.005518893,0.8740239,0.99968725,-66.53328,305.0,301.24353,9.5,56.14755
270,resource_maturation,0.0061802776,0.8372172,0.99961513,-56.63562,349.0,347.56845,8.0,49.012527
271,resource_maturation,0.0045440015,0.5561623,0.9997717,-4.3672314,171.0,170.99997,44.0,53.11822
272,resource_maturation,0.0072318995,0.51636684,0.99946237,-8.73025,189.0,189.00002,32.0,48.35914
273,resource_maturation,0.019967012,0.80853266,0.9939767,-61.201656,516.0,500.88245,16.0,59.198765
274,resource_maturation,0.009468752,0.58809954,0.9982257,-1.2246807,54.0,54.0,1478.0,234.5431
275,resource_maturation,0.013192141,0.8219578,0.99763906,-81.61307,682.0,669.9661,15.0,56.06951
276,resource_maturation,0.0050815665,0.778034,0.99972665,-67.21367,287.0,285.91852,13.0,53.59859
277,resource_maturation,0.004567075,0.768905,0.9997556,-68.93858,171.0,170.99997,13.5,54.957092
278,resource_maturation,0.023448978,0.26148203,0.98362243,0.48977685,20.0,20.000004,594.5,354.74554
279,resource_maturation,0.02051924,0.17267366,0.9950955,0.73104143,21.0,21.000008,337.0,269.0403
280,resource_maturation,0.0080599515,0.21439345,0.99927485,0.66202,55.0,54.99998,826.5,556.0117
281,resource_maturation,0.010765207,0.94714224,0.99871004,-73.55001,250.0,250.00003,11.5,71.37153
282,resource_maturation,0.0063857967,0.7861337,0.99957615,-12.382299,356.0,354.9621,12.0,53.220676
283,resource_maturation,0.013123412,0.52242285,0.9929222,-0.78310084,32.0,32.000008,1560.0,227.21016
284,resource_maturation,0.014690071,0.48010582,0.9923436,-0.51250947,31.0,31.00001,1391.0,284.35944
285,resource_maturation,0.01443125,0.19084924,0.9941268,0.66214937,30.0,30.000002,140.0,99.67955
286,resource_maturation,0.009479941,0.23823372,0.9971286,0.35479957,35.0,35.000004,90.5,65.93647
287,resource_maturation,0.0033531927,0.18089543,0.9998644,0.7079992,287.0,287.0,105.5,86.6153
288,resource_maturation,0.0062527317,0.22485954,0.9994544,-0.16229331,36.0,36.000004,12.0,11.739799
289,resource_maturation,0.0018356207,1.283771,0.9999715,-500.2538,122.0,122.0,0.0,17.3728
290,resource_maturation,0.011050776,0.37294033,0.99694264,-0.169819,24.0,23.999998,46.0,23.590189
291,resource_maturation,0.015240348,0.36674803,0.99604225,-0.15458894,16.0,15.999993,61.0,33.663734
292,resource_maturation,0.015156247,0.43912786,0.9971709,-85.9735,20.0,20.000006,0.0,8.651919
293,resource_maturation,0.011133606,0.24714264,0.9990336,0.4562593,22.0,22.000004,47.5,30.843588
294,resource_maturation,0.00881545,0.3130968,0.99858356,0.20667821,30.0,29.999979,106.0,64.157
295,resource_maturation,0.01504565,1.0234172,0.9974111,-318.48877,12.0,12.0,0.0,13.783117
296,resource_maturation,0.019713115,0.33302572,0.99229926,0.3171659,23.0,23.000505,351.0,173.03801
297,resource_maturation,0.019682122,0.6005115,0.9942363,-1.2213054,40.0,39.999996,1316.0,115.47777
298,resource_maturation,0.010538243,0.89947075,0.99691963,-15.380209,33.0,32.999996,5.5,18.600313
299,resource_maturation,0.01735057,0.4192356,0.9916877,-0.14664507,25.0,25.000027,354.5,115.931725
300,resource_maturation,0.016800625,0.34181002,0.9958453,0.10214853,14.0,14.0,31.5,17.434656
301,resource_maturation,0.0066759107,1.612437,0.999575,-374.11014,245.0,244.99432,0.0,26.343067
302,resource_maturation,0.021672394,0.43569434,0.99121904,-0.59829044,11.0,11.000001,237.5,106.35515
303,resource_maturation,0.009991116,0.42101732,0.9983269,-0.4723159,12.0,11.999998,183.5,82.06838
304,resource_maturation,0.017426584,0.31866574,0.9959103,-0.6237731,17.0,17.0,21.0,26.443958
305,resource_maturation,0.0138233965,0.3038641,0.99741584,0.16888148,15.0,15.000002,46.0,31.767492
306,resource_maturation,0.018065678,0.6739979,0.9937588,-5.9355927,14.0,14.000002,11.0,27.135468
307,resource_maturation,0.0032083066,0.44625208,0.9998451,-0.51308477,59.0,58.99999,186.5,73.33745
308,resource_maturation,0.014643388,1.2695422,0.99652463,-460.70935,26.0,26.0,0.0,11.891853
309,resource_maturation,0.002758643,0.21976745,0.99990886,0.5884752,95.0,94.999985,77.5,53.91601
310,resource_maturation,0.025080217,0.27728406,0.98741615,-0.2922994,15.0,14.999999,10.5,11.847102
311,resource_maturation,0.017522044,0.28879586,0.99507475,0.3447764,22.0,21.999998,280.5,178.028
312,resource_maturation,0.010188049,0.44774172,0.9980942,-0.44242477,48.0,48.0,256.0,79.11538
313,resource_maturation,0.01330629,0.61764514,0.99709946,-1.5049977,18.0,18.0,539.0,42.329773
314,resource_maturation,0.0072971326,1.2540951,0.99952453,-246.88885,42.0,42.0,0.0,22.516235
315,resource_maturation,0.022532925,0.60020244,0.9825011,-1.6096473,7.0,7.0000005,649.5,37.11369
316,resource_maturation,0.01135246,0.6372365,0.9949819,-1.9472773,13.0,13.000001,423.5,35.923153
317,resource_maturation,0.02346976,0.54075366,0.98825526,-1.1317387,16.0,16.000002,333.5,26.977615
318,resource_maturation,0.006513559,0.16870056,0.9995883,0.7748399,248.0,247.99991,68.0,63.823967
319,resource_maturation,0.007974524,0.41859278,0.99937207,-0.12971318,30.0,29.999998,77.0,24.15725
320,resource_maturation,0.0099855885,0.27228478,0.998396,0.37472826,54.0,53.999996,240.5,137.45128
321,resource_maturation,0.046572976,0.4603732,0.96312386,-0.45279682,10.0,10.000002,229.5,51.57822
322,resource_maturation,0.002404376,0.5282901,0.9999239,-0.7845745,95.0,94.999985,674.5,181.72194
323,resource_maturation,0.009479202,1.0105975,0.9991732,-133.20512,34.0,34.000004,0.0,22.104156
324,resource_maturation,0.008731375,1.0315825,0.9993429,-111.897285,297.0,295.27737,0.0,30.285202
325,resource_maturation,0.009798807,0.20671788,0.99907535,0.6713371,38.0,38.000027,175.0,114.696815
326,resource_maturation,0.019683307,0.5943913,0.9860036,-1.8075662,5.0,5.0,349.0,84.540054
327,resource_maturation,0.033705384,0.5379554,0.96792686,-1.3648374,4.0,4.000099,286.0,86.41685
328,resource_maturation,0.008907315,0.55841,0.99902445,-1.1740232,16.0,16.0,162.5,33.665527
329,resource_maturation,0.002489485,1.0353197,0.9999468,-28.149467,131.0,131.00002,0.0,29.355326
330,resource_maturation,0.027117694,0.5793817,0.9878487,-2.1681116,5.0,5.0000005,22.0,28.379232
331,resource_maturation,0.0036156937,1.0917026,0.9998852,-7.929781,67.0,67.00001,24.0,39.49648
332,resource_maturation,0.0015802146,0.3482071,0.9999792,0.1941241,163.0,163.00116,939.0,398.542
333,resource_maturation,0.044263676,0.42961305,0.9739755,-0.19876015,11.0,11.0,110.0,34.796627
334,resource_maturation,0.002395418,0.22422771,0.99995005,0.6689062,247.0,247.0,106.0,63.68228
335,resource_maturation,0.016464425,0.62382776,0.9971049,-1.2881894,18.0,18.000002,1212.0,70.15613
336,resource_maturation,0.015705718,5.3370018e+11,0.9934998,-4.2639932e+14,16.0,16.0,0.0,0.69665927
337,resource_maturation,0.0073638167,0.24877015,0.99903834,0.599322,35.0,35.0,126.5,70.81308
338,resource_maturation,0.011180496,1.5082141,0.99666697,-392.86874,26.0,26.0,0.0,4.91354
339,resource_maturation,0.006334967,0.24245803,0.9994031,0.6812762,28.0,27.999996,105.0,59.770508
340,resource_maturation,0.0051032784,5.5372546e+11,0.9997224,-4.5899805e+14,59.0,59.000004,0.0,0.73980725
341,resource_maturation,0.0045782267,5.618839e+11,0.9997763,-4.726232e+14,70.0,70.000015,0.0,0.75129193
342,resource_maturation,0.006614095,5.4305315e+11,0.9995479,-4.4147536e+14,49.0,49.0,0.0,0.7233557
343,resource_maturation,0.008814357,0.32514006,0.99919516,0.3281119,25.0,25.0,221.5,97.45268
344,resource_maturation,0.011563975,5.4505623e+11,0.99698645,-4.447382e+14,25.0,24.999996,0.0,0.71176445
345,resource_maturation,0.009491427,1.4608375,0.9981759,-640.0746,27.0,27.000004,0.0,1.6752359
346,resource_maturation,0.008393681,0.16385575,0.99898326,0.7865429,27.0,27.000004,66.5,51.13548
347,resource_maturation,0.008640855,0.1293964,0.99822897,0.8899764,26.0,26.000021,109.0,86.32192
348,resource_maturation,0.0033672538,0.07993274,0.9998556,0.96485364,121.0,121.00991,67.0,58.272263
349,resource_maturation,0.03215031,4.9981122e+11,0.98222893,-3.7396747e+14,11.0,10.999999,0.0,0.6412855
350,resource_maturation,0.025808772,4.6899177e+11,0.9862894,-3.2927e+14,6.0,5.999999,0.0,0.5710892
351,resource_maturation,0.041566387,4.3797103e+11,0.9342911,-2.8715245e+14,5.0,5.0,0.0,0.53295714
352,resource_maturation,0.0290453,5.2313132e+11,0.9647474,-4.0967858e+14,9.0,9.0,0.0,0.6881317
353,resource_maturation,0.009921555,0.8460913,0.9964961,-21.771818,26.0,26.000004,1.5,6.216735
354,resource_maturation,0.01698342,0.3612812,0.9948049,0.20450497,18.0,17.999998,389.0,152.87192
355,resource_maturation,0.01186689,0.5493095,0.9983407,-0.8421025,20.0,20.000004,2214.5,299.254
356,resource_maturation,0.04753954,0.29178947,0.97105175,-0.18995619,7.0,7.000001,3.5,5.4326005
357,resource_maturation,0.016896997,0.22187807,0.9953146,0.6345004,18.0,18.000175,31.0,17.830227
358,resource_maturation,0.008255695,0.15862173,0.99672383,0.84291965,32.0,32.0,177.5,129.25232
359,resource_maturation,0.001748019,0.055882912,0.9999701,0.9802863,104.0,104.00001,223.5,207.59592
360,resource_maturation,0.011386975,0.40976095,0.9944524,-0.19036794,60.0,59.999977,171.0,76.95068
361,resource_maturation,0.009096171,0.38197064,0.9988969,-0.0087201595,69.0,68.99998,116.0,58.47362
362,resource_maturation,0.024730816,0.3556148,0.9905139,0.12818772,28.0,27.999998,43.0,30.981188
363,resource_maturation,0.017971681,0.592781,0.9864799,-1.2382119,31.0,30.999983,621.0,135.58672
364,resource_maturation,0.0063113794,0.4583136,0.9995022,-0.42003036,98.0,98.0,219.0,74.14901
365,resource_maturation,0.004005657,0.31321272,0.99983686,0.4046033,130.0,130.00002,165.5,85.87256
366,resource_maturation,0.018831594,0.9024152,0.988413,-5.8652983,30.0,29.999996,16.0,29.477606
367,resource_maturation,0.027120164,0.43008345,0.9866757,-0.20999837,28.0,27.999996,79.5,32.446056
368,resource_maturation,0.037689675,1.0156816,0.97841275,-189.29837,14.0,14.000001,0.0,17.727518
369,resource_maturation,0.0060243183,0.36341003,0.99957114,0.060754776,119.0,118.999985,43.0,36.714203
370,resource_maturation,0.015510962,0.5666173,0.99598104,-1.2505171,25.0,25.000273,270.5,65.85878
371,resource_maturation,0.0040848507,1.1786336,0.99980724,-180.47438,189.0,189.00002,0.0,26.140156
372,resource_maturation,0.020954546,0.28118894,0.99528956,0.39270717,37.0,37.0,55.5,39.115395
373,resource_maturation,0.023955358,1.3357184,0.99049026,-152.4018,28.0,27.999992,3.5,38.037407
374,resource_maturation,0.025924815,0.63240683,0.9816678,-1.9653633,14.0,14.000001,587.0,115.12729
375,resource_maturation,0.013294521,0.3248223,0.9976443,0.28003138,51.0,51.000004,2240.0,1130.5098
376,resource_maturation,0.03590059,0.52881753,0.9423744,-0.80116737,37.0,26.000002,2311.5,488.03073
377,resource_maturation,0.012612632,0.32095197,0.9936006,0.14254153,39.0,39.000004,65.5,48.70112
378,resource_maturation,0.011915562,0.40409347,0.99859834,-0.047690988,76.0,75.99998,358.0,147.41492
379,resource_maturation,0.024508042,0.639594,0.99011445,-1.5615556,21.0,21.000004,779.0,52.88108
380,resource_maturation,0.014289959,0.5287182,0.99613,-0.7774118,45.0,45.000004,364.5,86.36519
381,resource_maturation,0.025221711,1.1839446,0.9862973,-290.11337,14.0,13.999999,0.0,13.981009
382,resource_maturation,0.006428809,0.45556164,0.9995436,-0.3238263,157.0,156.99997,647.5,171.17148
383,resource_maturation,0.019442523,1.2091068,0.99481535,-205.16695,31.0,31.0,0.0,27.919533
384,resource_maturation,0.0068898643,0.5556031,0.9987345,-1.2484517,51.0,50.999992,2369.0,150.31384
385,resource_maturation,0.0035525043,0.2089764,0.9998355,0.6980479,247.0,247.00005,489.5,300.39902
386,resource_maturation,0.0041211657,1.4040232,0.9998187,-179.29515,96.0,95.99996,0.5,11.754781
387,resource_maturation,0.014244547,0.50216466,0.9959549,-0.87298393,28.0,28.0,1265.0,132.26382
388,resource_maturation,0.008029056,0.46965948,0.9991309,-0.5645356,54.0,53.999996,228.5,38.61072
389,resource_maturation,0.009803974,0.42391846,0.9983335,-0.35586977,49.0,48.999996,142.5,23.148846
390,resource_maturation,0.020239843,0.62531155,0.9943237,-1.4913855,13.0,13.000002,5215.5,146.69595
391,resource_maturation,0.017502967,0.570488,0.9971239,-1.1621766,24.0,24.0,1883.0,262.1251
392,resource_maturation,0.0063221757,0.5111784,0.99590105,-0.766829,53.0,52.999996,1209.5,302.11688
393,resource_maturation,0.022709407,0.3736113,0.9768895,-0.021187425,16.0,16.0,257.0,95.21813
394,resource_maturation,0.011902967,2.0554097,0.99842006,-2111.3628,52.0,52.0,0.0,14.994082
395,resource_maturation,0.04069984,0.41237485,0.9635685,-0.014935017,14.0,14.000002,150.0,54.7279
396,resource_maturation,0.008117248,0.4920326,0.9966972,-0.5660442,40.0,39.999996,468.5,121.80593
397,resource_maturation,0.011078251,1.2117419,0.9983983,-361.43585,24.0,24.000004,0.0,9.332316
398,resource_maturation,0.008701022,0.23997511,0.99932736,0.5549959,36.0,36.000298,135.5,88.73421
399,resource_maturation,0.041271195,0.51233774,0.97483677,-0.80278015,8.0,8.0000925,1168.5,369.7733
400,resource_maturation,0.017762432,0.59079844,0.99576557,-1.0791004,17.0,17.000002,116.0,7.237591
401,resource_maturation,0.0030875232,0.6426072,0.9998956,-1.6432686,76.0,76.00614,3282.5,254.29178
402,resource_maturation,0.005968411,1.761415,0.99965906,-769.4434,56.0,55.99999,0.0,9.967067
403,resource_maturation,0.017170811,0.29134792,0.98083717,0.3904069,22.0,22.000023,200.0,102.97206
404,resource_maturation,0.006062501,1.7885199,0.9996407,-800.3131,59.0,58.999996,0.0,15.598785
405,resource_maturation,0.021931203,0.532264,0.9919463,-0.7812383,17.0,17.000006,824.5,55.762768
406,resource_maturation,0.0053200033,0.28636128,0.9997834,0.4086669,65.0,65.0,220.0,106.777664
407,resource_maturation,0.013049184,1.7368138,0.9978956,-551.02997,384.0,379.1753,0.0,25.00711
408,resource_maturation,0.010509428,0.17898495,0.994253,0.6934783,31.0,31.000004,166.5,126.15549
409,resource_maturation,0.011685662,0.23667856,0.9953708,0.54435515,27.0,27.000006,269.0,172.71585
410,resource_maturation,0.0030285588,0.38420787,0.9998906,-0.04716456,91.0,91.00052,1039.5,471.82114
411,resource_maturation,0.024104409,0.29697064,0.98003227,0.3736112,26.0,26.0,946.0,552.27295
412,resource_maturation,0.0050367736,0.20933235,0.9988266,0.6199403,83.0,82.99997,278.5,192.48431
413,resource_maturation,0.014664949,0.9010491,0.9948583,-27.180672,26.0,26.000002,0.0,30.859219
414,resource_maturation,0.016184341,0.45718592,0.9959667,-0.39094627,23.0,23.0,271.0,66.674416
415,resource_maturation,0.0021107818,1.022957,0.9999507,-44.119347,227.0,226.99995,0.0,37.1872
416,resource_maturation,0.0078006764,0.37149182,0.99923867,0.050141335,52.0,51.999996,703.5,329.05414
417,resource_maturation,0.011997361,0.57730275,0.9973825,-1.2505913,27.0,27.000004,3835.5,870.39087
418,resource_maturation,0.006106468,0.27332166,0.99849784,0.08892554,44.0,44.000004,64.5,65.8999
419,resource_maturation,0.012993999,0.37389287,0.9955505,0.09033859,31.0,31.0,723.0,347.8784
420,resource_maturation,0.0072866906,0.29874885,0.9986951,0.39499885,59.0,58.999992,832.5,472.80322
421,resource_maturation,0.01575505,0.57159853,0.9957333,-1.1174386,25.0,25.0,745.5,157.26733
422,resource_maturation,0.009790434,0.5800962,0.99794286,-1.4993961,17.0,17.000002,1868.0,528.0675
423,resource_maturation,0.0127742775,0.4484626,0.99726045,-0.47589493,22.0,22.000002,2175.5,932.422
424,resource_maturation,0.004980839,0.9228669,0.99970144,-84.72366,68.0,68.0,0.0,47.31799
425,resource_maturation,0.008421353,0.96895725,0.99849296,-58.027985,38.0,38.000004,11.0,58.682175
426,resource_maturation,0.012590399,1.4577444,0.99734306,-92.468605,28.0,27.999998,1.0,44.190437
427,resource_maturation,0.014791628,1.1349379,0.993724,-19.326021,31.0,31.000002,6.5,37.128704
428,resource_maturation,0.0061147027,0.2829623,0.9997044,0.43505335,28.0,28.000261,436.5,275.1078
429,resource_maturation,0.0020855342,0.198441,0.9999571,0.684556,333.0,332.99323,231.5,156.76488
430,resource_maturation,0.010844964,0.20282976,0.99822503,0.64505243,38.0,37.999996,257.5,179.94342
431,resource_maturation,0.005232402,0.30667657,0.99963766,0.29264987,71.0,71.0,535.0,317.41745
432,resource_maturation,0.00461833,1.8887744,0.99972665,-893.9659,91.0,91.000015,0.0,2.064866
433,resource_maturation,0.009465532,0.3940784,0.9990291,-0.10145295,38.0,38.00758,1147.0,504.67545
434,resource_maturation,0.008653877,0.20164682,0.9970449,0.69254804,44.0,44.000008,319.0,218.35619
435,resource_maturation,0.016171733,0.61972684,0.99492425,-1.5038989,22.0,22.0,2285.5,409.1711
436,resource_maturation,0.009051819,0.19080001,0.99874204,0.7293414,36.0,35.999996,366.0,280.1161
437,resource_maturation,0.021810733,5.2012296e+11,0.99377096,-4.049803e+14,16.0,16.000002,0.0,0.66089666
438,resource_maturation,0.019497875,0.62221867,0.98923707,-1.4659152,13.0,12.999996,1071.5,98.50127
439,resource_maturation,0.02930716,0.1045409,0.98856634,0.9241995,13.0,13.0,100.5,85.7124
440,resource_maturation,0.0027603859,0.05465214,0.99993557,0.9760339,344.0,343.99997,168.5,187.05357
441,resource_maturation,0.0038827695,0.19344571,0.9993349,0.69139254,123.0,122.999954,261.0,186.83714
442,resource_maturation,0.016114324,0.3982048,0.9968056,-0.11610401,17.0,17.006481,2025.0,920.2614
443,resource_maturation,0.002926696,3.5251951,0.99988264,-4662.2646,224.0,223.99997,0.0,3.7728233
444,resource_maturation,0.0068744863,0.13257456,0.9996153,0.87265366,44.0,44.000004,22.0,15.620712
445,resource_maturation,0.003939675,2.9686587,0.9998076,-2646.4346,493.0,492.98587,0.0,3.220777
446,resource_maturation,0.01496929,0.37875655,0.99366885,-0.25060844,14.0,14.000001,944.5,514.1016
447,resource_maturation,0.022089364,0.37369034,0.99116105,-0.2177459,14.0,14.02043,1050.0,582.9659
448,resource_maturation,0.0063986573,5.2485292e+11,0.9994774,-4.123795e+14,59.0,58.999992,0.0,0.64380765
449,resource_maturation,0.021048138,0.116560414,0.98935586,0.88730335,18.0,18.0,90.5,79.193275
450,resource_maturation,0.0047705416,1.3294313,0.9997699,-149.07262,313.0,313.0,0.0,6.4620824
451,resource_maturation,0.016702216,0.120619945,0.9938732,0.87755704,16.0,15.999998,215.5,182.26462
452,resource_maturation,0.011669079,1.9297911,0.9983149,-662.38586,22.0,21.999998,0.0,2.0418143
453,resource_maturation,0.011949119,0.3351634,0.99827373,0.28414673,36.0,35.999996,840.0,400.04236
454,resource_maturation,0.007178277,0.20593607,0.99952435,0.690218,49.0,48.999954,482.0,322.6244
455,resource_maturation,0.03044734,0.10756374,0.9880034,0.9229034,14.0,13.999999,250.5,212.82379
456,resource_maturation,0.015593618,0.62795347,0.99258757,-1.575366,46.0,46.000004,2506.0,202.80263
457,resource_maturation,0.0029876707,0.17495371,0.99991494,0.8150076,183.0,183.00018,149.0,109.31578
458,resource_maturation,0.008569214,0.4024194,0.99792373,-0.06750405,50.0,50.0,443.5,194.37608
459,resource_maturation,0.011418797,0.3749152,0.99856764,0.086060286,58.0,58.000465,382.5,179.82405
460,resource_maturation,0.008837529,1.0561624,0.99930114,-305.84775,58.0,58.0,0.0,17.451406
461,resource_maturation,0.023888718,1.1349236,0.9919537,-558.5827,23.0,23.000002,0.0,21.489424
462,resource_maturation,0.003307182,0.38692486,0.9999002,-0.029459953,151.0,151.01088,960.5,353.61954
463,resource_maturation,0.024384132,1.2180946,0.98632395,-439.7396,16.0,15.999991,0.0,17.607218
464,resource_maturation,0.01629222,0.53446484,0.99560195,-0.86096895,30.0,29.999998,397.5,123.073006
465,resource_maturation,0.002696405,0.094111234,0.99993855,0.9354928,215.0,214.99997,160.0,135.59851
466,resource_maturation,0.01777064,0.56734645,0.99565285,-1.2016075,25.0,25.000002,1733.0,232.81331
467,resource_maturation,0.0055012684,0.18914405,0.99974287,0.75868297,349.0,349.00003,306.0,210.83528
468,resource_maturation,0.012374548,0.5099059,0.9961393,-0.5635201,30.0,29.999998,251.5,71.345985
469,resource_maturation,0.025691781,1.4987526,0.9905818,-505.94196,21.0,21.000004,0.0,19.92943
470,resource_maturation,0.015133346,0.3249374,0.996651,0.10161227,19.0,18.999994,868.5,533.5922
471,resource_maturation,0.011661576,0.35051697,0.9974094,-0.058952928,20.0,19.99999,663.5,388.54535
472,resource_maturation,0.015169217,0.23069324,0.99787194,0.6061076,38.0,38.0,256.0,185.60934
473,resource_maturation,0.028970763,0.3286131,0.98876506,0.20988536,21.0,21.000004,47.0,31.761208
474,resource_maturation,0.018237093,0.56386757,0.982434,-1.0288198,20.0,20.0,560.5,96.70666
475,resource_maturation,0.010010361,0.23958072,0.9959724,0.58345395,57.0,56.999977,89.5,63.52385
476,resource_maturation,0.0085374005,0.332966,0.9990268,0.27824265,59.0,58.99999,129.0,68.32888
477,resource_maturation,0.01901964,0.5197355,0.9939802,-0.8685945,27.0,27.000002,276.0,45.000748
478,resource_maturation,0.019425962,0.49735862,0.99319965,-0.6340729,29.0,29.000002,655.0,192.50842
479,resource_maturation,0.017897524,0.35888773,0.9824661,0.048850775,24.0,24.000006,181.0,64.90854
480,resource_maturation,0.021426557,0.5554167,0.9764112,-1.2348869,28.0,28.000002,4979.5,260.16574
481,resource_maturation,0.009074419,0.4111072,0.997733,-0.2712419,61.0,60.999985,1426.0,350.32373
482,resource_maturation,0.014632544,0.5928382,0.9941004,-1.3150892,38.0,38.00085,3614.5,190.24763
483,resource_maturation,0.011677431,0.4263934,0.9937262,-0.24653244,117.0,116.99993,979.0,403.47842
484,resource_maturation,0.013837745,0.56505364,0.99395615,-1.1208994,35.0,35.000004,1717.0,251.38513
485,resource_maturation,0.01392568,0.8023619,0.99301314,-54.725674,36.0,36.000004,0.0,9.014866
486,resource_maturation,0.004775007,0.53651255,0.9997744,-0.88709044,132.0,132.00095,1970.0,321.59778
487,resource_maturation,0.01348858,0.4557809,0.9937177,-0.5166311,42.0,42.000046,1517.0,340.68213
488,resource_maturation,0.022932677,0.33577588,0.9848899,0.14446789,23.0,23.000093,120.5,47.80002
489,resource_maturation,0.008736746,0.030717261,0.999058,0.99284387,490.0,488.9167,124.5,127.196434
490,resource_maturation,0.002728745,0.5824966,0.9999194,-0.9329629,227.0,227.00978,3226.5,506.52048
491,resource_maturation,0.003730275,1.9183075,0.9998567,-475.7395,319.0,318.99997,0.0,20.036621
492,resource_maturation,0.019572645,0.5353257,0.98759854,-0.9090816,26.0,26.000025,467.5,67.385376
493,resource_maturation,0.00404373,0.49469775,0.9998568,-0.46427274,124.0,124.0126,2054.0,657.6848
494,resource_maturation,0.02703523,0.26249787,0.987164,0.50803566,23.0,22.999989,2820.5,1749.3413
495,resource_maturation,0.022062665,0.18239383,0.99259704,0.7214122,24.0,24.000004,893.0,714.92633
496,resource_maturation,0.009010926,0.077098556,0.99901426,0.9217586,48.0,48.00001,24.0,23.220697
497,resource_maturation,0.005723503,0.5566995,0.99916846,-1.1037292,88.0,88.0,1612.0,288.68607
498,resource_maturation,0.012962225,0.3227755,0.99391264,0.3193454,37.0,37.000652,4592.5,2483.6929
499,resource_maturation,0.020575555,0.66955763,0.985501,-1.7275126,26.0,26.000227,3376.5,252.6301
500,resource_maturation,0.010391182,0.25169766,0.9972626,0.39043427,53.0,52.999996,56.0,27.144547
501,resource_maturation,0.009891403,0.25413442,0.9971343,0.57890475,51.0,50.999992,283.5,173.5713
502,resource_maturation,0.005290731,0.6093814,0.9993611,-1.4868615,81.0,80.999985,2284.0,286.79324
503,resource_maturation,0.010664392,0.2874172,0.99775785,0.3549174,53.0,53.00001,67.0,35.518524
504,resource_maturation,0.0161234,0.60040015,0.9965086,-1.0759723,26.0,26.0,648.5,116.91143
505,resource_maturation,0.0064937896,0.53786993,0.9993955,-0.71496916,62.0,61.99998,176.5,41.717415
506,resource_maturation,0.010505618,0.59528464,0.99849397,-1.295284,25.0,25.0,663.5,130.38277
507,resource_maturation,0.0060524587,0.6717513,0.999381,-1.715354,38.0,38.0,1098.0,93.76448
508,resource_maturation,0.016033828,0.5398093,0.9898596,-0.68903196,24.0,24.0,118.0,27.54887
509,resource_maturation,0.0078433035,0.41923004,0.9993306,-0.0072853565,43.0,43.000008,177.0,69.14743
510,resource_maturation,0.022977792,0.50377995,0.98616093,-0.6817554,19.0,19.000002,500.0,166.80894
511,resource_maturation,0.013882449,0.36617878,0.99787325,0.12817138,23.0,23.0,637.0,319.2233
512,resource_maturation,0.014049819,0.6172026,0.9959189,-1.4437277,28.0,27.999998,1070.0,206.91306
513,resource_maturation,0.0027888843,0.34496373,0.9999283,0.25761694,158.0,158.00465,826.0,422.0309
514,resource_maturation,0.022506664,0.2655852,0.9837859,0.4888414,17.0,17.000025,2685.5,1717.3695
515,resource_maturation,0.019254174,0.4686351,0.99412644,-0.4986707,21.0,21.000002,541.5,199.65477
516,resource_maturation,0.009747539,0.4038661,0.9989326,-0.1399231,30.0,29.999994,1455.5,670.3441
517,resource_maturation,0.0099567855,0.29015496,0.9986089,0.41688353,57.0,56.99996,571.0,344.56616
518,resource_maturation,0.024083827,0.3363624,0.99018717,0.20697314,20.0,20.000004,205.5,112.63325
519,resource_maturation,0.018758578,0.66284776,0.98974854,-1.561003,25.0,25.000002,3977.5,398.95074
520,resource_maturation,0.015014855,0.51452065,0.9952751,-1.2438514,14.0,13.999999,1134.0,403.16788
521,resource_maturation,0.018164057,0.5761382,0.99486935,-0.97226787,23.0,23.000002,3948.0,788.7009
522,resource_maturation,0.007085932,0.61251056,0.9992996,-1.2138417,35.0,35.000004,584.0,91.91647
523,resource_maturation,0.005782393,0.47222733,0.99961686,-0.45562243,61.0,60.999985,335.0,117.75888
524,resource_maturation,0.0035729806,0.4813193,0.9998703,-0.4541018,86.0,86.00464,1305.5,421.07968
525,resource_maturation,0.008878003,0.64838135,0.9967255,-1.7254374,35.0,35.0,1087.0,151.39326
526,resource_maturation,0.021593994,0.5658847,0.98992556,-1.0622044,23.0,22.999998,900.0,227.89015
527,resource_maturation,0.02682253,0.3804425,0.98702705,0.044680715,19.0,19.0,366.0,176.98499
528,resource_maturation,0.023382906,0.27394718,0.9868504,0.4067605,36.0,36.00001,151.0,101.37565
529,resource_maturation,0.01569659,0.49139613,0.9936563,-0.92858005,57.0,57.000015,94.0,26.120363
530,resource_maturation,0.022529026,0.41657457,0.98314047,-0.24435616,35.0,35.000008,393.0,172.6159
531,resource_maturation,0.017272146,0.5669558,0.9906506,-1.0490494,52.0,52.0,1395.5,294.11725
532,resource_maturation,0.03570325,0.30813214,0.95955825,0.2245071,29.0,29.000004,88.5,51.380253
533,resource_maturation,0.020568255,0.39221123,0.9937979,-0.26123416,42.0,42.00005,58.5,20.842775
534,resource_maturation,0.02480624,0.44764355,0.9807012,-0.3476591,35.0,35.0,540.5,209.62465
535,resource_maturation,0.03410967,0.27986488,0.97974247,0.42001128,35.0,35.000008,336.0,212.14479
536,resource_maturation,0.017596649,0.520659,0.99119574,-0.8158355,47.0,47.000004,578.0,179.57805
537,resource_maturation,0.012647946,0.4761451,0.9976254,-0.5200777,83.0,82.99999,261.5,84.28037
538,resource_maturation,0.029743867,0.090456806,0.98513055,0.92041856,24.0,24.000006,225.0,205.85527
539,resource_maturation,0.02281689,0.4315981,0.9835919,-0.27536178,40.0,39.999996,429.5,183.9452
540,resource_maturation,0.019864595,0.30004683,0.9890335,0.36297047,42.0,42.000004,929.0,568.4038
541,resource_maturation,0.030473525,0.26766196,0.97985053,0.45092618,38.0,38.000004,355.5,225.71495
542,resource_maturation,0.023943402,0.3785874,0.98468643,-0.018966675,34.0,34.000008,406.5,199.88744
543,resource_maturation,0.036396503,0.5380946,0.9575945,-0.86529577,35.0,35.000004,876.5,184.63493
544,resource_maturation,0.023127133,0.085325204,0.9898484,0.92120403,31.0,31.000004,116.5,117.10402
545,resource_maturation,0.03002924,0.30804527,0.9876609,0.236615,25.0,25.0,187.5,115.07261
546,resource_maturation,0.03461924,0.356008,0.9714642,-0.59153116,32.0,32.000008,10.5,20.675694
547,resource_maturation,0.015897062,0.21925879,0.9961495,0.38074344,59.0,58.999996,24.5,28.605728
548,resource_maturation,0.018110795,0.48646155,0.9957876,-0.5678965,64.0,64.00071,1209.5,334.728
549,resource_maturation,0.023360262,0.4858632,0.9879043,-0.55816567,34.0,34.000004,777.0,274.99423
550,resource_maturation,0.023193987,0.5464434,0.9859503,-0.9754875,37.0,37.0,573.5,146.49405
551,resource_maturation,0.025608102,0.47751987,0.98010993,-0.52752995,32.0,32.000004,476.5,151.61087
552,resource_maturation,8.995816e+09,0.6743128,-1.2114427e+11,-2.4227097,0.0,0.18690626,289.0,27.979774
553,resource_maturation,0.0042583547,0.60139006,0.99942213,-1.6249747,25.0,24.999994,385.0,66.12301
554,resource_maturation,9.050956e+09,0.66267437,-1.2263395e+11,-2.0352106,0.0,0.18655609,738.5,33.790646
555,resource_maturation,0.0057034683,0.6685696,0.9990557,-1.8734741,14.0,14.000002,1609.5,72.13199
556,resource_maturation,8.884559e+09,0.41333535,-1.1816626e+11,-0.7995975,0.0,0.18449596,62.5,19.040867
557,resource_maturation,0.043662492,0.55777806,0.9559544,-1.0219674,4.0,4.000165,201.0,31.68552
558,resource_maturation,8.008523e+09,0.6516972,-9.6012255e+10,-1.9623039,0.0,0.15730189,634.0,39.090343
559,resource_maturation,8.993745e+09,0.6351004,-1.2108852e+11,-2.016645,0.0,0.1869023,361.5,46.661057
560,resource_maturation,0.009606008,0.63040406,0.99677277,-1.7935243,12.0,12.0,788.0,69.84934
561,resource_maturation,0.0014366955,0.32382533,0.9999783,0.30610746,109.0,109.000206,775.5,390.60052
562,resource_maturation,8.839857e+09,0.60886323,-1.1698017e+11,-2.0442095,0.0,0.1768803,522.0,125.30845
563,resource_maturation,9.055755e+09,0.67004436,-1.2276402e+11,-2.0548267,0.0,0.18453132,699.5,43.073963
564,resource_maturation,9.157575e+09,0.64992267,-1.2554018e+11,-1.8221169,0.0,0.18453123,1964.5,186.42958
565,resource_maturation,8.794321e+09,0.6397015,-1.1577809e+11,-1.9566088,0.0,0.17576322,1088.0,62.13353
566,resource_maturation,0.025406266,0.6513109,0.9286637,-2.011364,2.0,2.0,456.0,25.097492
567,resource_maturation,0.027955603,0.6886306,0.946502,-2.1436129,7.0,6.9999957,1224.5,81.98052
568,resource_maturation,8.95062e+09,0.6440311,-1.19930044e+11,-2.251342,0.0,0.1768803,820.0,172.16942
569,resource_maturation,8.0996603e+09,0.6912081,-9.820993e+10,-2.0707715,0.0,0.1582191,912.0,56.931244
570,resource_maturation,0.029459728,0.6391202,0.96868813,-1.7879465,4.0,4.00099,476.5,37.88766
571,resource_maturation,0.0046093157,0.5065579,0.99910647,-1.271328,15.0,15.000002,139.5,37.36328
572,resource_maturation,0.0018658164,0.585393,0.99993813,-1.3298192,27.0,27.002048,2510.0,351.8577
573,resource_maturation,9.141938e+09,0.6917387,-1.2511182e+11,-2.1424994,0.0,0.18450418,1334.5,66.7143
574,resource_maturation,0.019936612,0.680981,0.88059914,-2.0881379,1.0,0.9999999,1314.0,64.820694
575,resource_maturation,5.7253724e+09,0.66357565,-4.9071497e+10,-2.0132458,0.0,0.09995162,701.0,48.48902
576,resource_maturation,0.0033032463,0.49425927,0.9998805,-0.7621522,62.0,62.00799,3937.5,601.77795
577,resource_maturation,0.0014384614,0.493076,0.9999786,-0.7110654,72.0,72.00543,3365.0,572.20935
578,resource_maturation,0.0027109517,0.48922902,0.99992454,-0.6630542,79.0,79.001366,3264.0,574.37445
579,resource_maturation,0.0015355138,0.47118625,0.9999765,-0.53273845,78.0,77.99999,3015.0,623.83923
580,resource_maturation,0.0016907454,0.4696759,0.9999708,-0.53600705,81.0,81.00455,3314.0,674.36475
581,resource_maturation,0.0029317643,0.47188887,0.9999168,-0.5432522,78.0,78.0,3135.0,647.622
582,resource_maturation,5.6708695e+09,0.643204,-4.8141664e+10,-2.0837743,0.0,0.09805512,357.5,53.126785
583,resource_maturation,0.015021742,0.702202,0.95315206,-2.3815255,7.0,6.9999976,741.5,44.670013
584,resource_maturation,0.02964527,0.6949194,0.81218576,-2.2419229,6.0,6.0000005,1030.5,70.97649
585,resource_maturation,7.5468513e+09,0.64560246,-8.526158e+10,-2.3589375,0.0,0.13860828,846.5,163.32724
586,resource_maturation,0.019427022,0.69245815,0.88662505,-2.2234976,1.0,1.0035896,1004.0,71.363655
587,resource_maturation,0.02371996,0.70047086,0.8309821,-2.3076649,3.0,3.0,978.5,60.817867
588,resource_maturation,0.0257527,0.7030177,0.90005106,-2.2821903,1.0,1.0,1009.0,57.352505
589,resource_maturation,0.023711829,0.6930276,0.83109796,-2.2075276,3.0,3.0000002,1103.0,63.9655
590,resource_maturation,0.028604476,0.6611733,0.9555178,-1.9409533,6.0,6.0,930.5,78.75472
591,resource_maturation,6.232282e+09,0.6377093,-5.8145485e+10,-2.2088134,0.0,0.09897638,721.5,151.07887
592,resource_maturation,5.8756946e+09,0.6469572,-5.1682107e+10,-2.233391,0.0,0.09976815,734.0,148.5391
593,resource_maturation,8.3586396e+09,0.6475425,-1.0459069e+11,-2.3312478,0.0,0.1626322,717.5,139.80205
594,resource_maturation,7.140697e+09,0.66957444,-7.633136e+10,-2.4934227,0.0,0.09930396,744.5,121.2046
595,resource_maturation,6.168644e+09,0.65309983,-5.69641e+10,-2.2807407,0.0,0.098055124,681.5,125.32668
596,resource_maturation,0.054568116,0.60918736,0.91595584,-2.0077393,6.0,6.0002103,3081.0,307.34375
597,resource_maturation,0.024889087,0.6037983,0.98462546,-1.9294319,8.0,8.0004425,2705.5,355.23224
598,resource_maturation,0.0014762954,0.5039451,0.9999756,-0.8049141,63.0,63.005054,4232.5,621.9343
599,resource_maturation,0.021015784,0.64434206,0.9834575,-1.4514666,8.0,7.99999,1669.5,163.59326
600,resource_maturation,0.018430194,0.6392601,0.9690783,-1.7095299,10.0,10.000001,1588.0,132.55173
601,resource_maturation,0.017269084,0.64373136,0.9692888,-1.7198801,3.0,2.999999,1381.0,135.42093
602,resource_maturation,0.009561005,0.66332704,0.9974645,-1.9066346,15.0,15.041254,3797.0,236.6174
603,resource_maturation,4.175724e+09,0.6456604,-2.6102696e+10,-1.5067766,0.0,0.03751292,203.5,6.2194247
604,resource_maturation,0.022681326,0.5966101,0.98597354,-1.0795174,7.0,7.000001,851.5,86.28048
605,resource_maturation,0.019812373,0.64664173,0.97382236,-1.8187032,5.0,5.0,1864.5,133.26363
606,resource_maturation,0.045663558,0.5216538,0.93809336,-0.70261884,5.0,4.9999995,491.5,131.3523
607,resource_maturation,0.028729646,0.6900268,0.9363047,-2.060238,3.0,2.9999933,830.5,35.625423
608,resource_maturation,0.0035366984,0.55479497,0.9998097,-0.91435564,36.0,36.000168,1831.5,417.53607
609,resource_maturation,0.034463402,0.6093955,0.9105877,-1.8392198,3.0,2.9999998,816.5,195.06483
610,resource_maturation,0.03399755,0.6116638,0.96662223,-1.4770665,5.0,4.999998,1006.0,133.40086
611,resource_maturation,0.029484536,0.70282906,0.92573535,-2.266118,4.0,3.9999943,2688.5,174.16815
612,resource_maturation,6.7064233e+09,0.6290887,-6.732924e+10,-1.7729671,0.0,0.093153924,536.0,58.81358
613,resource_maturation,0.021041669,0.4678157,0.9929887,-0.41541898,8.0,8.000001,817.5,255.95403
614,resource_maturation,0.041113976,0.65145296,0.9105359,-1.8026063,3.0,2.999999,1299.0,190.09018
615,resource_maturation,0.023848986,0.62542266,0.93714076,-2.0236356,2.0,1.9999998,759.0,165.2269
616,resource_maturation,0.044286,0.6078624,0.95988584,-1.3067513,3.0,3.0002787,1229.5,245.47993
617,resource_maturation,0.030495333,0.6619321,0.8943841,-1.6928506,7.0,6.999996,932.0,76.275505
618,resource_maturation,0.023129988,0.67216545,0.95653903,-1.8152046,5.0,4.9999943,541.0,51.267445
619,resource_maturation,0.027793838,0.6246543,0.9442546,-1.7688668,2.0,2.0000002,1582.0,142.10986
620,resource_maturation,6.4823296e+09,0.65959316,-6.2904836e+10,-1.795052,0.0,0.09261209,1385.5,109.08968
621,resource_maturation,0.030083312,0.6430064,0.92591774,-1.722157,3.0,2.9999995,1113.5,105.1427
622,resource_maturation,0.026165528,0.58306235,0.98124677,-1.2917066,6.0,5.999999,558.5,92.37433
623,resource_maturation,0.0050975406,0.6064822,0.9995282,-1.3059444,12.0,12.0,456.0,86.52313
624,resource_maturation,0.0057802717,0.63798153,0.99905336,-1.6356456,27.0,26.999992,603.0,90.64375
625,resource_maturation,0.011330523,0.6840419,0.9942914,-2.0060284,8.0,8.0,755.0,75.99686
626,resource_maturation,0.004275126,0.66037613,0.99949116,-1.7244802,23.0,23.000004,1351.5,175.04356
627,resource_maturation,0.019490805,0.6543839,0.9870297,-1.782624,4.0,4.0000005,82.5,6.3022327
628,resource_maturation,0.0036564134,3.0269496,0.99989945,-2751.4226,57.0,56.999985,0.0,1.7085762
629,resource_maturation,0.025527693,0.6466979,0.9343057,-1.955241,1.0,1.0446061,158.5,20.982992
630,resource_maturation,0.014237132,0.32057545,0.9976577,0.32831842,11.0,11.0008335,170.5,94.73911
631,resource_maturation,0.0047368463,0.5895955,0.99930125,-1.3211,18.0,18.0,608.5,113.77134
632,resource_maturation,0.0018094983,0.13885613,0.99997395,0.881753,191.0,191.00002,181.5,139.94745
633,resource_maturation,0.020533526,0.32366893,0.9890638,0.18571156,8.0,8.000042,552.0,324.5225
634,resource_maturation,0.006497177,0.4486148,0.9989244,-0.33734608,12.0,11.999993,591.0,215.85944
635,resource_maturation,0.015332024,0.5817096,0.9944952,-1.3008094,9.0,9.000001,1449.5,361.93585
636,resource_maturation,0.0066950093,0.5264066,0.9988679,-0.8261919,14.0,14.0,479.5,137.9786
637,resource_maturation,0.017015748,0.21807759,0.9955895,0.6834855,15.0,14.999992,548.5,369.4763
638,resource_maturation,0.006692963,0.57965267,0.9988,-1.1885517,16.0,15.999999,710.5,151.60771
639,resource_maturation,0.008855786,0.49661174,0.9976529,-0.81273353,9.0,9.000001,747.5,280.65536
640,resource_maturation,0.014078359,0.51210845,0.9961388,-0.7065451,13.0,13.000002,478.0,156.48048
641,resource_maturation,0.014708195,0.50348294,0.9956491,-0.615873,15.0,15.0,679.5,197.51932
642,resource_maturation,0.0097081065,0.3599407,0.9981093,0.030839086,24.0,24.00003,193.5,100.87795
643,resource_maturation,0.0012457841,0.47979975,0.999978,-0.5786003,49.0,49.00034,1452.5,385.23007
644,resource_maturation,0.011067681,0.67307806,0.9944142,-1.9144437,7.0,6.9999995,649.5,71.54917
645,resource_maturation,0.005310862,0.5594927,0.99921,-1.0507915,11.0,11.000001,390.0,99.34818
646,resource_maturation,0.008266166,0.5237611,0.99838245,-0.8250468,11.0,11.000001,321.0,95.35572
647,resource_maturation,0.0026534605,0.5415048,0.9998686,-0.85319614,29.0,29.000793,869.5,244.08774
648,resource_maturation,0.002970333,0.5213074,0.9998562,-0.72346723,33.0,33.000263,894.0,269.48068
649,resource_maturation,0.00120724,0.46199197,0.9999804,-0.3446015,45.0,45.000004,649.5,240.66898
650,resource_maturation,0.002091099,0.45550233,0.9999461,-0.26532114,54.0,54.000015,530.0,201.78519
651,resource_maturation,0.0011254597,0.3376356,0.99998707,0.3059277,85.0,85.00771,396.5,207.04889
652,resource_maturation,0.0021475542,0.15404867,0.99996275,0.8574906,149.0,149.00005,215.5,164.2898
653,resource_maturation,0.0017105832,0.17074262,0.99997723,0.82233083,157.0,157.00072,217.0,159.2189
654,resource_maturation,0.012831741,0.64337134,0.99640125,-1.6152315,12.0,11.999998,1385.5,226.77893
655,resource_maturation,0.0030299237,0.6219482,0.9998078,-1.4116299,15.0,15.0,903.0,167.10129
656,resource_maturation,0.00978815,0.5806631,0.9983518,-1.0833538,17.0,17.000004,951.0,226.4729
657,resource_maturation,0.013939036,0.45136368,0.99352056,-0.52333236,8.0,8.000001,781.0,332.01965
658,resource_maturation,0.012898717,0.52940494,0.9976196,-0.7947848,17.0,17.000004,1135.5,303.6547
659,resource_maturation,0.011224308,0.5761167,0.99715835,-1.16451,10.0,9.999996,1419.0,267.15552
660,resource_maturation,0.0059074983,0.5708855,0.99929947,-1.0862226,14.0,14.000001,1138.5,259.09692
661,resource_maturation,0.0086617535,0.5407421,0.99864197,-0.88603187,16.0,16.0,1025.0,256.98944
662,resource_maturation,0.011797661,0.54976964,0.9976888,-0.98984456,14.0,14.000006,704.5,164.84903
663,resource_maturation,0.016876368,0.48007485,0.9917332,-0.749791,6.0,6.000022,853.5,337.49277
664,resource_maturation,0.025613394,0.6499434,0.95741004,-2.0340052,4.0,3.9999995,776.0,152.80334
665,resource_maturation,0.013643071,0.4282686,0.9956845,-0.33488214,10.0,10.00007,665.0,300.1823
666,resource_maturation,0.011187444,0.52108014,0.992017,-1.0349612,7.0,7.0000005,626.5,214.87656
667,resource_maturation,0.015407961,0.29242045,0.99560946,0.38818938,6.0,6.000002,501.5,301.40256
668,resource_maturation,0.0038391007,0.035768893,0.999863,0.99137443,60.0,60.0,80.5,76.2719
669,resource_maturation,0.013460519,0.37835097,0.9969306,-0.04122019,8.0,8.000001,712.0,356.02777
670,resource_maturation,0.0045322333,0.48717707,0.9996683,-0.47525096,31.0,31.00014,816.5,282.63324
671,resource_maturation,0.008218856,0.5593003,0.9982643,-1.3574607,11.0,10.999995,1332.5,352.60812
672,resource_maturation,0.0048416476,0.64947164,0.9994006,-1.9978375,13.0,12.999999,1882.5,301.12906
673,resource_maturation,0.004708261,0.6251942,0.9995378,-1.7771552,13.0,12.999997,1813.0,345.6168
674,resource_maturation,0.010635881,0.5687757,0.9975399,-1.2841628,15.0,14.99999,1769.5,454.22186
675,resource_maturation,0.0075553018,0.6491413,0.998542,-2.040306,16.0,15.999981,1537.0,258.11972
676,resource_maturation,0.009864724,0.6141425,0.9976939,-1.6671901,15.0,14.999989,1420.0,297.4598
677,resource_maturation,0.013028866,0.41841263,0.997006,-0.26978922,18.0,18.0,939.0,419.7239
678,resource_maturation,0.009476343,0.5344262,0.9978728,-1.0844624,18.0,17.999998,1043.0,315.90198
679,resource_maturation,0.00984329,0.56091917,0.99758244,-1.3232636,17.0,16.999994,952.5,258.96497
680,resource_maturation,0.008319038,0.49571085,0.99868023,-0.7739388,19.0,18.999998,935.5,329.5778
681,resource_maturation,0.0156070655,0.4563378,0.9958609,-0.5352142,19.0,19.000004,967.0,379.19183
682,resource_maturation,0.004869778,0.4160183,0.99977756,-0.14948332,38.0,38.0,4.5,0.82212603
683,resource_maturation,0.014320693,0.33069408,0.99506205,0.10135734,16.0,15.999991,439.5,245.84734
684,resource_maturation,0.011867709,0.30596584,0.99779207,0.3283543,19.0,19.0,486.0,273.22495
685,resource_maturation,0.0024285736,5.926509e+11,0.9999188,-5.2579896e+14,191.0,190.99998,0.0,0.7762694
686,resource_maturation,0.0115971295,0.23278011,0.9974114,0.5302534,15.0,14.999998,316.0,221.94176
687,resource_maturation,0.011393324,0.30923823,0.9967736,0.19098759,16.0,15.9999895,378.0,224.73189
688,resource_maturation,0.012447897,0.30231586,0.99679935,0.2264489,15.0,14.999995,389.0,231.28896
689,resource_maturation,0.014718431,0.36026776,0.99428827,-0.1718955,10.0,9.999997,331.5,173.09975
690,resource_maturation,0.009917258,0.26843154,0.997967,0.37167108,15.0,14.999996,333.5,215.73615
691,resource_maturation,0.012446566,0.24748768,0.9964375,0.46683806,13.0,12.999994,316.0,210.81584
692,resource_maturation,0.013195626,0.2282018,0.9968075,0.54689604,16.0,15.999996,322.0,223.86758
693,resource_maturation,0.017911755,0.33373865,0.98552215,0.052687168,11.0,10.999999,369.0,206.95183
694,resource_maturation,0.0110341,0.04394572,0.9980714,0.9825859,22.0,22.0,234.5,226.38182
