time,theta_0,theta_1,theta_2,theta_3,theta_4,theta_5,theta_6,theta_7
2.512562833726406097e-02,1.290541291236877441e+00,9.606770873069763184e-01,3.637166693806648254e-02,9.891427122056484222e-03,9.658719062805175781e+00,9.683860465884208679e-03,7.901853561401367188e+00,9.786367416381835938e-01
5.025125667452812195e-02,2.561608314514160156e+00,1.077253222465515137e+00,4.995694383978843689e-02,8.473319932818412781e-03,8.717221021652221680e-01,6.420678459107875824e-03,7.701550006866455078e+00,9.899185895919799805e-01
7.537688314914703369e-02,3.647828102111816406e+00,1.702191382646560669e-01,4.401996359229087830e-02,6.600167602300643921e-03,2.981066145002841949e-02,3.860526019707322121e-03,6.182960033416748047e+00,9.908611774444580078e-01
1.005025133490562439e-01,3.981718540191650391e+00,1.570215374231338501e-01,3.028397820889949799e-02,6.030588410794734955e-03,1.755232177674770355e-02,3.354698652401566505e-03,4.748816013336181641e+00,9.911522865295410156e-01
1.256281435489654541e-01,4.112313747406005859e+00,1.619169861078262329e-01,2.132695727050304413e-02,6.109372247010469437e-03,1.424343790858983994e-02,3.510479582473635674e-03,3.496772050857543945e+00,9.911938905715942383e-01
1.507537662982940674e-01,4.154920101165771484e+00,1.744922697544097900e-01,1.648545265197753906e-02,6.485524587333202362e-03,1.275649480521678925e-02,3.987648058682680130e-03,2.479965686798095703e+00,9.908725619316101074e-01
1.758794039487838745e-01,4.167297363281250000e+00,1.955616772174835205e-01,1.378997601568698883e-02,7.011250592768192291e-03,1.186319533735513687e-02,4.691375419497489929e-03,1.701976776123046875e+00,9.898289442062377930e-01
2.010050266981124878e-01,4.225142955780029297e+00,2.252455055713653564e-01,1.228841114789247513e-02,7.583395112305879593e-03,1.126698683947324753e-02,5.542309954762458801e-03,1.156627535820007324e+00,9.881377816200256348e-01
2.261306494474411011e-01,4.270546913146972656e+00,2.517406046390533447e-01,1.138971373438835144e-02,8.183308877050876617e-03,1.081161014735698700e-02,6.552765145897865295e-03,7.857288122177124023e-01,9.854388236999511719e-01
2.512562870979309082e-01,4.247893333435058594e+00,2.721310257911682129e-01,1.081138290464878082e-02,8.815855719149112701e-03,1.043386850506067276e-02,7.791467010974884033e-03,5.317263007164001465e-01,9.808109402656555176e-01
2.763819098472595215e-01,4.108343124389648438e+00,2.806691825389862061e-01,1.042892411351203918e-02,9.485134854912757874e-03,1.010856125503778458e-02,9.375676512718200684e-03,3.584220111370086670e-01,9.734751582145690918e-01
3.015075325965881348e-01,3.873498439788818359e+00,2.876065373420715332e-01,1.015967223793268204e-02,1.023219618946313858e-02,9.809085167944431305e-03,1.164310798048973083e-02,2.386507987976074219e-01,9.641298055648803711e-01
3.266331553459167480e-01,1.012140959501266479e-01,4.097441732883453369e-01,1.005326211452484131e-02,1.058253739029169083e-02,9.696891531348228455e-03,1.280083693563938141e-02,2.423852086067199707e-01,9.478218555450439453e-01
3.517588078975677490e-01,2.599810995161533356e-02,4.318652153015136719e-01,1.008115243166685104e-02,1.047292165458202362e-02,9.755959734320640564e-03,1.209267135709524155e-02,1.599183231592178345e-01,9.052161574363708496e-01
3.768844306468963623e-01,1.740996725857257843e-02,4.381656646728515625e-01,1.012860797345638275e-02,1.038344576954841614e-02,9.805311448872089386e-03,1.157994382083415985e-02,1.238515004515647888e-01,7.988984584808349609e-01
4.020100533962249756e-01,1.417856197804212570e-02,4.414340555667877197e-01,1.013523247092962265e-02,1.030577719211578369e-02,9.848514571785926819e-03,1.117756962776184082e-02,2.096427083015441895e-01,1.644915491342544556e-01
4.271356761455535889e-01,1.246667467057704926e-02,4.435187280178070068e-01,1.009889133274555206e-02,1.023828145116567612e-02,9.885651990771293640e-03,1.085979118943214417e-02,1.827035248279571533e-01,1.071331370621919632e-02
4.522612988948822021e-01,1.156641356647014618e-02,4.447505474090576172e-01,1.006653532385826111e-02,1.018297206610441208e-02,9.915303438901901245e-03,1.062156073749065399e-02,1.475066989660263062e-01,4.408688750118017197e-03
4.773869216442108154e-01,1.103815250098705292e-02,4.455284178256988525e-01,1.003851275891065598e-02,1.013617496937513351e-02,9.939549490809440613e-03,1.043581869453191757e-02,1.184081509709358215e-01,2.813510596752166748e-03
5.025125741958618164e-01,1.070991158485412598e-02,4.460359215736389160e-01,1.001493167132139206e-02,1.009681168943643570e-02,9.959100745618343353e-03,1.029104460030794144e-02,9.435811638832092285e-02,2.134848618879914284e-03
5.276381969451904297e-01,1.049753185361623764e-02,4.463754296302795410e-01,1.000242307782173157e-02,1.006443798542022705e-02,9.974489919841289520e-03,1.017991360276937485e-02,6.307414919137954712e-02,1.774042611941695213e-03
5.527638196945190430e-01,1.034514978528022766e-02,4.466253221035003662e-01,1.000811532139778137e-02,1.003554556518793106e-02,9.987553581595420837e-03,1.008723024278879166e-02,3.455011546611785889e-02,1.536594238132238388e-03
5.778894424438476562e-01,1.024606637656688690e-02,4.467906951904296875e-01,1.002036314457654953e-02,1.001369580626487732e-02,9.996954351663589478e-03,1.002122834324836731e-02,2.283185534179210663e-02,1.392655191011726856e-03
6.030150651931762695e-01,1.017158757895231247e-02,4.469167888164520264e-01,1.003416720777750015e-02,9.994056075811386108e-03,1.000503264367580414e-02,9.964967146515846252e-03,1.682140864431858063e-02,1.284004771150648594e-03
6.281406879425048828e-01,1.012293528765439987e-02,4.469998776912689209e-01,1.004510652273893356e-02,9.979683905839920044e-03,1.001068763434886932e-02,9.925653226673603058e-03,1.391538046300411224e-02,1.213882118463516235e-03
6.532663106918334961e-01,1.008176803588867188e-02,4.470709860324859619e-01,1.005618646740913391e-02,9.965637698769569397e-03,1.001598779112100601e-02,9.888748638331890106e-03,1.180476881563663483e-02,1.151709584519267082e-03
6.783919334411621094e-01,1.005576457828283310e-02,4.471160471439361572e-01,1.006386708468198776e-02,9.956104680895805359e-03,1.001945976167917252e-02,9.864513762295246124e-03,1.065668649971485138e-02,1.112300320528447628e-03
7.035176157951354980e-01,1.003527268767356873e-02,4.471518099308013916e-01,1.007055863738059998e-02,9.947985410690307617e-03,1.002232730388641357e-02,9.844364598393440247e-03,9.807752445340156555e-03,1.080227200873196125e-03
7.286432385444641113e-01,1.001866254955530167e-02,4.471808969974517822e-01,1.007642317563295364e-02,9.941113181412220001e-03,1.002469379454851151e-02,9.827536530792713165e-03,9.149104356765747070e-03,1.053332583978772163e-03
7.537688612937927246e-01,1.000696979463100433e-02,4.472013115882873535e-01,1.008079666644334793e-02,9.936236776411533356e-03,1.002635248005390167e-02,9.815561585128307343e-03,8.701016195118427277e-03,1.034060376696288586e-03
7.788944840431213379e-01,9.998189285397529602e-03,4.472168385982513428e-01,1.008429657667875290e-02,9.932637214660644531e-03,1.002757623791694641e-02,9.806565009057521820e-03,8.366405032575130463e-03,1.019209506921470165e-03
8.040201067924499512e-01,9.991430677473545074e-03,4.472287297248840332e-01,1.008712407201528549e-02,9.930065833032131195e-03,1.002846565097570419e-02,9.799805469810962677e-03,8.107026107609272003e-03,1.007556798867881298e-03
8.291457295417785645e-01,9.985916316509246826e-03,4.472385048866271973e-01,1.008952502161264420e-02,9.928261861205101013e-03,1.002914458513259888e-02,9.794568642973899841e-03,7.891592569649219513e-03,9.979146998375654221e-04
8.542713522911071777e-01,9.982087649405002594e-03,4.472451806068420410e-01,1.009128615260124207e-02,9.927319362759590149e-03,1.002954225987195969e-02,9.791210293769836426e-03,7.735505234450101852e-03,9.911059169098734856e-04
8.793969750404357910e-01,9.979046881198883057e-03,4.472506642341613770e-01,1.009273901581764221e-02,9.926912374794483185e-03,1.002978999167680740e-02,9.788913652300834656e-03,7.606718689203262329e-03,9.856097167357802391e-04
9.045225977897644043e-01,9.976763278245925903e-03,4.472545683383941650e-01,1.009387988597154617e-02,9.927040897309780121e-03,1.002989523112773895e-02,9.787607938051223755e-03,7.503413595259189606e-03,9.814933873713016510e-04
9.296482205390930176e-01,9.975088760256767273e-03,4.472575187683105469e-01,1.009476091712713242e-02,9.927580133080482483e-03,1.002988591790199280e-02,9.787089191377162933e-03,7.420679088681936264e-03,9.784308495000004768e-04
9.547738432884216309e-01,9.973890148103237152e-03,4.472596645355224609e-01,1.009540539234876633e-02,9.928436949849128723e-03,1.002978160977363586e-02,9.787252172827720642e-03,7.354562636464834213e-03,9.762353729456663132e-04
9.798995256423950195e-01,9.973034262657165527e-03,4.472611546516418457e-01,1.009587291628122330e-02,9.929700754582881927e-03,1.002958975732326508e-02,9.788088500499725342e-03,7.299562916159629822e-03,9.746743598952889442e-04
1.005025148391723633e+00,9.972610510885715485e-03,4.472618699073791504e-01,1.009614765644073486e-02,9.930809028446674347e-03,1.002938393503427505e-02,9.788965806365013123e-03,7.262591272592544556e-03,9.738200460560619831e-04
1.030150771141052246e+00,9.972225874662399292e-03,4.472625851631164551e-01,1.009633019566535950e-02,9.932813234627246857e-03,1.002901978790760040e-02,9.790977463126182556e-03,7.222678046673536301e-03,9.732871549203991890e-04
1.055276393890380859e+00,9.972259402275085449e-03,4.472625255584716797e-01,1.009633019566535950e-02,9.934129193425178528e-03,1.002873852849006653e-02,9.792443364858627319e-03,7.203523535281419754e-03,9.732291218824684620e-04
1.080402016639709473e+00,9.972301311790943146e-03,4.472623765468597412e-01,1.009630598127841949e-02,9.935626760125160217e-03,1.002843212336301804e-02,9.794176556169986725e-03,7.184163201600313187e-03,9.732759790495038033e-04
1.105527639389038086e+00,9.972496889531612396e-03,4.472620189189910889e-01,1.009607966989278793e-02,9.938161820173263550e-03,1.002791989594697952e-02,9.797333739697933197e-03,7.166577037423849106e-03,9.738154476508498192e-04
1.130653262138366699e+00,9.972800500690937042e-03,4.472614228725433350e-01,1.009585894644260406e-02,9.939615614712238312e-03,1.002759020775556564e-02,9.799277409911155701e-03,7.159598637372255325e-03,9.742603870108723640e-04
1.155778884887695312e+00,9.973105043172836304e-03,4.472609162330627441e-01,1.009562239050865173e-02,9.941080585122108459e-03,1.002725586295127869e-02,9.801235049962997437e-03,7.153319660574197769e-03,9.747510775923728943e-04
1.180904507637023926e+00,9.973628446459770203e-03,4.472599923610687256e-01,1.009509712457656860e-02,9.943844750523567200e-03,1.002664864063262939e-02,9.805153124034404755e-03,7.150356192141771317e-03,9.758881642483174801e-04
1.206030130386352539e+00,9.974085725843906403e-03,4.472591578960418701e-01,1.009467337280511856e-02,9.945518337190151215e-03,1.002623792737722397e-02,9.807677939534187317e-03,7.151331752538681030e-03,9.766456205397844315e-04
1.231155753135681152e+00,9.974513202905654907e-03,4.472583830356597900e-01,1.009428407996892929e-02,9.947021491825580597e-03,1.002587471157312393e-02,9.809937328100204468e-03,7.152197882533073425e-03,9.773517958819866180e-04
1.256281375885009766e+00,9.975088760256767273e-03,4.472574293613433838e-01,1.009367778897285461e-02,9.949014522135257721e-03,1.002537272870540619e-02,9.813183918595314026e-03,7.158151827752590179e-03,9.783618152141571045e-04
1.281406998634338379e+00,9.975540451705455780e-03,4.472565650939941406e-01,1.009323075413703918e-02,9.950471110641956329e-03,1.002500019967556000e-02,9.815514087677001953e-03,7.162094581872224808e-03,9.791243355721235275e-04
1.306532621383666992e+00,9.976183064281940460e-03,4.472554624080657959e-01,1.009248942136764526e-02,9.952568449079990387e-03,1.002445444464683533e-02,9.819133207201957703e-03,7.172347977757453918e-03,9.802263230085372925e-04
1.331658244132995605e+00,9.976601228117942810e-03,4.472547471523284912e-01,1.009205542504787445e-02,9.953731670975685120e-03,1.002412475645542145e-02,9.821146726608276367e-03,7.177493069320917130e-03,9.808655595406889915e-04
1.356783866882324219e+00,9.977291338145732880e-03,4.472534358501434326e-01,1.009118463844060898e-02,9.955871850252151489e-03,1.002353709191083908e-02,9.825104847550392151e-03,7.191755808889865875e-03,9.820552077144384384e-04
1.381909489631652832e+00,9.977652691304683685e-03,4.472528100013732910e-01,1.009077578783035278e-02,9.956803172826766968e-03,1.002326421439647675e-02,9.826795198023319244e-03,7.197289261966943741e-03,9.825878078117966652e-04
1.407035231590270996e+00,9.978376328945159912e-03,4.472516477108001709e-01,1.008979883044958115e-02,9.958921000361442566e-03,1.002264767885208130e-02,9.831014089286327362e-03,7.215339690446853638e-03,9.837747784331440926e-04
1.432160854339599609e+00,9.978690184652805328e-03,4.472510516643524170e-01,1.008944772183895111e-02,9.959608316421508789e-03,1.002242323011159897e-02,9.832358919084072113e-03,7.220357656478881836e-03,9.841835126280784607e-04
1.457286477088928223e+00,1.028759591281414032e-02,4.467166066169738770e-01,3.225136548280715942e-02,1.045914273709058762e-02,1.072120293974876404e-02,6.600882392376661301e-03,5.634689005091786385e-04,9.773449301719665527e-01
1.482412099838256836e+00,1.043733116239309311e-02,4.464333951473236084e-01,1.992479339241981506e-02,1.208393275737762451e-02,1.095024868845939636e-02,5.939511116594076157e-03,8.820926304906606674e-04,9.789083600044250488e-01
1.507537722587585449e+00,1.015632040798664093e-02,4.469147622585296631e-01,1.231682673096656799e-02,1.053372863680124283e-02,1.066166814416646957e-02,6.595234852284193039e-03,3.560501383617520332e-03,4.807177186012268066e-01
1.532663345336914062e+00,1.000881660729646683e-02,4.471960067749023438e-01,1.107760984450578690e-02,9.920841082930564880e-03,1.041858643293380737e-02,7.374684326350688934e-03,6.253974512219429016e-03,1.934955595061182976e-03
1.557788968086242676e+00,9.964530356228351593e-03,4.472856223583221436e-01,1.067196391522884369e-02,9.698607027530670166e-03,1.026817876845598221e-02,8.038751780986785889e-03,6.315793842077255249e-03,1.165960798971354961e-03
1.582914590835571289e+00,9.953712113201618195e-03,4.473084509372711182e-01,1.046803034842014313e-02,9.623802267014980316e-03,1.017714664340019226e-02,8.553536608815193176e-03,6.134588271379470825e-03,9.869261411949992180e-04
1.608040213584899902e+00,9.954153560101985931e-03,4.473078250885009766e-01,1.034266967326402664e-02,9.612698107957839966e-03,1.012183539569377899e-02,8.926960639655590057e-03,6.196353118866682053e-03,9.274222538806498051e-04
1.633165836334228516e+00,9.957970120012760162e-03,4.473002552986145020e-01,1.025932468473911285e-02,9.627698920667171478e-03,1.008773501962423325e-02,9.186963550746440887e-03,6.422562059015035629e-03,9.080970776267349720e-04
1.658291459083557129e+00,9.962572716176509857e-03,4.472906589508056641e-01,1.019923202693462372e-02,9.653313085436820984e-03,1.006506662815809250e-02,9.375345893204212189e-03,6.740081589668989182e-03,9.046258055604994297e-04
1.683417081832885742e+00,9.966910816729068756e-03,4.472817480564117432e-01,1.015739049762487411e-02,9.681220166385173798e-03,1.005032379180192947e-02,9.505284018814563751e-03,7.078140508383512497e-03,9.081915486603975296e-04
1.708542704582214355e+00,9.970708750188350677e-03,4.472737908363342285e-01,1.012746430933475494e-02,9.708096273243427277e-03,1.004027482122182846e-02,9.597579017281532288e-03,7.401850540190935135e-03,9.142328053712844849e-04
1.733668327331542969e+00,9.974147193133831024e-03,4.472667276859283447e-01,1.010454632341861725e-02,9.734431281685829163e-03,1.003279443830251694e-02,9.668404236435890198e-03,7.711695507168769836e-03,9.214655729010701180e-04
1.758793950080871582e+00,9.976910427212715149e-03,4.472610056400299072e-01,1.008873619139194489e-02,9.756973944604396820e-03,1.002769079059362411e-02,9.717684239149093628e-03,7.962237112224102020e-03,9.281039237976074219e-04
1.783919572830200195e+00,9.979246184229850769e-03,4.472561776638031006e-01,1.007679291069507599e-02,9.777149185538291931e-03,1.002382859587669373e-02,9.755634702742099762e-03,8.171502500772476196e-03,9.342139237560331821e-04
1.809045195579528809e+00,9.981469251215457916e-03,4.472515285015106201e-01,1.006674207746982574e-02,9.797417558729648590e-03,1.002051588147878647e-02,9.788583032786846161e-03,8.361044339835643768e-03,9.404139709658920765e-04
1.834170818328857422e+00,9.983172640204429626e-03,4.472480416297912598e-01,1.005981210619211197e-02,9.813801385462284088e-03,1.001817546784877777e-02,9.812122210860252380e-03,8.494635112583637238e-03,9.453604579903185368e-04
1.859296441078186035e+00,9.984634816646575928e-03,4.472450315952301025e-01,1.005439832806587219e-02,9.828453883528709412e-03,1.001627929508686066e-02,9.831272065639495850e-03,8.598453365266323090e-03,9.497137507423758507e-04
1.884422063827514648e+00,9.985901415348052979e-03,4.472423493862152100e-01,1.005006022751331329e-02,9.841688908636569977e-03,1.001470349729061127e-02,9.847274981439113617e-03,8.678863756358623505e-03,9.536031866446137428e-04
1.909547686576843262e+00,9.987068362534046173e-03,4.472400844097137451e-01,1.004636101424694061e-02,9.854330681264400482e-03,1.001330837607383728e-02,9.861531667411327362e-03,8.743309415876865387e-03,9.572414564900100231e-04
1.934673309326171875e+00,9.988073259592056274e-03,4.472379684448242188e-01,1.004339102655649185e-02,9.865539148449897766e-03,1.001214794814586639e-02,9.873455390334129333e-03,8.790593594312667847e-03,9.604327497072517872e-04
1.959799051284790039e+00,9.988972917199134827e-03,4.472360610961914062e-01,1.004088763147592545e-02,9.876049123704433441e-03,1.001111697405576706e-02,9.884024970233440399e-03,8.825335651636123657e-03,9.633898152969777584e-04
1.984924674034118652e+00,9.989711456000804901e-03,4.472345411777496338e-01,1.003894396126270294e-02,9.884916245937347412e-03,1.001029182225465775e-02,9.892564266920089722e-03,8.848258294165134430e-03,9.658285416662693024e-04
2.010050296783447266e+00,9.990378282964229584e-03,4.472332000732421875e-01,1.003728248178958893e-02,9.893012233078479767e-03,1.000955607742071152e-02,9.900090284645557404e-03,8.864715695381164551e-03,9.680477087385952473e-04
2.035175800323486328e+00,9.990978054702281952e-03,4.472320079803466797e-01,1.003587525337934494e-02,9.900378994643688202e-03,1.000891719013452530e-02,9.906754828989505768e-03,8.875886909663677216e-03,9.700702503323554993e-04
2.060301542282104492e+00,9.991507045924663544e-03,4.472309052944183350e-01,1.003464590758085251e-02,9.907113388180732727e-03,1.000834442675113678e-02,9.912689216434955597e-03,8.883588947355747223e-03,9.719106601551175117e-04
2.085427045822143555e+00,9.992026723921298981e-03,4.472298324108123779e-01,1.003351621329784393e-02,9.913682006299495697e-03,1.000780053436756134e-02,9.918334893882274628e-03,8.888423442840576172e-03,9.736928623169660568e-04
2.110552787780761719e+00,9.992427192628383636e-03,4.472290575504302979e-01,1.003266964107751846e-02,9.918835945427417755e-03,1.000738050788640976e-02,9.922686964273452759e-03,8.890508674085140228e-03,9.750923491083085537e-04
2.135678291320800781e+00,9.992898441851139069e-03,4.472281038761138916e-01,1.003171317279338837e-02,9.924967773258686066e-03,1.000689342617988586e-02,9.927745908498764038e-03,8.891314268112182617e-03,9.767839219421148300e-04
2.160804033279418945e+00,9.993141517043113708e-03,4.472275376319885254e-01,1.003122515976428986e-02,9.928214363753795624e-03,1.000664010643959045e-02,9.930388070642948151e-03,8.890525437891483307e-03,9.776608785614371300e-04
2.185929536819458008e+00,9.993565268814563751e-03,4.472267627716064453e-01,1.003041677176952362e-02,9.933783672749996185e-03,1.000621169805526733e-02,9.934844449162483215e-03,8.889385499060153961e-03,9.792135097086429596e-04
2.211055278778076172e+00,9.993861429393291473e-03,4.472261071205139160e-01,1.002989523112773895e-02,9.937587194144725800e-03,1.000592485070228577e-02,9.937833994626998901e-03,8.887079544365406036e-03,9.802539134398102760e-04
2.236181020736694336e+00,9.994046762585639954e-03,4.472256600856781006e-01,1.002953201532363892e-02,9.940151125192642212e-03,1.000572461634874344e-02,9.939867071807384491e-03,8.885397575795650482e-03,9.809680050238966942e-04
2.261306524276733398e+00,9.994437918066978455e-03,4.472250044345855713e-01,1.002888195216655731e-02,9.945158846676349640e-03,1.000536233186721802e-02,9.943717159330844879e-03,8.882055059075355530e-03,9.823961881920695305e-04
2.286432266235351562e+00,9.994599968194961548e-03,4.472245275974273682e-01,1.002858951687812805e-02,9.947410784661769867e-03,1.000519003719091415e-02,9.945442900061607361e-03,8.879772387444972992e-03,9.830334456637501717e-04
2.311557769775390625e+00,9.994780644774436951e-03,4.472242295742034912e-01,1.002827938646078110e-02,9.949839673936367035e-03,1.000501774251461029e-02,9.947297163307666779e-03,8.877748623490333557e-03,9.837283287197351456e-04
2.336683511734008789e+00,9.995128959417343140e-03,4.472235739231109619e-01,1.002774853259325027e-02,9.954391047358512878e-03,1.000468898564577103e-02,9.950684383511543274e-03,8.873270824551582336e-03,9.850839851424098015e-04
2.361809015274047852e+00,9.995162487030029297e-03,4.472234249114990234e-01,1.002769079059362411e-02,9.954875335097312927e-03,1.000465545803308487e-02,9.951059706509113312e-03,8.872090838849544525e-03,9.852164657786488533e-04
2.386934757232666016e+00,9.995371103286743164e-03,4.472230374813079834e-01,1.002737507224082947e-02,9.957600384950637817e-03,1.000445522367954254e-02,9.953076019883155823e-03,8.869235403835773468e-03,9.860350983217358589e-04
2.412060260772705078e+00,9.995553642511367798e-03,4.472226202487945557e-01,1.002711243927478790e-02,9.959989227354526520e-03,1.000429317355155945e-02,9.954842738807201385e-03,8.866394869983196259e-03,9.867561748251318932e-04
2.437186002731323242e+00,9.995604865252971649e-03,4.472226202487945557e-01,1.002703141421079636e-02,9.960672818124294281e-03,1.000424101948738098e-02,9.955350309610366821e-03,8.865324780344963074e-03,9.869628120213747025e-04
2.462311506271362305e+00,9.995876811444759369e-03,4.472219944000244141e-01,1.002666819840669632e-02,9.964216500520706177e-03,1.000399794429540634e-02,9.957927279174327850e-03,8.861376903951168060e-03,9.880773723125457764e-04
2.487437248229980469e+00,9.995876811444759369e-03,4.472219944000244141e-01,1.002664864063262939e-02,9.964230470359325409e-03,1.000399794429540634e-02,9.957936592400074005e-03,8.860849775373935699e-03,9.880670113489031792e-04
2.512562751770019531e+00,9.996091946959495544e-03,4.472215175628662109e-01,1.002637576311826706e-02,9.966991841793060303e-03,1.000379770994186401e-02,9.959954768419265747e-03,8.857956156134605408e-03,9.889655048027634621e-04
2.537688493728637695e+00,9.996148757636547089e-03,4.472214281558990479e-01,1.002629473805427551e-02,9.967757388949394226e-03,1.000375021249055862e-02,9.960510767996311188e-03,8.856742642819881439e-03,9.892159141600131989e-04
2.562813997268676758e+00,9.996248409152030945e-03,4.472212493419647217e-01,1.002616994082927704e-02,9.968969039618968964e-03,1.000365894287824631e-02,9.961385279893875122e-03,8.855252526700496674e-03,9.896135888993740082e-04
2.587939739227294922e+00,9.996377862989902496e-03,4.472210109233856201e-01,1.002600789070129395e-02,9.970699436962604523e-03,1.000354439020156860e-02,9.962639771401882172e-03,8.853589184582233429e-03,9.902021847665309906e-04
2.613065242767333984e+00,9.996396489441394806e-03,4.472210109233856201e-01,1.002598833292722702e-02,9.970789775252342224e-03,1.000353507697582245e-02,9.962705895304679871e-03,8.853162638843059540e-03,9.902267483994364738e-04
2.638190984725952148e+00,9.996578097343444824e-03,4.472205638885498047e-01,1.002578344196081161e-02,9.973024949431419373e-03,1.000337768346071243e-02,9.964325465261936188e-03,8.851364254951477051e-03,9.910161606967449188e-04
2.663316488265991211e+00,9.996578097343444824e-03,4.472205638885498047e-01,1.002576854079961777e-02,9.973038919270038605e-03,1.000337768346071243e-02,9.964345023036003113e-03,8.851060643792152405e-03,9.910108055919408798e-04
2.688442230224609375e+00,1.885550379753112793e+00,1.725890934467315674e-01,1.479464676231145859e-02,4.058454185724258423e-03,2.448231168091297150e-02,2.116618677973747253e-03,5.437935702502727509e-03,3.510916430968791246e-04
2.713567733764648438e+00,2.291966676712036133e+00,1.820698380470275879e-01,1.160502247512340546e-02,4.854291211813688278e-03,1.614978350698947906e-02,2.869561780244112015e-03,1.126041356474161148e-02,3.622923104558140039e-04
2.738693475723266602e+00,2.596957683563232422e+00,2.009226828813552856e-01,1.019953377544879913e-02,5.849384702742099762e-03,1.328177656978368759e-02,3.857762087136507034e-03,5.614576488733291626e-02,4.175846115685999393e-04
2.763818979263305664e+00,2.837706089019775391e+00,2.268374711275100708e-01,9.681085124611854553e-03,6.873496342450380325e-03,1.184660382568836212e-02,5.071394145488739014e-03,4.946063160896301270e-01,4.914646851830184460e-04
2.788944721221923828e+00,3.069781780242919922e+00,2.524892985820770264e-01,9.479678235948085785e-03,7.860450074076652527e-03,1.097582094371318817e-02,6.526564713567495346e-03,3.889583945274353027e-01,5.800915532745420933e-04
2.814070463180541992e+00,3.203201770782470703e+00,2.699847519397735596e-01,9.362822398543357849e-03,8.805613033473491669e-03,1.037584524601697922e-02,8.292917162179946899e-03,2.870850861072540283e-01,6.816216628067195415e-04
2.839195966720581055e+00,3.227136850357055664e+00,2.769170403480529785e-01,9.288069792091846466e-03,9.734543040394783020e-03,9.917511604726314545e-03,1.057052612304687500e-02,2.086000740528106689e-01,7.899581105448305607e-04
2.864321708679199219e+00,2.571490705013275146e-01,3.792409598827362061e-01,9.251659736037254333e-03,1.052523870021104813e-02,9.608880616724491119e-03,1.302958745509386063e-02,3.430641293525695801e-01,8.946068701334297657e-04
2.889447212219238281e+00,2.484096214175224304e-02,4.290726780891418457e-01,9.346353821456432343e-03,1.048821955919265747e-02,9.677647612988948822e-03,1.227986440062522888e-02,2.460552453994750977e-01,9.436194086447358131e-04
2.914572954177856445e+00,1.543924026191234589e-02,4.384913444519042969e-01,9.436804801225662231e-03,1.044194214046001434e-02,9.743584319949150085e-03,1.168438047170639038e-02,1.405017673969268799e-01,9.793764911592006683e-04
2.939698457717895508e+00,1.267855893820524216e-02,4.424259662628173828e-01,9.548617526888847351e-03,1.039846520870923996e-02,9.799707680940628052e-03,1.124402787536382675e-02,4.479653388261795044e-02,1.000093063339591026e-03
2.964824199676513672e+00,1.148217171430587769e-02,4.444178640842437744e-01,9.656540118157863617e-03,1.035812217742204666e-02,9.847242385149002075e-03,1.090892404317855835e-02,2.313499711453914642e-02,1.011740532703697681e-03
2.989949703216552734e+00,1.088254898786544800e-02,4.454998672008514404e-01,9.746976196765899658e-03,1.032187882810831070e-02,9.885986335575580597e-03,1.065693050622940063e-02,1.596377231180667877e-02,1.017724862322211266e-03
3.015075445175170898e+00,1.054651942104101181e-02,4.461340606212615967e-01,9.822204709053039551e-03,1.028869487345218658e-02,9.917927905917167664e-03,1.046154741197824478e-02,1.259918790310621262e-02,1.020286115817725658e-03
3.040200948715209961e+00,1.034950278699398041e-02,4.465160071849822998e-01,9.882304817438125610e-03,1.025918778032064438e-02,9.943289682269096375e-03,1.031328924000263214e-02,1.077028177678585052e-02,1.020664698444306850e-03
3.065326690673828125e+00,1.022769324481487274e-02,4.467561244964599609e-01,9.929961524903774261e-03,1.023300550878047943e-02,9.963313117623329163e-03,1.020010188221931458e-02,9.663670323789119720e-03,1.019840594381093979e-03
3.090452194213867188e+00,1.014832779765129089e-02,4.469142556190490723e-01,9.968037717044353485e-03,1.020940579473972321e-02,9.979227557778358459e-03,1.011222042143344879e-02,8.942618034780025482e-03,1.018405542708933353e-03
3.115577936172485352e+00,1.009623892605304718e-02,4.470186829566955566e-01,9.997359476983547211e-03,1.018893159925937653e-02,9.991440922021865845e-03,1.004600711166858673e-02,8.468065410852432251e-03,1.016763038933277130e-03
3.140703439712524414e+00,1.005885284394025803e-02,4.470942616462707520e-01,1.002146769315004349e-02,1.016958430409431458e-02,1.000142656266689301e-02,9.992402978241443634e-03,8.125555701553821564e-03,1.015022979117929935e-03
3.165829181671142578e+00,1.002054568380117416e-02,4.471718966960906982e-01,1.024531014263629913e-02,1.008882746100425720e-02,1.003841683268547058e-02,9.798781946301460266e-03,5.898746196180582047e-03,1.063744188286364079e-03
3.190954685211181641e+00,1.033670362085103989e-02,4.465394616127014160e-01,1.605260744690895081e-02,1.061883196234703064e-02,1.065764296799898148e-02,7.499117869883775711e-03,1.239660545252263546e-03,1.147943958640098572e-01
3.216080427169799805e+00,9.993956424295902252e-03,4.472262561321258545e-01,1.148813404142856598e-02,1.045415736734867096e-02,1.054913550615310669e-02,7.771652657538652420e-03,3.457775106653571129e-03,2.120591932907700539e-03
3.241205930709838867e+00,9.873813018202781677e-03,4.474822580814361572e-01,1.059081684798002243e-02,1.011488772928714752e-02,1.035840436816215515e-02,8.365395478904247284e-03,5.947394762188196182e-03,1.207385910674929619e-03
3.266331672668457031e+00,9.877668693661689758e-03,4.474758207798004150e-01,1.036225352436304092e-02,9.984015487134456635e-03,1.022550370544195175e-02,8.871088735759258270e-03,6.546369288116693497e-03,1.034142216667532921e-03
3.291457176208496094e+00,9.898123331367969513e-03,4.474323391914367676e-01,1.026545651257038116e-02,9.937293827533721924e-03,1.014761719852685928e-02,9.214238263666629791e-03,6.710451096296310425e-03,9.836589451879262924e-04
3.316582918167114258e+00,9.916150011122226715e-03,4.473937451839447021e-01,1.020620297640562057e-02,9.923713281750679016e-03,1.010073162615299225e-02,9.441761299967765808e-03,6.895067170262336731e-03,9.688280406408011913e-04
3.341708660125732422e+00,9.928957559168338776e-03,4.473660588264465332e-01,1.016794051975011826e-02,9.924120269715785980e-03,1.007399242371320724e-02,9.579560719430446625e-03,7.100143469870090485e-03,9.671512525528669357e-04
3.366834163665771484e+00,9.938502684235572815e-03,4.473455548286437988e-01,1.014074776321649551e-02,9.929459542036056519e-03,1.005721278488636017e-02,9.669330902397632599e-03,7.305729668587446213e-03,9.697455679997801781e-04
3.391959905624389648e+00,9.945642203092575073e-03,4.473302364349365234e-01,1.012168452143669128e-02,9.936213493347167969e-03,1.004666741937398911e-02,9.727164171636104584e-03,7.489768322557210922e-03,9.735591593198478222e-04
3.417085409164428711e+00,9.950931183993816376e-03,4.473188519477844238e-01,1.010877825319766998e-02,9.942554868757724762e-03,1.004005502909421921e-02,9.763978421688079834e-03,7.637436967343091965e-03,9.771528420969843864e-04
3.442211151123046875e+00,9.955653920769691467e-03,4.473086297512054443e-01,1.009824220091104507e-02,9.949081577360630035e-03,1.003494206815958023e-02,9.792751632630825043e-03,7.775366771966218948e-03,9.807640453800559044e-04
3.467336654663085938e+00,9.959232993423938751e-03,4.473009109497070312e-01,1.009114179760217667e-02,9.954447858035564423e-03,1.003160793334245682e-02,9.811653755605220795e-03,7.877887226641178131e-03,9.835849050432443619e-04
3.492462396621704102e+00,9.962240234017372131e-03,4.472944736480712891e-01,1.008571032434701920e-02,9.959200397133827209e-03,1.002906728535890579e-02,9.826065041124820709e-03,7.961439900100231171e-03,9.859867859631776810e-04
3.517587900161743164e+00,9.964720346033573151e-03,4.472890794277191162e-01,1.008159946650266647e-02,9.963213466107845306e-03,1.002713199704885483e-02,9.837090969085693359e-03,8.027467876672744751e-03,9.879111312329769135e-04
3.542713642120361328e+00,9.966867975890636444e-03,4.472845196723937988e-01,1.007824018597602844e-02,9.966805577278137207e-03,1.002553477883338928e-02,9.846204891800880432e-03,8.082677610218524933e-03,9.895503753796219826e-04
3.567839145660400391e+00,9.968992322683334351e-03,4.472799003124237061e-01,1.007510162889957428e-02,9.970437735319137573e-03,1.002402417361736298e-02,9.854909032583236694e-03,8.135272189974784851e-03,9.911541128531098366e-04
3.592964887619018555e+00,9.970475919544696808e-03,4.472768008708953857e-01,1.007304619997739792e-02,9.972915053367614746e-03,1.002301089465618134e-02,9.860699065029621124e-03,8.169792592525482178e-03,9.921920718625187874e-04
3.618090391159057617e+00,9.971930645406246185e-03,4.472737014293670654e-01,1.007103826850652695e-02,9.975383989512920380e-03,1.002201251685619354e-02,9.866447187960147858e-03,8.203570730984210968e-03,9.931935928761959076e-04
3.643216133117675781e+00,9.973219595849514008e-03,4.472708702087402344e-01,1.006927061825990677e-02,9.977538138628005981e-03,1.002112869173288345e-02,9.871529415249824524e-03,8.233373984694480896e-03,9.940498275682330132e-04
3.668341636657714844e+00,9.974432177841663361e-03,4.472682476043701172e-01,1.006762031465768814e-02,9.979560971260070801e-03,1.002028677612543106e-02,9.876373223960399628e-03,8.261322975158691406e-03,9.948284132406115532e-04
3.693467378616333008e+00,9.975468739867210388e-03,4.472660720348358154e-01,1.006621401757001877e-02,9.981206618249416351e-03,1.001957524567842484e-02,9.880458004772663116e-03,8.285526186227798462e-03,9.954547276720404625e-04
3.718592882156372070e+00,9.976535104215145111e-03,4.472637772560119629e-01,1.006471086293458939e-02,9.982873685657978058e-03,1.001882459968328476e-02,9.884803555905818939e-03,8.311357349157333374e-03,9.960739407688379288e-04
3.743718624114990234e+00,9.977176785469055176e-03,4.472623765468597412e-01,1.006384287029504776e-02,9.983777999877929688e-03,1.001839060336351395e-02,9.887310676276683807e-03,8.326311595737934113e-03,9.964173659682273865e-04
3.768844127655029297e+00,9.977923706173896790e-03,4.472607672214508057e-01,1.006278209388256073e-02,9.984873235225677490e-03,1.001786999404430389e-02,9.890323504805564880e-03,8.344940841197967529e-03,9.968009544536471367e-04
3.793969869613647461e+00,9.978851303458213806e-03,4.472588598728179932e-01,1.006139535456895828e-02,9.986148215830326080e-03,1.001719105988740921e-02,9.894286282360553741e-03,8.370263502001762390e-03,9.972744155675172806e-04
3.819095373153686523e+00,9.979374706745147705e-03,4.472577273845672607e-01,1.006062794476747513e-02,9.986796416342258453e-03,1.001680456101894379e-02,9.896414354443550110e-03,8.384120650589466095e-03,9.975113207474350929e-04
3.844221115112304688e+00,9.979923255741596222e-03,4.472564756870269775e-01,1.005978789180517197e-02,9.987477213144302368e-03,1.001640781760215759e-02,9.898726828396320343e-03,8.399389684200286865e-03,9.977528825402259827e-04
3.869346618652343750e+00,9.980702772736549377e-03,4.472548663616180420e-01,1.005856506526470184e-02,9.988382458686828613e-03,1.001582574099302292e-02,9.902168065309524536e-03,8.423214778304100037e-03,9.980822214856743813e-04
3.894472360610961914e+00,9.981187991797924042e-03,4.472537934780120850e-01,1.005777902901172638e-02,9.988858364522457123e-03,1.001546252518892288e-02,9.904274716973304749e-03,8.438411168754100800e-03,9.982564952224493027e-04
3.919598102569580078e+00,9.981706738471984863e-03,4.472526013851165771e-01,1.005694922059774399e-02,9.989367797970771790e-03,1.001507509499788284e-02,9.906546212732791901e-03,8.454674854874610901e-03,9.984411299228668213e-04
3.944723606109619141e+00,9.981964714825153351e-03,4.472521245479583740e-01,1.005654130131006241e-02,9.989558719098567963e-03,1.001488417387008667e-02,9.907576255500316620e-03,8.462546393275260925e-03,9.985258802771568298e-04
3.969849348068237305e+00,9.982693009078502655e-03,4.472506642341613770e-01,1.005525141954421997e-02,9.990216232836246490e-03,1.001429744064807892e-02,9.911067783832550049e-03,8.489027619361877441e-03,9.987415978685021400e-04
3.994974851608276367e+00,9.982749819755554199e-03,4.472504556179046631e-01,1.005521789193153381e-02,9.990220889449119568e-03,1.001428253948688507e-02,9.911101311445236206e-03,8.489076048135757446e-03,9.987544035539031029e-04
4.020100593566894531e+00,9.983377531170845032e-03,4.472492337226867676e-01,1.005406677722930908e-02,9.990673512220382690e-03,1.001377217471599579e-02,9.914130903780460358e-03,8.513553068041801453e-03,9.989349637180566788e-04
4.045226097106933594e+00,2.161095619201660156e+00,1.762535721063613892e-01,1.812529377639293671e-02,4.283862188458442688e-03,3.568365797400474548e-02,2.284529386088252068e-03,4.110266920179128647e-03,4.241897549945861101e-04
4.070351600646972656e+00,2.606033086776733398e+00,1.881397068500518799e-01,1.283690612763166428e-02,5.084826145321130753e-03,1.875505410134792328e-02,3.096247557550668716e-03,6.346332840621471405e-03,4.426881205290555954e-04
4.095477581024169922e+00,2.893073558807373047e+00,2.135021239519119263e-01,1.062225550413131714e-02,6.210951600223779678e-03,1.383884157985448837e-02,4.300056956708431244e-03,1.366866193711757660e-02,5.163065507076680660e-04
4.120603084564208984e+00,3.125844001770019531e+00,2.415436506271362305e-01,9.817059151828289032e-03,7.335775066167116165e-03,1.184392627328634262e-02,5.778724327683448792e-03,3.404097631573677063e-02,6.077049765735864639e-04
4.145728588104248047e+00,3.218893051147460938e+00,2.629946172237396240e-01,9.470199234783649445e-03,8.418536745011806488e-03,1.074183546006679535e-02,7.605416234582662582e-03,8.655492961406707764e-02,7.105542463250458241e-04
4.170854091644287109e+00,3.131626844406127930e+00,2.746168971061706543e-01,9.299024008214473724e-03,9.477888233959674835e-03,1.001207157969474792e-02,9.989673271775245667e-03,1.337052285671234131e-01,8.187649655155837536e-04
4.195980072021484375e+00,3.662064671516418457e-01,3.667547702789306641e-01,9.205700829625129700e-03,1.037370320409536362e-02,9.562486782670021057e-03,1.262221299111843109e-02,3.219333589076995850e-01,9.191515273414552212e-04
4.221105575561523438e+00,2.517859265208244324e-02,4.278580844402313232e-01,9.325525723397731781e-03,1.036051381379365921e-02,9.651738218963146210e-03,1.191518176347017288e-02,1.183668300509452820e-01,9.603407233953475952e-04
4.246231079101562500e+00,1.541678793728351593e-02,4.380569458007812500e-01,9.476912207901477814e-03,1.033101137727499008e-02,9.733985178172588348e-03,1.136528048664331436e-02,3.702305629849433899e-02,9.854020318016409874e-04
4.271356582641601562e+00,1.262450031936168671e-02,4.422578513622283936e-01,9.613761678338050842e-03,1.029974501579999924e-02,9.804114699363708496e-03,1.095348596572875977e-02,2.062178589403629303e-02,1.001047319732606411e-03
4.296482563018798828e+00,1.147274672985076904e-02,4.442836940288543701e-01,9.721738286316394806e-03,1.027108356356620789e-02,9.858644567430019379e-03,1.066234614700078964e-02,1.497756689786911011e-02,1.009747618809342384e-03
4.321608066558837891e+00,1.086716167628765106e-02,4.454368650913238525e-01,9.812173433601856232e-03,1.024332456290721893e-02,9.904010221362113953e-03,1.043683290481567383e-02,1.212505064904689789e-02,1.014448236674070358e-03
4.346733570098876953e+00,1.053554192185401917e-02,4.460976719856262207e-01,9.881640784442424774e-03,1.021868921816349030e-02,9.938625618815422058e-03,1.027359627187252045e-02,1.057017315179109573e-02,1.016317168250679970e-03
4.371859073638916016e+00,1.033516228199005127e-02,4.465077519416809082e-01,9.936123155057430267e-03,1.019635796546936035e-02,9.965589269995689392e-03,1.015111058950424194e-02,9.610296227037906647e-03,1.016529859043657780e-03
4.396985054016113281e+00,1.021271664649248123e-02,4.467626512050628662e-01,9.976549074053764343e-03,1.017730776220560074e-02,9.985459037125110626e-03,1.006326172500848770e-02,9.013255126774311066e-03,1.015911111608147621e-03
4.422110557556152344e+00,1.012534368783235550e-02,4.469465911388397217e-01,1.001057308167219162e-02,1.015850901603698730e-02,1.000203751027584076e-02,9.991245344281196594e-03,8.576594293117523193e-03,1.014741370454430580e-03
4.447236061096191406e+00,1.007110625505447388e-02,4.470616877079010010e-01,1.003432553261518478e-02,1.014309842139482498e-02,1.001348067075014114e-02,9.942066855728626251e-03,8.304871618747711182e-03,1.013490371406078339e-03
4.472362041473388672e+00,1.003410108387470245e-02,4.471405148506164551e-01,1.005202997475862503e-02,1.012976747006177902e-02,1.002192124724388123e-02,9.906040504574775696e-03,8.120939135551452637e-03,1.012285356409847736e-03
4.497487545013427734e+00,1.000466011464595795e-02,4.472035467624664307e-01,1.006712578237056732e-02,1.011605467647314072e-02,1.002899650484323502e-02,9.875847026705741882e-03,7.979576475918292999e-03,1.011009910143911839e-03
4.522613048553466797e+00,9.987296536564826965e-03,4.472409188747406006e-01,1.007647160440683365e-02,1.010591071099042892e-02,1.003330666571855545e-02,9.857404045760631561e-03,7.901521399617195129e-03,1.010025502182543278e-03
4.547738552093505859e+00,9.973394684493541718e-03,4.472708702087402344e-01,1.008418109267950058e-02,1.009577140212059021e-02,1.003676094114780426e-02,9.842501021921634674e-03,7.845533080399036407e-03,1.009113737381994724e-03
4.572864532470703125e+00,9.963261894881725311e-03,4.472927153110504150e-01,1.008983328938484192e-02,1.008647494018077850e-02,1.003920659422874451e-02,9.831815958023071289e-03,7.812985219061374664e-03,1.008296967484056950e-03
4.597990036010742188e+00,9.956996887922286987e-03,4.473063051700592041e-01,1.009332109242677689e-02,1.007912866771221161e-02,1.004062872380018234e-02,9.825390763580799103e-03,7.800258696079254150e-03,1.007705344818532467e-03
4.623115539550781250e+00,9.952188469469547272e-03,4.473165571689605713e-01,1.009590644389390945e-02,1.007209997624158859e-02,1.004159543663263321e-02,9.820884093642234802e-03,7.797774393111467361e-03,1.007177284918725491e-03
4.648241043090820312e+00,9.948881343007087708e-03,4.473237991333007812e-01,1.009754277765750885e-02,1.006578188389539719e-02,1.004211790859699249e-02,9.818242862820625305e-03,7.804659660905599594e-03,1.006727921776473522e-03
4.673367023468017578e+00,9.946675971150398254e-03,4.473285377025604248e-01,1.009846758097410202e-02,1.006008125841617584e-02,1.004229951649904251e-02,9.817026555538177490e-03,7.818250916898250580e-03,1.006359350867569447e-03
4.698492527008056641e+00,9.945286437869071960e-03,4.473315775394439697e-01,1.009884849190711975e-02,1.005493011325597763e-02,1.004222780466079712e-02,9.816918522119522095e-03,7.836584933102130890e-03,1.006047008559107780e-03
4.723618030548095703e+00,9.944384917616844177e-03,4.473334848880767822e-01,1.009875256568193436e-02,1.004958059638738632e-02,1.004191208630800247e-02,9.817845188081264496e-03,7.862797006964683533e-03,1.005752943456172943e-03
4.748743534088134766e+00,9.944205172359943390e-03,4.473339021205902100e-01,1.009832415729761124e-02,1.004571001976728439e-02,1.004148088395595551e-02,9.819244965910911560e-03,7.886546663939952850e-03,1.005531870760023594e-03
4.773869514465332031e+00,9.944295510649681091e-03,4.473337829113006592e-01,1.009774953126907349e-02,1.004211325198411942e-02,1.004098821431398392e-02,9.820991195738315582e-03,7.911522872745990753e-03,1.005350728519260883e-03
4.798995018005371094e+00,9.944574907422065735e-03,4.473331570625305176e-01,1.009698025882244110e-02,1.003878563642501831e-02,1.004041824489831924e-02,9.823048487305641174e-03,7.937869057059288025e-03,1.005180994980037212e-03
4.824120521545410156e+00,9.945025667548179626e-03,4.473321437835693359e-01,1.009612251073122025e-02,1.003571320325136185e-02,1.003979612141847610e-02,9.825324639678001404e-03,7.964507676661014557e-03,1.005020458251237869e-03
4.849246025085449219e+00,9.945726953446865082e-03,4.473306238651275635e-01,1.009482331573963165e-02,1.003217697143554688e-02,1.003895327448844910e-02,9.828595444560050964e-03,7.999965921044349670e-03,1.004828256554901600e-03
4.874372005462646484e+00,9.946462698280811310e-03,4.473290145397186279e-01,1.009372062981128693e-02,1.002965588122606277e-02,1.003824919462203979e-02,9.831337258219718933e-03,8.027747273445129395e-03,1.004695077426731586e-03
4.899497509002685547e+00,9.947349317371845245e-03,4.473272264003753662e-01,1.009242143481969833e-02,1.002701185643672943e-02,1.003743056207895279e-02,9.834526106715202332e-03,8.059336803853511810e-03,1.004535588435828686e-03
4.924623012542724609e+00,9.948018006980419159e-03,4.473257660865783691e-01,1.009159907698631287e-02,1.002541091293096542e-02,1.003690436482429504e-02,9.836509823799133301e-03,8.079051040112972260e-03,1.004450838081538677e-03
4.949748516082763672e+00,9.949146769940853119e-03,4.473232924938201904e-01,1.008991431444883347e-02,1.002267189323902130e-02,1.003589481115341187e-02,9.840596467256546021e-03,8.117213845252990723e-03,1.004265970550477505e-03
4.974874496459960938e+00,9.949655272066593170e-03,4.473221898078918457e-01,1.008935645222663879e-02,1.002176385372877121e-02,1.003554556518793106e-02,9.841839782893657684e-03,8.129400201141834259e-03,1.004196004942059517e-03
5.000000000000000000e+00,9.950817562639713287e-03,4.473196566104888916e-01,1.008768752217292786e-02,1.001937873661518097e-02,1.003457326442003250e-02,9.845834225416183472e-03,8.165986277163028717e-03,1.004022662527859211e-03
