run,nrmse,Glc,G6P,F6P,FBP,GAP,DHAP,BPG13,PG3,PG2,PEP,Pyr,Lac,ATP,ADP,NAD,NADH,I_HK,I_PFK,I_GAPDH,I_PGK,I_ENO,I_PK
A5_unbounded_n1000,0.003521,0.001608,0.003977,0.001733,0.005100,0.004250,0.015133,0.008299,0.004465,0.002887,0.008672,0.002209,0.003903,0.002683,0.001510,0.002202,0.002883,0.000901,0.001018,0.001536,0.000723,0.000959,0.000817
A5_unbounded_n1000,0.003521,0.001608,0.003977,0.001733,0.005100,0.004250,0.015133,0.008299,0.004465,0.002887,0.008672,0.002209,0.003903,0.002683,0.001510,0.002202,0.002883,0.000901,0.001018,0.001536,0.000723,0.000959,0.000817
A7_l1reg_n1000,0.006156,0.001345,0.004914,0.002284,0.005673,0.007530,0.038449,0.010061,0.012549,0.008989,0.016902,0.004292,0.003032,0.002834,0.001627,0.003782,0.005293,0.001037,0.000969,0.000903,0.000799,0.001281,0.000885
A2_sample_theta_n1000,0.015079,0.004975,0.023564,0.009122,0.019052,0.030708,0.027713,0.021873,0.053353,0.027098,0.032427,0.013152,0.013894,0.004657,0.002859,0.014146,0.019406,0.001802,0.004285,0.002171,0.001119,0.003010,0.001359
A5_unbounded_n100,0.016212,0.003444,0.011912,0.009736,0.007180,0.015005,0.149616,0.026283,0.027130,0.011952,0.030341,0.016241,0.007448,0.004306,0.002744,0.007619,0.018491,0.000615,0.000572,0.000809,0.000558,0.003929,0.000723
A6_baseline_n100,0.020814,0.005911,0.021050,0.009993,0.027528,0.027559,0.065669,0.108792,0.018701,0.029922,0.030401,0.024132,0.017944,0.010147,0.006675,0.009632,0.027618,0.001000,0.003331,0.004467,0.001320,0.003631,0.002488
A7_l1reg_n100,0.027126,0.005136,0.030150,0.013007,0.023002,0.033855,0.118715,0.058759,0.033107,0.048436,0.105025,0.030258,0.016550,0.009244,0.006006,0.011401,0.032130,0.000712,0.003005,0.003318,0.001241,0.011197,0.002510
A2_sample_theta_n100,0.029666,0.008867,0.015942,0.013650,0.034911,0.031330,0.250047,0.056950,0.037089,0.032660,0.060920,0.024415,0.032272,0.005363,0.003217,0.009450,0.028034,0.001843,0.000970,0.001823,0.000477,0.001666,0.000764
A5_unbounded_n10,0.041261,0.014038,0.048676,0.028458,0.055291,0.048247,0.263629,0.106108,0.055748,0.040210,0.067137,0.062081,0.044461,0.007315,0.005241,0.007408,0.048780,0.000000,0.000542,0.000000,0.000000,0.000000,0.004383
A1_fixed_theta_n1000,0.042231,0.012474,0.122451,0.046061,0.077547,0.058800,0.184807,0.059557,0.061612,0.062743,0.097033,0.031937,0.027309,0.008078,0.004922,0.026541,0.037134,0.005873,0.000895,0.000962,0.000723,0.000807,0.000812
A6_baseline_n10,0.069134,0.022677,0.123584,0.037001,0.064842,0.128077,0.256596,0.255172,0.053190,0.085314,0.119119,0.089530,0.046148,0.022514,0.016129,0.022372,0.147324,0.000000,0.010737,0.000000,0.000000,0.000000,0.020622
A7_l1reg_n10,0.069363,0.019810,0.104480,0.047579,0.091870,0.143567,0.205458,0.098183,0.089464,0.138232,0.105743,0.067152,0.072765,0.026086,0.018688,0.032498,0.214006,0.000000,0.029283,0.000000,0.000000,0.000000,0.021117
A5_unbounded_n3,0.094719,0.036919,0.143300,0.113903,0.080398,0.216497,0.304330,0.046594,0.031903,0.068953,0.024818,0.088266,0.012460,0.063729,0.038415,0.020201,0.024689,0.288973,0.254172,0.012815,0.000000,0.000000,0.212492
A5_unbounded_first_last_n1000,0.107858,0.001725,0.183934,0.160579,0.174185,0.045256,0.741751,0.271077,0.167798,0.105359,0.023866,0.350651,0.030513,0.006931,0.004055,0.020493,0.026180,0.003997,0.004631,0.005165,0.038666,0.005011,0.001060
A2_sample_theta_n10,0.112326,0.022033,0.100137,0.055296,0.209878,0.173629,0.512740,0.343724,0.106071,0.129905,0.347097,0.089065,0.045942,0.012793,0.009165,0.038082,0.250786,0.000000,0.024271,0.000000,0.000000,0.000000,0.000566
A6_baseline_first_last_n100,0.184839,0.013014,0.663866,0.208791,0.185129,0.254406,0.407209,0.316116,0.110568,0.222492,0.307013,0.372998,0.307063,0.083828,0.051752,0.077558,0.199054,0.015615,0.003181,0.038787,0.063372,0.162756,0.001878
A6_baseline_first_last_n1000,0.215197,0.006231,0.527203,0.245267,0.332428,0.415717,0.272903,1.146606,0.113761,0.310492,0.145058,0.564350,0.272938,0.044164,0.025892,0.056233,0.074384,0.005853,0.021737,0.006191,0.088177,0.057178,0.001577
A7_l1reg_first_last_n100,0.221309,0.013583,0.556707,0.263589,0.203445,0.236054,0.437656,0.368714,0.089899,0.203141,0.781188,0.553631,0.421998,0.066082,0.041161,0.099941,0.252215,0.013735,0.033103,0.050001,0.045161,0.134647,0.003148
A9_neural_ode_correction_n10,0.230539,0.070897,0.199073,0.045470,0.311915,0.663800,0.811590,0.669802,0.287643,0.375304,0.490846,0.105230,0.120499,0.069558,0.113215,0.109435,0.445033,0.000000,0.080646,0.000000,0.000000,0.000000,0.101906
A7_l1reg_first_last_n1000,0.254408,0.009367,0.584297,0.319882,0.327546,0.390724,0.475961,0.764557,0.236361,0.176517,0.764866,0.610636,0.408142,0.059848,0.036810,0.103336,0.126955,0.003923,0.046439,0.018079,0.082032,0.049455,0.001252
A2_sample_theta_first_last_n10,0.270239,0.058768,0.684802,0.627027,0.615047,0.375246,0.387768,0.355819,0.430027,0.494641,0.145411,0.179821,0.345088,0.041369,0.029637,0.110905,0.730339,0.000000,0.320521,0.000000,0.000000,0.000000,0.013024
A6_baseline_first_last_n10,0.272740,0.033504,0.660677,0.355052,0.313624,0.193563,0.292856,0.629726,0.247673,0.141401,1.996874,0.235314,0.294457,0.072014,0.051590,0.025239,0.166200,0.000000,0.245314,0.000000,0.000000,0.000000,0.045209
A9_neural_ode_correction_n3,0.285049,0.134614,0.323469,0.349478,0.204674,0.565517,0.586970,0.555913,0.393959,0.384631,0.454893,0.245770,0.295800,0.227132,0.127012,0.216360,0.104299,0.537829,0.115984,0.098729,0.000000,0.000000,0.348040
A2_sample_theta_first_last_n100,0.294183,0.020144,0.848993,0.820077,0.282018,0.416198,0.781620,1.176368,0.186428,0.335172,0.219138,0.166379,0.408282,0.083362,0.052743,0.084506,0.213557,0.045401,0.059650,0.068749,0.071099,0.128371,0.003771
A5_unbounded_first_last_n100,0.295517,0.007147,0.414677,0.394225,0.205922,0.111020,1.286675,1.053733,0.776868,0.112264,0.365752,0.520593,0.424398,0.014981,0.009414,0.155788,0.382820,0.001795,0.061550,0.086979,0.093638,0.019534,0.001592
A1_fixed_theta_n100,0.299166,0.206366,0.637971,0.294391,0.294191,0.332164,0.280300,0.297364,0.422867,0.422087,0.459208,0.560745,0.432575,0.164812,0.105654,0.234080,0.418120,0.079736,0.173219,0.205954,0.108531,0.239074,0.212251
A2_sample_theta_n3,0.310412,0.235271,0.392252,0.322061,0.202533,0.158478,0.321263,0.260679,0.339629,0.332687,1.312282,0.203727,0.049461,0.494318,0.297974,0.059903,0.073210,0.873766,0.144809,0.045421,0.000000,0.000000,0.709337
A1_fixed_theta_n10,0.342678,0.210492,0.984239,0.342821,0.531995,0.560937,0.409918,0.444440,0.537010,0.564528,0.478857,0.568093,0.406879,0.212769,0.152426,0.079330,0.522404,0.000000,0.306248,0.000000,0.000000,0.000000,0.225539
A6_baseline_n3,0.375393,0.292020,0.506136,0.383275,0.333958,0.308425,0.373144,0.390085,0.252809,0.233089,2.446948,0.094873,0.123095,0.284141,0.171280,0.110108,0.134568,0.903416,0.145658,0.022181,0.000000,0.000000,0.749435
A7_l1reg_first_last_n10,0.387224,0.109022,0.801231,0.525503,0.665604,0.645435,0.697934,0.975333,0.618031,0.576643,0.492118,0.568531,0.406884,0.077571,0.055572,0.120230,0.791745,0.000000,0.334215,0.000000,0.000000,0.000000,0.057330
A1_fixed_theta_first_last_n10,0.388369,0.200067,1.763128,0.550410,0.615876,0.629056,0.488361,0.347504,0.507335,0.552716,0.449435,0.566904,0.406870,0.218254,0.156356,0.072139,0.475059,0.000000,0.319105,0.000000,0.000000,0.000000,0.225539
A1_fixed_theta_n3,0.397266,0.397040,0.605029,0.454233,0.264984,0.421584,0.359258,0.552681,0.557556,0.541191,0.451570,0.425391,0.360754,0.304113,0.183318,0.207649,0.253777,0.877717,0.143295,0.661243,0.000000,0.000000,0.717475
A1_fixed_theta_first_last_n100,0.412947,0.175868,2.123516,0.693595,0.508326,0.437938,0.497636,0.337859,0.473684,0.466765,0.441908,0.558809,0.434588,0.171406,0.109943,0.222673,0.449248,0.076692,0.204608,0.178831,0.093615,0.215046,0.212287
A5_unbounded_first_last_n10,0.423220,0.018329,0.814257,0.563483,0.406493,0.337567,3.070237,1.678196,0.617766,0.153166,0.213854,0.486462,0.360233,0.021747,0.015580,0.044924,0.295838,0.000000,0.196577,0.000000,0.000000,0.000000,0.016139
A1_fixed_theta_first_last_n3,0.433702,0.394196,1.064528,0.599822,0.434257,0.387976,0.398747,0.542032,0.555389,0.540064,0.446692,0.425309,0.360752,0.332959,0.200707,0.207532,0.253634,0.877717,0.143295,0.658353,0.000000,0.000000,0.717475
A9_neural_ode_correction_first_last_n3,0.435796,0.370269,0.518376,0.833730,0.386917,0.653361,0.471891,0.794578,0.434755,0.311350,1.345139,0.142804,0.360756,0.547899,0.307242,0.232149,0.187274,0.721342,0.322393,0.454477,0.000000,0.000000,0.190820
A5_unbounded_first_last_n3,0.564116,0.090759,0.515966,0.664129,0.234173,1.684049,2.521274,1.926391,0.085363,0.153296,1.794594,0.276462,0.215322,0.316235,0.190626,0.312544,0.381974,0.240954,0.238481,0.349276,0.000000,0.000000,0.218676
A7_l1reg_first_last_n3,0.634062,0.333060,0.733418,0.477896,0.556483,2.529043,0.688730,1.274855,2.037738,0.495376,0.446167,0.425447,0.360756,0.247750,0.149343,0.458214,0.560004,0.946122,0.149126,0.300135,0.000000,0.000000,0.779697
A6_baseline_first_last_n3,0.637761,0.276872,1.627684,0.490611,0.521075,0.303222,0.285536,2.754940,0.201610,0.486751,3.549656,0.415781,0.360517,0.155852,0.093947,0.204398,0.249804,0.898566,0.132213,0.268797,0.000000,0.000000,0.752916
A2_sample_theta_first_last_n3,0.809255,0.288333,0.986012,0.519450,0.558392,0.377997,0.447972,1.026637,0.465381,0.486825,8.558883,0.382228,0.305034,0.726504,0.437934,0.135558,0.165671,0.862205,0.142701,0.243850,0.000000,0.000000,0.686036
A7_l1reg_n3,0.811660,0.315082,0.558042,0.417146,0.392276,0.363506,0.350546,0.337285,0.367003,0.264583,11.064087,0.405271,0.353592,0.355787,0.214468,0.076375,0.093342,0.952535,0.150163,0.036388,0.000000,0.000000,0.789049
A9_neural_ode_correction_first_last_n10,1.768344,0.231327,1.954315,0.586459,0.674216,0.352543,0.585827,7.771376,6.306806,4.442156,8.340898,0.476279,0.406884,0.791522,0.282460,0.920840,3.868783,0.000000,0.769904,0.000000,0.000000,0.000000,0.140978
A4_neural_ode_mlp_n3,2.336842,0.210468,0.612996,0.193315,0.502433,0.543908,0.512245,0.999560,0.131280,0.328976,0.437279,0.216470,0.331900,0.374541,0.210895,0.106246,0.068650,0.522076,0.016726,0.170156,0.000000,44.685147,0.235267
A3_neural_ode_gru_n3,562.011700,0.200701,0.697038,0.518273,0.535220,0.481985,0.162100,0.557364,0.502236,0.540357,0.454535,0.407815,0.348453,0.173956,0.157702,0.181864,0.087212,0.582968,0.132963,0.126686,0.000000,12357.269109,0.138863
A3_neural_ode_gru_n10,663.086654,0.106169,0.632785,0.171161,0.879023,0.972391,0.836122,2.093738,0.437655,0.289396,0.318254,0.289154,0.296647,0.188816,0.153279,0.080283,0.534739,14579.362478,0.101127,0.000000,0.000000,0.000000,0.163174
A9_neural_ode_correction_n100,5141.497596,0.041683,0.132669,0.071299,0.154266,0.207479,0.247411,0.520315,0.184481,0.201285,0.518759,0.105558,0.108666,0.050988,0.034890,0.038121,0.141821,0.004760,47250.837832,17752.935908,0.007867,1251.647399,46854.753651
A4_neural_ode_mlp_n1000,7129.241079,0.024505,0.031797,0.025737,0.090313,0.114929,0.127580,0.248455,0.090781,0.138352,0.300099,0.066408,0.070898,0.016243,0.015710,0.063686,0.073493,24788.800700,15338.752529,24350.767155,24439.503622,32084.559375,35839.421361
A3_neural_ode_gru_n1000,7959.838957,0.019653,0.066223,0.030472,0.147854,0.167014,0.239278,1.384547,0.109014,0.163933,0.488562,0.067951,0.064913,0.023475,0.016797,0.053495,0.077282,12826.289504,34785.356469,42497.442564,28973.641898,13930.547563,42100.058583
A4_neural_ode_mlp_n100,11562.675481,0.042487,0.090179,0.047030,0.145687,0.308190,0.327761,0.445206,0.307073,0.255613,0.794835,0.130906,0.316429,0.027420,0.053068,0.051390,0.187318,793.963698,243881.379998,2410.769553,1959.451412,2912.665768,2417.099560
A3_neural_ode_gru_n100,17111.075375,0.075639,0.152068,0.088747,0.189474,0.242152,0.386324,1.347307,0.424365,0.204681,0.960006,0.152076,0.140019,0.031728,0.044699,0.054806,0.176932,139690.101625,119972.862189,76740.294068,29129.665564,9948.565530,957.498250
A4_neural_ode_mlp_n10,310633.390879,0.050187,0.522518,0.120656,0.542521,0.414054,1.460360,0.382257,0.238829,0.468822,0.324074,0.193546,0.349217,0.069510,0.180301,0.077958,0.400656,4615940.566600,0.213146,2201306.186614,0.000000,16681.701434,0.136075
A4_neural_ode_mlp_first_last_n100,1927991.040409,0.230884,1.005254,0.644133,1.164528,0.598178,0.652465,0.548795,1.303107,0.544803,1.683565,0.583045,0.382859,0.884942,0.795344,1.491529,1.079993,9820739.468652,3469400.374748,929709.758699,729.456374,28190637.417562,4572.819541
A4_neural_ode_mlp_first_last_n10,3032276.857872,0.170658,0.376054,0.390870,0.498691,0.829859,0.816711,0.618649,2.162355,0.592689,1.327111,0.563492,0.406884,0.930453,0.770729,0.628890,0.552248,0.000000,0.630267,852340.218805,0.000000,65857738.282850,0.104925
A9_neural_ode_correction_first_last_n100,5242192.935093,0.051076,3.189029,0.578738,0.550073,0.697176,1.794396,1.592680,0.540451,2.298308,1.022647,0.582339,0.435504,0.259280,0.191830,1.608810,6.059043,0.027099,57106523.595871,1971112.998626,56250586.413056,0.082225,0.003792
A3_neural_ode_gru_first_last_n3,6660210.940800,0.364976,0.432555,0.817744,0.604371,0.612778,1.306871,0.557389,0.558910,0.513236,0.710478,0.427898,0.331438,0.628978,0.287195,0.658085,0.242692,1.048565,0.929160,1.438879,2771059.300604,143753568.607183,0.317614
A4_neural_ode_mlp_first_last_n3,6979415.207466,0.242962,0.336844,1.093421,0.283719,0.612782,0.653591,1.292816,0.550054,0.541930,0.541373,0.213486,0.360586,0.760069,0.387357,0.634758,0.248228,1.101742,0.478731,0.856048,0.000000,153547123.109966,0.263782
A3_neural_ode_gru_first_last_n1000,9287506.047933,0.051297,0.975107,0.870758,0.595124,1.994640,7.753594,0.574611,0.575344,1.413667,45.217870,2.516988,0.429160,0.360641,0.365842,2.443239,0.667205,186335.753811,89912296.115050,63402456.234204,36741960.687886,14073687.214488,8330.243995
A3_neural_ode_gru_first_last_n100,12222182.886199,0.073184,0.963834,0.930607,0.548239,5.635545,5.164718,0.549605,0.472002,6.940253,2.158973,0.860326,1.039150,0.539697,0.406015,1.493906,0.829196,2636331.309780,83346643.957102,71089685.981923,28548283.856312,83260900.602720,6149.183296
A3_neural_ode_gru_first_last_n10,14013954.013545,0.039618,0.815700,0.866010,0.690294,5.103555,0.903089,0.685061,0.598776,4.399492,0.492953,0.547609,1.482035,0.640632,0.576702,1.116427,1.028350,445031.293933,0.807011,112062593.333047,21557477.464282,174241865.276706,0.136704
A4_neural_ode_mlp_first_last_n1000,104302873.504029,0.088116,14.002727,5.634184,51.311269,4.399872,131.761685,7.983808,0.607712,31.218206,472.157620,10.291544,9.231864,2.060000,1.918347,35.547603,52.768324,431697280.114503,434011842.410157,477126362.175368,388730958.264703,563095939.655876,3.485145
A6_baseline_n1000,11863643643705.376953,1610735.997502,1736223.852344,1049439.252263,6352682.571994,9353334.669536,19178368.963358,37523875.816457,8096615.648035,7926417.398880,47465074.527808,2621118.623289,2482932.345068,1020932.552841,1244535.252089,3485272.464797,3984538.667669,39000000929575.015625,41000000818630.234375,48000000735681.781250,48000000726777.726562,45000000811072.656250,40000001007682.296875
