time,theta_0,theta_1
5.008347034454345703e-01,5.000005245208740234e+00,5.000005245208740234e+00
1.001669406890869141e+00,5.000005245208740234e+00,5.000005245208740234e+00
1.502504229545593262e+00,5.000005245208740234e+00,5.000005245208740234e+00
2.003338813781738281e+00,5.000005245208740234e+00,5.000005245208740234e+00
2.504173517227172852e+00,5.000005245208740234e+00,5.000005245208740234e+00
3.005008459091186523e+00,5.000005245208740234e+00,5.000005245208740234e+00
3.505843162536621094e+00,5.000005245208740234e+00,5.000005245208740234e+00
4.006677627563476562e+00,5.000005245208740234e+00,5.000005245208740234e+00
4.507512569427490234e+00,5.000005245208740234e+00,5.000005245208740234e+00
5.008347034454345703e+00,5.000005245208740234e+00,5.000005245208740234e+00
5.509181976318359375e+00,5.000005245208740234e+00,5.000005245208740234e+00
6.010016918182373047e+00,5.000005245208740234e+00,5.000005245208740234e+00
6.510851383209228516e+00,5.000005245208740234e+00,5.000005245208740234e+00
7.011686325073242188e+00,5.000005245208740234e+00,5.000005245208740234e+00
7.512520790100097656e+00,5.000005245208740234e+00,5.000005245208740234e+00
8.013355255126953125e+00,5.000005245208740234e+00,5.000005245208740234e+00
8.514190673828125000e+00,5.000005245208740234e+00,5.000005245208740234e+00
9.015025138854980469e+00,5.000005245208740234e+00,5.000005245208740234e+00
9.515859603881835938e+00,8.476180076599121094e+00,6.832031011581420898e-01
1.001669406890869141e+01,8.401585578918457031e+00,8.012369275093078613e-01
1.051752948760986328e+01,8.625565528869628906e+00,4.409863352775573730e-01
1.101836395263671875e+01,8.727289199829101562e+00,3.119430840015411377e-01
1.151919841766357422e+01,8.772052764892578125e+00,2.637529373168945312e-01
1.202003383636474609e+01,8.795712471008300781e+00,2.404796481132507324e-01
1.252086830139160156e+01,8.809514999389648438e+00,2.276096194982528687e-01
1.302170276641845703e+01,8.817852973937988281e+00,2.200852930545806885e-01
1.352253723144531250e+01,8.822945594787597656e+00,2.155853360891342163e-01
1.402337265014648438e+01,8.826060295104980469e+00,2.128655463457107544e-01
1.452420711517333984e+01,8.827969551086425781e+00,2.112126201391220093e-01
1.502504158020019531e+01,8.829138755798339844e+00,2.102053910493850708e-01
1.552587604522705078e+01,8.829853057861328125e+00,2.095907777547836304e-01
1.602671051025390625e+01,8.830291748046875000e+00,2.092155069112777710e-01
1.652754592895507812e+01,8.830557823181152344e+00,2.089858204126358032e-01
1.702838134765625000e+01,8.830721855163574219e+00,2.088458091020584106e-01
1.752921485900878906e+01,2.764420509338378906e+00,7.280294895172119141e+00
1.803005027770996094e+01,3.992051839828491211e+00,6.284931182861328125e+00
1.853088569641113281e+01,4.575953960418701172e+00,5.624666690826416016e+00
1.903171920776367188e+01,5.038884162902832031e+00,5.019929885864257812e+00
1.953255462646484375e+01,5.611803054809570312e+00,4.585349082946777344e+00
2.003338813781738281e+01,6.142058849334716797e+00,4.129907608032226562e+00
2.053422355651855469e+01,6.599086284637451172e+00,3.652486562728881836e+00
2.103505897521972656e+01,6.982302665710449219e+00,3.178373336791992188e+00
2.153589248657226562e+01,7.298697471618652344e+00,2.728511571884155273e+00
2.203672790527343750e+01,7.558940887451171875e+00,2.316125631332397461e+00
2.253756332397460938e+01,7.774128913879394531e+00,1.947297453880310059e+00
2.303839683532714844e+01,7.954056262969970703e+00,1.623018026351928711e+00
2.353923225402832031e+01,8.106671333312988281e+00,1.341263413429260254e+00
2.404006767272949219e+01,8.238169670104980469e+00,1.098549246788024902e+00
2.454090118408203125e+01,8.353299140930175781e+00,8.909002542495727539e-01
2.504173660278320312e+01,8.455651283264160156e+00,7.144708633422851562e-01
2.554257011413574219e+01,8.546767234802246094e+00,5.677941441535949707e-01
2.604340553283691406e+01,8.624411582946777344e+00,4.537014663219451904e-01
2.654424095153808594e+01,8.686052322387695312e+00,3.719364702701568604e-01
2.704507446289062500e+01,8.732528686523437500e+00,3.159682452678680420e-01
2.754590988159179688e+01,8.766785621643066406e+00,2.779345214366912842e-01
2.804674530029296875e+01,8.791902542114257812e+00,2.517804503440856934e-01
2.854757881164550781e+01,8.810347557067871094e+00,2.334940284490585327e-01
2.904841423034667969e+01,8.823924064636230469e+00,2.205202579498291016e-01
2.954924964904785156e+01,8.833924293518066406e+00,2.112240195274353027e-01
3.005008316040039062e+01,8.841275215148925781e+00,2.045350819826126099e-01
3.055091857910156250e+01,8.846642494201660156e+00,1.997320055961608887e-01
3.105175209045410156e+01,8.850515365600585938e+00,1.963149309158325195e-01
3.155258750915527344e+01,8.853256225585937500e+00,1.939290314912796021e-01
3.205342102050781250e+01,8.855139732360839844e+00,1.923162788152694702e-01
3.255425643920898438e+01,8.856369972229003906e+00,1.912852376699447632e-01
3.305509185791015625e+01,8.857108116149902344e+00,1.906927525997161865e-01
3.355592727661132812e+01,8.857472419738769531e+00,1.904293745756149292e-01
3.405676269531250000e+01,8.857563972473144531e+00,1.904114186763763428e-01
3.455759429931640625e+01,1.598719239234924316e+00,8.017748832702636719e+00
3.505842971801757812e+01,2.304507732391357422e+00,7.593079566955566406e+00
3.555926513671875000e+01,2.952398300170898438e+00,7.156511306762695312e+00
3.606010055541992188e+01,3.518288612365722656e+00,6.717959880828857422e+00
3.656093597412109375e+01,4.060177803039550781e+00,6.216177463531494141e+00
3.706177139282226562e+01,4.564412117004394531e+00,5.639955043792724609e+00
3.756260299682617188e+01,5.024511814117431641e+00,5.026448249816894531e+00
3.806343841552734375e+01,5.632812976837158203e+00,4.569775581359863281e+00
3.856427383422851562e+01,6.197230815887451172e+00,4.077802658081054688e+00
3.906510925292968750e+01,6.679563999176025391e+00,3.560788154602050781e+00
3.956594467163085938e+01,7.079233646392822266e+00,3.050007581710815430e+00
4.006677627563476562e+01,7.406030178070068359e+00,2.568982601165771484e+00
4.056761169433593750e+01,7.673246383666992188e+00,2.131681442260742188e+00
4.106844711303710938e+01,7.893629550933837891e+00,1.744373559951782227e+00
4.156928253173828125e+01,8.077792167663574219e+00,1.408228754997253418e+00
4.207011795043945312e+01,1.922630548477172852e+00,7.829064369201660156e+00
4.257095336914062500e+01,2.763940095901489258e+00,7.294497966766357422e+00
4.307178497314453125e+01,3.561969995498657227e+00,6.682078361511230469e+00
4.357262039184570312e+01,4.213701725006103516e+00,6.054122447967529297e+00
4.407345581054687500e+01,4.781017303466796875e+00,5.348500251770019531e+00
4.457429122924804688e+01,5.414093971252441406e+00,4.734137058258056641e+00
4.507512664794921875e+01,6.100007534027099609e+00,4.170659065246582031e+00
4.557595825195312500e+01,6.676409721374511719e+00,3.565594196319580078e+00
4.607679367065429688e+01,7.137092590332031250e+00,2.972632169723510742e+00
4.657762908935546875e+01,7.497620582580566406e+00,2.430751323699951172e+00
4.707846450805664062e+01,7.779783725738525391e+00,1.958915710449218750e+00
4.757929992675781250e+01,8.003381729125976562e+00,1.561141848564147949e+00
4.808013534545898438e+01,8.183834075927734375e+00,1.233011484146118164e+00
4.858096694946289062e+01,8.332386016845703125e+00,9.663695693016052246e-01
4.908180236816406250e+01,8.457083702087402344e+00,7.520583868026733398e-01
4.958263778686523438e+01,8.563406944274902344e+00,5.817622542381286621e-01
5.008347320556640625e+01,8.652705192565917969e+00,4.518402516841888428e-01
5.058430862426757812e+01,4.794952392578125000e+00,5.328829288482666016e+00
5.108514022827148438e+01,5.736279487609863281e+00,4.487466812133789062e+00
5.158597564697265625e+01,6.436141967773437500e+00,3.835527896881103516e+00
5.208681106567382812e+01,6.955466270446777344e+00,3.223516464233398438e+00
5.258764648437500000e+01,7.352765083312988281e+00,2.667109727859497070e+00
5.308848190307617188e+01,7.660792350769042969e+00,2.179970741271972656e+00
5.358931732177734375e+01,7.903035163879394531e+00,1.766003847122192383e+00
5.409014892578125000e+01,8.096801757812500000e+00,1.421540975570678711e+00
5.459098434448242188e+01,8.254641532897949219e+00,1.138971924781799316e+00
5.509181976318359375e+01,8.385553359985351562e+00,9.093835949897766113e-01
5.559265518188476562e+01,8.496006011962890625e+00,7.240358591079711914e-01
5.609349060058593750e+01,8.590618133544921875e+00,5.751495957374572754e-01
5.659432220458984375e+01,8.671797752380371094e+00,4.575436115264892578e-01
5.709515762329101562e+01,8.739175796508789062e+00,3.691315650939941406e-01
5.759599304199218750e+01,8.792397499084472656e+00,3.062632977962493896e-01
5.809682846069335938e+01,8.833146095275878906e+00,2.626887857913970947e-01
5.859766387939453125e+01,8.864111900329589844e+00,2.323628365993499756e-01
5.909849929809570312e+01,8.887827873229980469e+00,2.108463495969772339e-01
5.959933090209960938e+01,8.906262397766113281e+00,1.952097713947296143e-01
6.010016632080078125e+01,8.920843124389648438e+00,1.835725903511047363e-01
6.060100173950195312e+01,8.932589530944824219e+00,1.747224032878875732e-01
6.110183715820312500e+01,8.942209243774414062e+00,1.678597778081893921e-01
6.160267257690429688e+01,8.950221061706542969e+00,1.624456346035003662e-01
6.210350418090820312e+01,8.956987380981445312e+00,1.581076681613922119e-01
6.260433959960937500e+01,8.962783813476562500e+00,1.545835435390472412e-01
6.310517501831054688e+01,8.967803955078125000e+00,1.516835838556289673e-01
6.360601043701171875e+01,8.972201347351074219e+00,1.492706686258316040e-01
6.410684204101562500e+01,8.976084709167480469e+00,1.472406387329101562e-01
6.460768127441406250e+01,9.017062187194824219e+00,1.360006928443908691e-01
6.510851287841796875e+01,9.009258270263671875e+00,1.385620832443237305e-01
6.560935211181640625e+01,9.008374214172363281e+00,1.361732482910156250e-01
6.611018371582031250e+01,9.009233474731445312e+00,1.348826289176940918e-01
6.661101531982421875e+01,9.010539054870605469e+00,1.339521110057830811e-01
6.711185455322265625e+01,9.011987686157226562e+00,1.331704705953598022e-01
6.761268615722656250e+01,9.013464927673339844e+00,1.324829459190368652e-01
6.811352539062500000e+01,9.014905929565429688e+00,1.318707615137100220e-01
6.861435699462890625e+01,9.016278266906738281e+00,1.313227713108062744e-01
6.911518859863281250e+01,9.017565727233886719e+00,1.308307647705078125e-01
6.961602783203125000e+01,9.018767356872558594e+00,1.303885430097579956e-01
7.011685943603515625e+01,9.019878387451171875e+00,1.299901306629180908e-01
7.061769866943359375e+01,9.101745605468750000e+00,1.084539517760276794e-01
7.111853027343750000e+01,9.079275131225585938e+00,1.129892840981483459e-01
7.161936187744140625e+01,9.071186065673828125e+00,1.141986623406410217e-01
7.212020111083984375e+01,9.068064689636230469e+00,1.146640181541442871e-01
7.262103271484375000e+01,9.066666603088378906e+00,1.148579940199851990e-01
7.312187194824218750e+01,9.066058158874511719e+00,1.149126663804054260e-01
7.362270355224609375e+01,9.065864562988281250e+00,1.148930639028549194e-01
7.412354278564453125e+01,9.065902709960937500e+00,1.148336306214332581e-01
7.462437438964843750e+01,9.066063880920410156e+00,1.147553324699401855e-01
7.512520599365234375e+01,9.066286087036132812e+00,1.146687194705009460e-01
7.562604522705078125e+01,9.066534042358398438e+00,1.145816892385482788e-01
7.612687683105468750e+01,9.066791534423828125e+00,1.144984439015388489e-01
7.662771606445312500e+01,9.067037582397460938e+00,1.144190803170204163e-01
7.712854766845703125e+01,9.067272186279296875e+00,1.143454909324645996e-01
7.762937927246093750e+01,9.067492485046386719e+00,1.142779737710952759e-01
7.813021850585937500e+01,9.067691802978515625e+00,1.142166331410408020e-01
7.863105010986328125e+01,9.067875862121582031e+00,1.141611933708190918e-01
7.913188934326171875e+01,9.068041801452636719e+00,1.141106262803077698e-01
7.963272094726562500e+01,9.068195343017578125e+00,1.140653043985366821e-01
8.013355255126953125e+01,9.068331718444824219e+00,1.140244454145431519e-01
8.063439178466796875e+01,9.068454742431640625e+00,1.139873042702674866e-01
8.113522338867187500e+01,9.068566322326660156e+00,1.139543205499649048e-01
8.163606262207031250e+01,9.068665504455566406e+00,1.139245182275772095e-01
8.213689422607421875e+01,9.068754196166992188e+00,1.138978898525238037e-01
8.263772583007812500e+01,9.068835258483886719e+00,1.138740554451942444e-01
8.313856506347656250e+01,9.068909645080566406e+00,1.138524115085601807e-01
8.363939666748046875e+01,9.068973541259765625e+00,1.138333752751350403e-01
8.414023590087890625e+01,9.069031715393066406e+00,1.138160377740859985e-01
8.464106750488281250e+01,9.129083633422851562e+00,9.736046195030212402e-02
8.514190673828125000e+01,9.116170883178710938e+00,1.013522222638130188e-01
8.564273834228515625e+01,9.105372428894042969e+00,1.033978834748268127e-01
8.614356994628906250e+01,9.101305961608886719e+00,1.042118594050407410e-01
8.664440917968750000e+01,9.099321365356445312e+00,1.046345382928848267e-01
8.714524078369140625e+01,9.098217010498046875e+00,1.048772558569908142e-01
8.764608001708984375e+01,9.097565650939941406e+00,1.050200015306472778e-01
8.814691162109375000e+01,7.506438732147216797e+00,2.471130609512329102e+00
8.864774322509765625e+01,8.050108909606933594e+00,1.608484268188476562e+00
8.914858245849609375e+01,8.239353179931640625e+00,1.282516598701477051e+00
8.964941406250000000e+01,8.375494956970214844e+00,1.050677061080932617e+00
9.015025329589843750e+01,8.485906600952148438e+00,8.672907352447509766e-01
9.065108489990234375e+01,8.579890251159667969e+00,7.166003584861755371e-01
9.115191650390625000e+01,8.661533355712890625e+00,5.915582180023193359e-01
9.165275573730468750e+01,8.813731193542480469e+00,4.073436260223388672e-01
9.215358734130859375e+01,8.848958969116210938e+00,3.527587950229644775e-01
9.265442657470703125e+01,8.893603324890136719e+00,2.963354587554931641e-01
9.315525817871093750e+01,8.935999870300292969e+00,2.486503124237060547e-01
9.365608978271484375e+01,8.972371101379394531e+00,2.116018086671829224e-01
9.415692901611328125e+01,9.002012252807617188e+00,1.839970499277114868e-01
9.465776062011718750e+01,9.025540351867675781e+00,1.637339442968368530e-01
9.515859985351562500e+01,9.044030189514160156e+00,1.488305032253265381e-01
9.565943145751953125e+01,9.058558464050292969e+00,1.377522498369216919e-01
9.616027069091796875e+01,9.070032119750976562e+00,1.294031888246536255e-01
9.666110229492187500e+01,9.079162597656250000e+00,1.230190172791481018e-01
9.716193389892578125e+01,9.086502075195312500e+00,1.180698573589324951e-01
9.766277313232421875e+01,9.092459678649902344e+00,1.141821369528770447e-01
9.816360473632812500e+01,9.097352027893066406e+00,1.110937446355819702e-01
9.866444396972656250e+01,9.101416587829589844e+00,1.086117774248123169e-01
9.916527557373046875e+01,9.104828834533691406e+00,1.065975427627563477e-01
9.966610717773437500e+01,9.107729911804199219e+00,1.049460992217063904e-01
1.001669464111328125e+02,9.110220909118652344e+00,1.035798713564872742e-01
1.006677780151367188e+02,9.112383842468261719e+00,1.024396792054176331e-01
1.011686172485351562e+02,9.114282608032226562e+00,1.014793589711189270e-01
1.016694488525390625e+02,9.115962982177734375e+00,1.006640270352363586e-01
1.021702804565429688e+02,9.117463111877441406e+00,9.996647387742996216e-02
1.026711196899414062e+02,9.118814468383789062e+00,9.936475008726119995e-02
1.031719512939453125e+02,9.120032310485839844e+00,9.884242713451385498e-02
1.036727905273437500e+02,9.121144294738769531e+00,9.838539361953735352e-02
1.041736221313476562e+02,9.122155189514160156e+00,9.798406064510345459e-02
1.046744537353515625e+02,9.123082160949707031e+00,9.762910753488540649e-02
1.051752929687500000e+02,9.123933792114257812e+00,9.731341153383255005e-02
1.056761245727539062e+02,9.124716758728027344e+00,9.703187644481658936e-02
1.061769638061523438e+02,9.125436782836914062e+00,9.677989780902862549e-02
1.066777954101562500e+02,9.126099586486816406e+00,9.655383229255676270e-02
1.071786346435546875e+02,9.126711845397949219e+00,9.634979814291000366e-02
1.076794662475585938e+02,9.127274513244628906e+00,9.616598486900329590e-02
1.081802978515625000e+02,9.127794265747070312e+00,9.599956125020980835e-02
1.086811370849609375e+02,9.128271102905273438e+00,9.584903717041015625e-02
1.091819686889648438e+02,9.128711700439453125e+00,9.571266919374465942e-02
1.096828079223632812e+02,9.129115104675292969e+00,9.558890759944915771e-02
1.101836395263671875e+02,9.129484176635742188e+00,9.547717124223709106e-02
1.106844711303710938e+02,9.129823684692382812e+00,9.537550806999206543e-02
1.111853103637695312e+02,9.130134582519531250e+00,9.528276324272155762e-02
1.116861419677734375e+02,9.130418777465820312e+00,9.519973397254943848e-02
1.121869812011718750e+02,9.130680084228515625e+00,9.512338042259216309e-02
1.126878128051757812e+02,9.130916595458984375e+00,9.505480527877807617e-02
1.131886444091796875e+02,9.131133079528808594e+00,9.499274194240570068e-02
1.136894836425781250e+02,9.131329536437988281e+00,9.493623673915863037e-02
1.141903152465820312e+02,9.131508827209472656e+00,9.488523006439208984e-02
1.146911544799804688e+02,9.131671905517578125e+00,9.483895450830459595e-02
1.151919860839843750e+02,9.131818771362304688e+00,9.479726850986480713e-02
1.156928176879882812e+02,9.131954193115234375e+00,9.475956857204437256e-02
1.161936569213867188e+02,9.132075309753417969e+00,9.472538530826568604e-02
1.166944885253906250e+02,9.132184982299804688e+00,9.469487518072128296e-02
1.171953277587890625e+02,9.132285118103027344e+00,9.466712176799774170e-02
1.176961593627929688e+02,9.132374763488769531e+00,9.464230388402938843e-02
1.181969985961914062e+02,9.132454872131347656e+00,9.461981803178787231e-02
1.186978302001953125e+02,9.132528305053710938e+00,9.459990262985229492e-02
1.191986618041992188e+02,9.132591247558593750e+00,9.458170831203460693e-02
1.196995010375976562e+02,9.132652282714843750e+00,9.456527233123779297e-02
1.202003326416015625e+02,9.132704734802246094e+00,9.455067664384841919e-02
1.207011718750000000e+02,9.132752418518066406e+00,9.453736990690231323e-02
1.212020034790039062e+02,9.132793426513671875e+00,9.452567249536514282e-02
1.217028350830078125e+02,9.132831573486328125e+00,9.451500326395034790e-02
1.222036743164062500e+02,8.475565910339355469e+00,9.095783233642578125e-01
1.227045059204101562e+02,8.681272506713867188e+00,6.009639501571655273e-01
1.232053451538085938e+02,8.759543418884277344e+00,4.856628179550170898e-01
1.237061767578125000e+02,8.819662094116210938e+00,4.016927182674407959e-01
1.242070083618164062e+02,8.875298500061035156e+00,3.313970565795898438e-01
1.247078475952148438e+02,8.925110816955566406e+00,2.738781273365020752e-01
1.252086791992187500e+02,8.968206405639648438e+00,2.285148650407791138e-01
1.257095184326171875e+02,9.003956794738769531e+00,1.942152827978134155e-01
1.262103500366210938e+02,9.032624244689941406e+00,1.689880192279815674e-01
1.267111816406250000e+02,9.055161476135253906e+00,1.505893915891647339e-01
1.272120208740234375e+02,9.072751998901367188e+00,1.371046304702758789e-01
1.277128524780273438e+02,9.086479187011718750e+00,1.271069794893264771e-01
1.282136840820312500e+02,9.097238540649414062e+00,1.195926368236541748e-01
1.287145233154296875e+02,9.105719566345214844e+00,1.138662099838256836e-01
1.292153625488281250e+02,9.112453460693359375e+00,1.094474568963050842e-01
1.297161865234375000e+02,9.117838859558105469e+00,1.059983745217323303e-01
1.302170257568359375e+02,9.122181892395019531e+00,1.032784059643745422e-01
1.307178649902343750e+02,9.125709533691406250e+00,1.011141538619995117e-01
1.312187042236328125e+02,9.178543090820312500e+00,8.556009083986282349e-02
1.317195281982421875e+02,9.171088218688964844e+00,8.733575046062469482e-02
1.322203674316406250e+02,9.162560462951660156e+00,8.862419426441192627e-02
1.327212066650390625e+02,9.160262107849121094e+00,8.867529779672622681e-02
1.332220306396484375e+02,9.159732818603515625e+00,8.842251449823379517e-02
1.337228698730468750e+02,9.159837722778320312e+00,8.809368312358856201e-02
1.342237091064453125e+02,9.160207748413085938e+00,8.775740861892700195e-02
1.347245483398437500e+02,9.160695075988769531e+00,8.743899315595626831e-02
1.352253723144531250e+02,9.161223411560058594e+00,8.714714646339416504e-02
1.357262115478515625e+02,9.161754608154296875e+00,8.688414841890335083e-02
1.362270507812500000e+02,9.162270545959472656e+00,8.664948493242263794e-02
1.367278747558593750e+02,9.162755966186523438e+00,8.644111454486846924e-02
1.372287139892578125e+02,9.163212776184082031e+00,8.625557273626327515e-02
1.377295532226562500e+02,9.163638114929199219e+00,8.609093725681304932e-02
1.382303771972656250e+02,9.164033889770507812e+00,8.594447374343872070e-02
1.387312164306640625e+02,9.164400100708007812e+00,8.581360429525375366e-02
1.392320556640625000e+02,9.164733886718750000e+00,8.569640666246414185e-02
1.397328948974609375e+02,9.165047645568847656e+00,8.559131622314453125e-02
1.402337188720703125e+02,9.165335655212402344e+00,8.549664914608001709e-02
1.407345581054687500e+02,9.165602684020996094e+00,8.541166782379150391e-02
1.412353973388671875e+02,9.165846824645996094e+00,8.533458411693572998e-02
1.417362213134765625e+02,9.192335128784179688e+00,7.904835790395736694e-02
1.422370605468750000e+02,9.184232711791992188e+00,8.075833320617675781e-02
1.427378997802734375e+02,9.180754661560058594e+00,8.146743476390838623e-02
1.432387237548828125e+02,9.179413795471191406e+00,8.174718916416168213e-02
1.437395629882812500e+02,9.178791999816894531e+00,8.187650889158248901e-02
1.442404022216796875e+02,9.178486824035644531e+00,8.193720132112503052e-02
1.447412414550781250e+02,9.178349494934082031e+00,8.196154236793518066e-02
1.452420654296875000e+02,9.178307533264160156e+00,8.196588605642318726e-02
1.457429046630859375e+02,9.178314208984375000e+00,8.195859938859939575e-02
1.462437438964843750e+02,9.178352355957031250e+00,8.194545656442642212e-02
1.467445678710937500e+02,9.178405761718750000e+00,8.192977309226989746e-02
1.472454071044921875e+02,9.178463935852050781e+00,8.191279321908950806e-02
1.477462463378906250e+02,9.178524017333984375e+00,8.189575374126434326e-02
1.482470855712890625e+02,9.178584098815917969e+00,8.187968283891677856e-02
1.487479095458984375e+02,9.178639411926269531e+00,8.186462521553039551e-02
1.492487487792968750e+02,9.178691864013671875e+00,8.185061067342758179e-02
1.497495880126953125e+02,9.178741455078125000e+00,8.183764666318893433e-02
1.502504119873046875e+02,9.178786277770996094e+00,8.182618767023086548e-02
1.507512512207031250e+02,9.178825378417968750e+00,8.181536197662353516e-02
1.512520904541015625e+02,9.178863525390625000e+00,8.180580288171768188e-02
1.517529144287109375e+02,9.178896903991699219e+00,8.179718255996704102e-02
1.522537536621093750e+02,9.178927421569824219e+00,8.178917318582534790e-02
1.527545928955078125e+02,9.178954124450683594e+00,8.178194612264633179e-02
1.532554321289062500e+02,9.178977966308593750e+00,8.177547901868820190e-02
1.537562561035156250e+02,9.179000854492187500e+00,8.176987618207931519e-02
1.542570953369140625e+02,9.179020881652832031e+00,8.176458626985549927e-02
1.547579345703125000e+02,9.179039001464843750e+00,8.176005631685256958e-02
1.552587585449218750e+02,9.179056167602539062e+00,8.175607025623321533e-02
1.557595977783203125e+02,9.179069519042968750e+00,8.175212144851684570e-02
1.562604370117187500e+02,9.179082870483398438e+00,8.174880594015121460e-02
1.567612762451171875e+02,9.179094314575195312e+00,8.174586296081542969e-02
1.572621002197265625e+02,9.179103851318359375e+00,8.174331486225128174e-02
1.577629394531250000e+02,9.179113388061523438e+00,8.174076676368713379e-02
1.582637786865234375e+02,9.179121971130371094e+00,8.173863589763641357e-02
1.587646026611328125e+02,9.179129600524902344e+00,8.173685520887374878e-02
1.592654418945312500e+02,9.179136276245117188e+00,8.173497021198272705e-02
1.597662811279296875e+02,9.179141998291015625e+00,8.173349499702453613e-02
1.602671051025390625e+02,9.179145812988281250e+00,8.173225820064544678e-02
1.607679443359375000e+02,9.179151535034179688e+00,8.173087239265441895e-02
1.612687835693359375e+02,9.179156303405761719e+00,8.172982931137084961e-02
1.617696228027343750e+02,9.179160118103027344e+00,8.172882348299026489e-02
1.622704467773437500e+02,9.179163932800292969e+00,8.172812312841415405e-02
1.627712860107421875e+02,9.179167747497558594e+00,8.172722905874252319e-02
1.632721252441406250e+02,9.179168701171875000e+00,8.172655105590820312e-02
1.637729492187500000e+02,9.179171562194824219e+00,8.172607421875000000e-02
1.642737884521484375e+02,9.179173469543457031e+00,8.172533661127090454e-02
1.647746276855468750e+02,9.179175376892089844e+00,8.172491937875747681e-02
1.652754516601562500e+02,9.179177284240722656e+00,8.172465115785598755e-02
1.657762908935546875e+02,9.179178237915039062e+00,8.172410726547241211e-02
1.662771301269531250e+02,8.653695106506347656e+00,6.572538614273071289e-01
1.667779693603515625e+02,8.802419662475585938e+00,4.505977928638458252e-01
1.672787933349609375e+02,8.343654632568359375e+00,1.146548748016357422e+00
1.677796325683593750e+02,8.636352539062500000e+00,7.027857303619384766e-01
1.682804718017578125e+02,8.725648880004882812e+00,5.729154348373413086e-01
1.687812957763671875e+02,8.780080795288085938e+00,4.890766739845275879e-01
1.692821350097656250e+02,8.839792251586914062e+00,4.079470932483673096e-01
1.697829742431640625e+02,8.519903182983398438e+00,8.703811168670654297e-01
1.702838134765625000e+02,8.667324066162109375e+00,6.470194458961486816e-01
1.707846374511718750e+02,8.753217697143554688e+00,5.218983292579650879e-01
1.712854766845703125e+02,8.823123931884765625e+00,4.274133443832397461e-01
1.717863159179687500e+02,8.883786201477050781e+00,3.512795269489288330e-01
1.722871398925781250e+02,8.937606811523437500e+00,2.888438999652862549e-01
1.727879791259765625e+02,8.985308647155761719e+00,2.380679547786712646e-01
1.732888183593750000e+02,9.026542663574218750e+00,1.980853527784347534e-01
1.737896423339843750e+02,9.060863494873046875e+00,1.678264141082763672e-01
1.742904815673828125e+02,9.088519096374511719e+00,1.455311626195907593e-01
1.747913208007812500e+02,9.110393524169921875e+00,1.292439699172973633e-01
1.752921600341796875e+02,9.127578735351562500e+00,1.172875389456748962e-01
1.757929840087890625e+02,9.141091346740722656e+00,1.084071174263954163e-01
1.762938232421875000e+02,9.151775360107421875e+00,1.017150655388832092e-01
1.767946624755859375e+02,9.160288810729980469e+00,9.659861028194427490e-02
1.772954864501953125e+02,9.167135238647460938e+00,9.263348579406738281e-02
1.777963256835937500e+02,9.172695159912109375e+00,8.952067047357559204e-02
1.782971649169921875e+02,9.177253723144531250e+00,8.704879879951477051e-02
1.787980041503906250e+02,9.181028366088867188e+00,8.506510406732559204e-02
1.792988281250000000e+02,9.184191703796386719e+00,8.345749974250793457e-02
1.797996673583984375e+02,9.186864852905273438e+00,8.214227110147476196e-02
1.803005065917968750e+02,9.189150810241699219e+00,8.105674386024475098e-02
1.808013305664062500e+02,9.191124916076660156e+00,8.015354722738265991e-02
1.813021697998046875e+02,9.192839622497558594e+00,7.939527183771133423e-02
1.818030090332031250e+02,9.194348335266113281e+00,7.875451445579528809e-02
1.823038330078125000e+02,9.195683479309082031e+00,7.820812612771987915e-02
1.828046722412109375e+02,9.196872711181640625e+00,7.773908227682113647e-02
1.833055114746093750e+02,9.197943687438964844e+00,7.733394205570220947e-02
1.838063507080078125e+02,9.198906898498535156e+00,7.698150724172592163e-02
1.843071746826171875e+02,9.199779510498046875e+00,7.667309045791625977e-02
1.848080139160156250e+02,9.200574874877929688e+00,7.640179991722106934e-02
1.853088531494140625e+02,9.201298713684082031e+00,7.616174966096878052e-02
1.858096771240234375e+02,9.201960563659667969e+00,7.594886422157287598e-02
1.863105163574218750e+02,9.202564239501953125e+00,7.575882226228713989e-02
1.868113555908203125e+02,9.203120231628417969e+00,7.558930665254592896e-02
1.873121795654296875e+02,9.203631401062011719e+00,7.543731480836868286e-02
1.878130187988281250e+02,9.204097747802734375e+00,7.530022412538528442e-02
1.883138580322265625e+02,9.204526901245117188e+00,7.517664879560470581e-02
1.888146972656250000e+02,9.204921722412109375e+00,7.506549358367919922e-02
1.893155212402343750e+02,9.205283164978027344e+00,7.496521621942520142e-02
1.898163604736328125e+02,9.205610275268554688e+00,7.487434893846511841e-02
1.903171997070312500e+02,9.205913543701171875e+00,7.479208707809448242e-02
1.908180236816406250e+02,8.359700202941894531e+00,1.138562679290771484e+00
1.913188629150390625e+02,8.533067703247070312e+00,8.592439889907836914e-01
1.918197021484375000e+02,8.640415191650390625e+00,6.931536793708801270e-01
1.923205413818359375e+02,8.726489067077636719e+00,5.676542520523071289e-01
1.928213653564453125e+02,8.800131797790527344e+00,4.666322469711303711e-01
1.933222045898437500e+02,8.864733695983886719e+00,3.837086856365203857e-01
1.938230438232421875e+02,8.922056198120117188e+00,3.153452277183532715e-01
1.943238677978515625e+02,8.973135948181152344e+00,2.591669857501983643e-01
1.948247070312500000e+02,9.018148422241210938e+00,2.138760834932327271e-01
1.953255462646484375e+02,9.056608200073242188e+00,1.786907315254211426e-01
1.958263702392578125e+02,9.088258743286132812e+00,1.523456275463104248e-01
1.963272094726562500e+02,9.113578796386718750e+00,1.330260783433914185e-01
1.968280487060546875e+02,9.133532524108886719e+00,1.189132332801818848e-01
1.973288879394531250e+02,9.149184226989746094e+00,1.085272282361984253e-01
1.978297119140625000e+02,9.161486625671386719e+00,1.007874831557273865e-01
1.983305511474609375e+02,9.171205520629882812e+00,9.493619203567504883e-02
1.988313903808593750e+02,8.316668510437011719e+00,1.205414772033691406e+00
1.993322143554687500e+02,7.755424499511718750e+00,2.108379602432250977e+00
1.998330535888671875e+02,8.157121658325195312e+00,1.469231367111206055e+00
2.003338928222656250e+02,8.327030181884765625e+00,1.188296079635620117e+00
2.008347320556640625e+02,8.068428993225097656e+00,1.610663056373596191e+00
2.013355560302734375e+02,8.275807380676269531e+00,1.272199153900146484e+00
2.018363952636718750e+02,8.415214538574218750e+00,1.045296907424926758e+00
2.023372344970703125e+02,8.530686378479003906e+00,8.624047040939331055e-01
2.028380584716796875e+02,8.629631996154785156e+00,7.113574743270874023e-01
2.033388977050781250e+02,8.715699195861816406e+00,5.859438180923461914e-01
2.038397369384765625e+02,8.791229248046875000e+00,4.818799197673797607e-01
2.043405609130859375e+02,8.857972145080566406e+00,3.957077264785766602e-01
2.048414001464843750e+02,8.917311668395996094e+00,3.245046436786651611e-01
2.053422393798828125e+02,8.970308303833007812e+00,2.658904194831848145e-01
2.058430786132812500e+02,9.017329216003417969e+00,2.183687835931777954e-01
2.063439025878906250e+02,9.057953834533691406e+00,1.811363101005554199e-01
2.068447418212890625e+02,9.091783523559570312e+00,1.530755460262298584e-01
2.073455810546875000e+02,9.119125366210937500e+00,1.324462294578552246e-01
2.078464050292968750e+02,9.140877723693847656e+00,1.173785403370857239e-01
2.083472442626953125e+02,9.158107757568359375e+00,1.062979251146316528e-01
2.088480834960937500e+02,9.171808242797851562e+00,9.804042428731918335e-02
2.093489074707031250e+02,9.182787895202636719e+00,9.178923070430755615e-02
2.098497467041015625e+02,9.191679954528808594e+00,8.697972446680068970e-02
2.103505859375000000e+02,9.198964118957519531e+00,8.322340250015258789e-02
2.108514251708984375e+02,9.204999923706054688e+00,8.024803549051284790e-02
2.113522491455078125e+02,9.210059165954589844e+00,7.786042988300323486e-02
2.118530883789062500e+02,9.214347839355468750e+00,7.592137157917022705e-02
2.123539276123046875e+02,9.218020439147949219e+00,7.432942092418670654e-02
2.128547515869140625e+02,9.221198081970214844e+00,7.300925254821777344e-02
2.133555908203125000e+02,9.223972320556640625e+00,7.190341502428054810e-02
2.138564300537109375e+02,9.226412773132324219e+00,7.096933573484420776e-02
2.143572692871093750e+02,9.228575706481933594e+00,7.017348706722259521e-02
2.148580932617187500e+02,9.230506896972656250e+00,6.949120014905929565e-02
2.153589324951171875e+02,9.232237815856933594e+00,6.890098750591278076e-02
2.158597717285156250e+02,9.233798980712890625e+00,6.838784366846084595e-02
2.163605957031250000e+02,9.235206604003906250e+00,6.793909519910812378e-02
2.168614349365234375e+02,9.236484527587890625e+00,6.754427403211593628e-02
2.173622741699218750e+02,9.237645149230957031e+00,6.719542294740676880e-02
2.178630981445312500e+02,9.238703727722167969e+00,6.688615679740905762e-02
2.183639373779296875e+02,9.239667892456054688e+00,6.661070138216018677e-02
2.188647766113281250e+02,9.240547180175781250e+00,6.636509299278259277e-02
2.193656158447265625e+02,9.241350173950195312e+00,6.614496558904647827e-02
2.198664398193359375e+02,9.242083549499511719e+00,6.594793498516082764e-02
2.203672790527343750e+02,9.242755889892578125e+00,6.577047705650329590e-02
2.208681182861328125e+02,9.243365287780761719e+00,6.561089307069778442e-02
2.213689422607421875e+02,9.243927001953125000e+00,6.546735763549804688e-02
2.218697814941406250e+02,9.244435310363769531e+00,6.533759832382202148e-02
2.223706207275390625e+02,9.244899749755859375e+00,6.522101908922195435e-02
2.228714599609375000e+02,9.245320320129394531e+00,6.511520594358444214e-02
2.233722839355468750e+02,9.245708465576171875e+00,6.502029299736022949e-02
2.238731231689453125e+02,9.246057510375976562e+00,6.493426114320755005e-02
2.243739624023437500e+02,9.246376037597656250e+00,6.485664844512939453e-02
2.248747863769531250e+02,9.246665954589843750e+00,6.478664278984069824e-02
2.253756256103515625e+02,9.246930122375488281e+00,6.472338736057281494e-02
2.258764648437500000e+02,9.247166633605957031e+00,6.466642022132873535e-02
2.263772888183593750e+02,9.247382164001464844e+00,6.461504846811294556e-02
2.268781280517578125e+02,9.247578620910644531e+00,6.456869095563888550e-02
2.273789672851562500e+02,9.247755050659179688e+00,6.452701985836029053e-02
2.278798065185546875e+02,9.247913360595703125e+00,6.448934227228164673e-02
2.283806304931640625e+02,9.248058319091796875e+00,6.445544213056564331e-02
2.288814697265625000e+02,9.248188018798828125e+00,6.442510336637496948e-02
2.293823089599609375e+02,9.248305320739746094e+00,6.439776718616485596e-02
2.298831329345703125e+02,8.631394386291503906e+00,7.326326370239257812e-01
2.303839721679687500e+02,8.762593269348144531e+00,5.430783033370971680e-01
2.308848114013671875e+02,8.843109130859375000e+00,4.347437620162963867e-01
2.313856353759765625e+02,8.907833099365234375e+00,3.546974956989288330e-01
2.318864746093750000e+02,8.963758468627929688e+00,2.908736765384674072e-01
2.323873138427734375e+02,9.013308525085449219e+00,2.388559132814407349e-01
2.328881530761718750e+02,9.057176589965820312e+00,1.967586725950241089e-01
2.333889770507812500e+02,9.095072746276855469e+00,1.637141555547714233e-01
2.338898162841796875e+02,9.126646995544433594e+00,1.387187838554382324e-01
2.343906555175781250e+02,9.152141571044921875e+00,1.202834621071815491e-01
2.348914794921875000e+02,9.172346115112304688e+00,1.067978963255882263e-01
2.353923187255859375e+02,9.211082458496093750e+00,8.925355225801467896e-02
2.358931579589843750e+02,9.218067169189453125e+00,8.421801775693893433e-02
2.363939971923828125e+02,9.222784042358398438e+00,8.032872527837753296e-02
2.368948211669921875e+02,9.228594779968261719e+00,7.680016010999679565e-02
2.373956604003906250e+02,9.233797073364257812e+00,7.391843944787979126e-02
2.378964996337890625e+02,9.238183975219726562e+00,7.160970568656921387e-02
2.383973236083984375e+02,9.241831779479980469e+00,6.976107507944107056e-02
2.388981628417968750e+02,9.244854927062988281e+00,6.827478855848312378e-02
2.393990020751953125e+02,9.247372627258300781e+00,6.707327067852020264e-02
2.398998260498046875e+02,9.249471664428710938e+00,6.609674543142318726e-02
2.404006652832031250e+02,9.251237869262695312e+00,6.529808789491653442e-02
2.409015045166015625e+02,9.252725601196289062e+00,6.464087963104248047e-02
2.414023437500000000e+02,9.253993988037109375e+00,6.409735232591629028e-02
2.419031677246093750e+02,9.255082130432128906e+00,6.364459544420242310e-02
2.424040069580078125e+02,9.256022453308105469e+00,6.326497346162796021e-02
2.429048461914062500e+02,9.256842613220214844e+00,6.294482201337814331e-02
2.434056701660156250e+02,9.257562637329101562e+00,6.267323344945907593e-02
2.439065093994140625e+02,9.258198738098144531e+00,6.244074925780296326e-02
2.444073486328125000e+02,9.277699470520019531e+00,5.811049416661262512e-02
2.449081878662109375e+02,9.274619102478027344e+00,5.878642573952674866e-02
2.454090118408203125e+02,9.270637512207031250e+00,5.949798598885536194e-02
2.459098510742187500e+02,9.269435882568359375e+00,5.969082564115524292e-02
2.464106903076171875e+02,9.269044876098632812e+00,5.973354727029800415e-02
2.469115142822265625e+02,9.268956184387207031e+00,5.972163751721382141e-02
2.474123535156250000e+02,9.269008636474609375e+00,5.968578532338142395e-02
2.479131927490234375e+02,9.269133567810058594e+00,5.963990092277526855e-02
2.484140167236328125e+02,9.269290924072265625e+00,5.959014967083930969e-02
2.489148559570312500e+02,9.269462585449218750e+00,5.954037979245185852e-02
2.494156951904296875e+02,9.269636154174804688e+00,5.949251353740692139e-02
2.499165344238281250e+02,9.269804000854492188e+00,5.944745242595672607e-02
2.504173583984375000e+02,9.269965171813964844e+00,5.940596014261245728e-02
2.509181976318359375e+02,9.270117759704589844e+00,5.936738103628158569e-02
2.514190368652343750e+02,9.270256996154785156e+00,5.933213233947753906e-02
2.519198608398437500e+02,9.270387649536132812e+00,5.930005759000778198e-02
2.524207000732421875e+02,9.270508766174316406e+00,5.927100405097007751e-02
2.529215393066406250e+02,9.270618438720703125e+00,5.924420803785324097e-02
2.534223632812500000e+02,9.270718574523925781e+00,5.922049283981323242e-02
2.539232025146484375e+02,9.270809173583984375e+00,5.919862911105155945e-02
2.544240417480468750e+02,9.270895957946777344e+00,5.917893722653388977e-02
2.549248809814453125e+02,9.270972251892089844e+00,5.916101485490798950e-02
2.554257049560546875e+02,9.271040916442871094e+00,5.914509296417236328e-02
2.559265441894531250e+02,9.271103858947753906e+00,5.913040786981582642e-02
2.564273681640625000e+02,9.277361869812011719e+00,5.783433094620704651e-02
2.569282226562500000e+02,9.275324821472167969e+00,5.822780728340148926e-02
2.574290466308593750e+02,9.274455070495605469e+00,5.839407444000244141e-02
2.579298706054687500e+02,9.274127960205078125e+00,5.845762789249420166e-02
2.584307250976562500e+02,9.273978233337402344e+00,5.848656594753265381e-02
2.589315490722656250e+02,9.273905754089355469e+00,5.850075557827949524e-02
2.594323730468750000e+02,9.273871421813964844e+00,5.850677564740180969e-02
2.599332275390625000e+02,9.273861885070800781e+00,5.850832909345626831e-02
2.604340515136718750e+02,9.273862838745117188e+00,5.850777029991149902e-02
2.609349060058593750e+02,9.273871421813964844e+00,5.850555002689361572e-02
2.614357299804687500e+02,9.273881912231445312e+00,5.850303173065185547e-02
2.619365539550781250e+02,9.273894309997558594e+00,5.849998071789741516e-02
2.624374084472656250e+02,9.273907661437988281e+00,5.849687010049819946e-02
2.629382324218750000e+02,9.273921012878417969e+00,5.849424004554748535e-02
2.634390563964843750e+02,9.273933410644531250e+00,5.849154666066169739e-02
2.639399108886718750e+02,9.273943901062011719e+00,5.848883464932441711e-02
2.644407348632812500e+02,9.273954391479492188e+00,5.848681181669235229e-02
2.649415588378906250e+02,9.273962974548339844e+00,5.848484113812446594e-02
2.654424133300781250e+02,9.273971557617187500e+00,5.848284438252449036e-02
2.659432373046875000e+02,9.273980140686035156e+00,5.848142877221107483e-02
2.664440612792968750e+02,9.273986816406250000e+00,5.847996100783348083e-02
2.669449157714843750e+02,9.273992538452148438e+00,5.847847089171409607e-02
2.674457397460937500e+02,9.273998260498046875e+00,5.847747251391410828e-02
2.679465637207031250e+02,9.274002075195312500e+00,5.847635865211486816e-02
2.684474182128906250e+02,9.274006843566894531e+00,5.847520008683204651e-02
2.689482421875000000e+02,9.274011611938476562e+00,5.847452953457832336e-02
2.694490966796875000e+02,9.274013519287109375e+00,5.847356095910072327e-02
2.699499206542968750e+02,9.274018287658691406e+00,5.847312137484550476e-02
2.704507446289062500e+02,9.274019241333007812e+00,5.847251042723655701e-02
2.709515991210937500e+02,9.274021148681640625e+00,5.847173556685447693e-02
2.714524230957031250e+02,9.274024009704589844e+00,5.847145617008209229e-02
2.719532470703125000e+02,9.274025917053222656e+00,5.847103893756866455e-02
2.724541015625000000e+02,9.274026870727539062e+00,5.847043171525001526e-02
2.729549255371093750e+02,9.274029731750488281e+00,5.847031995654106140e-02
2.734557495117187500e+02,9.274030685424804688e+00,5.847001448273658752e-02
2.739566040039062500e+02,9.274032592773437500e+00,5.846954137086868286e-02
2.744574279785156250e+02,9.274032592773437500e+00,5.846951901912689209e-02
2.749582519531250000e+02,9.274033546447753906e+00,5.846929922699928284e-02
2.754591064453125000e+02,9.274035453796386719e+00,5.846890807151794434e-02
2.759599304199218750e+02,9.274036407470703125e+00,5.846894159913063049e-02
2.764607543945312500e+02,9.274036407470703125e+00,5.846879631280899048e-02
2.769616088867187500e+02,9.274036407470703125e+00,5.846846476197242737e-02
2.774624328613281250e+02,9.274037361145019531e+00,5.846855044364929199e-02
2.779632873535156250e+02,9.274037361145019531e+00,5.846824124455451965e-02
2.784641113281250000e+02,9.274038314819335938e+00,5.846838280558586121e-02
2.789649353027343750e+02,9.274039268493652344e+00,5.846829712390899658e-02
2.794657897949218750e+02,9.274039268493652344e+00,5.846801772713661194e-02
2.799666137695312500e+02,9.274039268493652344e+00,5.846815928816795349e-02
2.804674377441406250e+02,9.274040222167968750e+00,5.846810340881347656e-02
2.809682922363281250e+02,9.274040222167968750e+00,5.846782773733139038e-02
2.814691162109375000e+02,9.274040222167968750e+00,5.846801772713661194e-02
2.819699401855468750e+02,9.274040222167968750e+00,5.846796184778213501e-02
2.824707946777343750e+02,9.274040222167968750e+00,5.846771970391273499e-02
2.829716186523437500e+02,9.274041175842285156e+00,5.846790596842765808e-02
2.834724426269531250e+02,9.274041175842285156e+00,5.846790596842765808e-02
2.839732971191406250e+02,9.274040222167968750e+00,5.846763029694557190e-02
2.844741210937500000e+02,9.274041175842285156e+00,5.846782773733139038e-02
2.849749450683593750e+02,9.274041175842285156e+00,5.846782773733139038e-02
2.854757995605468750e+02,9.274041175842285156e+00,5.846760421991348267e-02
2.859766235351562500e+02,9.274042129516601562e+00,5.846779420971870422e-02
2.864774475097656250e+02,9.274041175842285156e+00,5.846777185797691345e-02
2.869783020019531250e+02,9.274041175842285156e+00,5.846754834055900574e-02
2.874791259765625000e+02,9.274041175842285156e+00,5.846773833036422729e-02
2.879799804687500000e+02,9.274041175842285156e+00,5.846751853823661804e-02
2.884808044433593750e+02,9.274042129516601562e+00,5.846773833036422729e-02
2.889816284179687500e+02,9.274042129516601562e+00,5.846773833036422729e-02
2.894824829101562500e+02,9.274041175842285156e+00,5.846751853823661804e-02
2.899833068847656250e+02,9.274042129516601562e+00,5.846771970391273499e-02
2.904841308593750000e+02,9.274042129516601562e+00,5.846771970391273499e-02
2.909849853515625000e+02,9.274041175842285156e+00,5.846749246120452881e-02
2.914858093261718750e+02,9.274042129516601562e+00,5.846771970391273499e-02
2.919866333007812500e+02,9.274042129516601562e+00,5.846771970391273499e-02
2.924874877929687500e+02,9.274041175842285156e+00,5.846749246120452881e-02
2.929883117675781250e+02,9.274042129516601562e+00,5.846768617630004883e-02
2.934891357421875000e+02,9.274042129516601562e+00,5.846768617630004883e-02
2.939899902343750000e+02,9.274041175842285156e+00,5.846747010946273804e-02
2.944908142089843750e+02,9.274042129516601562e+00,5.846768617630004883e-02
2.949916381835937500e+02,9.274042129516601562e+00,5.846768617630004883e-02
2.954924926757812500e+02,9.274041175842285156e+00,5.846747010946273804e-02
2.959933166503906250e+02,9.274042129516601562e+00,5.846768617630004883e-02
2.964941711425781250e+02,9.274041175842285156e+00,5.846747010946273804e-02
2.969949951171875000e+02,9.274042129516601562e+00,5.846768617630004883e-02
2.974958190917968750e+02,9.274042129516601562e+00,5.846768617630004883e-02
2.979966735839843750e+02,9.274041175842285156e+00,5.846747010946273804e-02
2.984974975585937500e+02,9.274042129516601562e+00,5.846768617630004883e-02
2.989983215332031250e+02,9.274042129516601562e+00,5.846768617630004883e-02
2.994991760253906250e+02,9.274041175842285156e+00,5.846747010946273804e-02
3.000000000000000000e+02,9.274042129516601562e+00,5.846768617630004883e-02
