time,true_Base,true_Mod,true_Am,true_MOF_C,onestep_Base,onestep_Mod,onestep_Am,onestep_MOF_C,rollout_Base,rollout_Mod,rollout_Am,rollout_MOF_C
1.003344506025314331e-01,0.000000000000000000e+00,0.000000000000000000e+00,0.000000000000000000e+00,0.000000000000000000e+00,0.000000000000000000e+00,0.000000000000000000e+00,0.000000000000000000e+00,0.000000000000000000e+00,0.000000000000000000e+00,0.000000000000000000e+00,0.000000000000000000e+00,0.000000000000000000e+00
2.006689012050628662e-01,0.000000000000000000e+00,0.000000000000000000e+00,0.000000000000000000e+00,0.000000000000000000e+00,0.000000000000000000e+00,0.000000000000000000e+00,0.000000000000000000e+00,0.000000000000000000e+00,0.000000000000000000e+00,0.000000000000000000e+00,0.000000000000000000e+00,0.000000000000000000e+00
3.010033369064331055e-01,0.000000000000000000e+00,0.000000000000000000e+00,0.000000000000000000e+00,0.000000000000000000e+00,0.000000000000000000e+00,0.000000000000000000e+00,0.000000000000000000e+00,0.000000000000000000e+00,0.000000000000000000e+00,0.000000000000000000e+00,0.000000000000000000e+00,0.000000000000000000e+00
4.013378024101257324e-01,0.000000000000000000e+00,0.000000000000000000e+00,0.000000000000000000e+00,0.000000000000000000e+00,0.000000000000000000e+00,0.000000000000000000e+00,0.000000000000000000e+00,0.000000000000000000e+00,0.000000000000000000e+00,0.000000000000000000e+00,0.000000000000000000e+00,0.000000000000000000e+00
5.016722679138183594e-01,0.000000000000000000e+00,0.000000000000000000e+00,0.000000000000000000e+00,0.000000000000000000e+00,0.000000000000000000e+00,0.000000000000000000e+00,0.000000000000000000e+00,0.000000000000000000e+00,0.000000000000000000e+00,0.000000000000000000e+00,0.000000000000000000e+00,0.000000000000000000e+00
6.020066738128662109e-01,0.000000000000000000e+00,0.000000000000000000e+00,0.000000000000000000e+00,0.000000000000000000e+00,0.000000000000000000e+00,0.000000000000000000e+00,0.000000000000000000e+00,0.000000000000000000e+00,0.000000000000000000e+00,0.000000000000000000e+00,0.000000000000000000e+00,0.000000000000000000e+00
7.023411393165588379e-01,0.000000000000000000e+00,0.000000000000000000e+00,0.000000000000000000e+00,0.000000000000000000e+00,0.000000000000000000e+00,0.000000000000000000e+00,0.000000000000000000e+00,0.000000000000000000e+00,0.000000000000000000e+00,0.000000000000000000e+00,0.000000000000000000e+00,0.000000000000000000e+00
8.026756048202514648e-01,0.000000000000000000e+00,0.000000000000000000e+00,0.000000000000000000e+00,0.000000000000000000e+00,0.000000000000000000e+00,0.000000000000000000e+00,0.000000000000000000e+00,0.000000000000000000e+00,0.000000000000000000e+00,0.000000000000000000e+00,0.000000000000000000e+00,0.000000000000000000e+00
9.030100107192993164e-01,0.000000000000000000e+00,0.000000000000000000e+00,0.000000000000000000e+00,0.000000000000000000e+00,0.000000000000000000e+00,0.000000000000000000e+00,0.000000000000000000e+00,0.000000000000000000e+00,0.000000000000000000e+00,0.000000000000000000e+00,0.000000000000000000e+00,0.000000000000000000e+00
1.003344535827636719e+00,0.000000000000000000e+00,0.000000000000000000e+00,0.000000000000000000e+00,0.000000000000000000e+00,0.000000000000000000e+00,0.000000000000000000e+00,0.000000000000000000e+00,0.000000000000000000e+00,0.000000000000000000e+00,0.000000000000000000e+00,0.000000000000000000e+00,0.000000000000000000e+00
1.103678941726684570e+00,0.000000000000000000e+00,0.000000000000000000e+00,0.000000000000000000e+00,0.000000000000000000e+00,0.000000000000000000e+00,0.000000000000000000e+00,0.000000000000000000e+00,0.000000000000000000e+00,0.000000000000000000e+00,0.000000000000000000e+00,0.000000000000000000e+00,0.000000000000000000e+00
1.204013347625732422e+00,0.000000000000000000e+00,0.000000000000000000e+00,0.000000000000000000e+00,0.000000000000000000e+00,0.000000000000000000e+00,0.000000000000000000e+00,0.000000000000000000e+00,0.000000000000000000e+00,0.000000000000000000e+00,0.000000000000000000e+00,0.000000000000000000e+00,0.000000000000000000e+00
1.304347872734069824e+00,0.000000000000000000e+00,0.000000000000000000e+00,0.000000000000000000e+00,0.000000000000000000e+00,0.000000000000000000e+00,0.000000000000000000e+00,0.000000000000000000e+00,0.000000000000000000e+00,0.000000000000000000e+00,0.000000000000000000e+00,0.000000000000000000e+00,0.000000000000000000e+00
1.404682278633117676e+00,0.000000000000000000e+00,0.000000000000000000e+00,0.000000000000000000e+00,0.000000000000000000e+00,0.000000000000000000e+00,0.000000000000000000e+00,0.000000000000000000e+00,0.000000000000000000e+00,0.000000000000000000e+00,0.000000000000000000e+00,0.000000000000000000e+00,0.000000000000000000e+00
1.505016684532165527e+00,0.000000000000000000e+00,0.000000000000000000e+00,0.000000000000000000e+00,0.000000000000000000e+00,0.000000000000000000e+00,0.000000000000000000e+00,0.000000000000000000e+00,0.000000000000000000e+00,0.000000000000000000e+00,0.000000000000000000e+00,0.000000000000000000e+00,0.000000000000000000e+00
1.605351209640502930e+00,0.000000000000000000e+00,0.000000000000000000e+00,0.000000000000000000e+00,0.000000000000000000e+00,0.000000000000000000e+00,0.000000000000000000e+00,0.000000000000000000e+00,0.000000000000000000e+00,0.000000000000000000e+00,0.000000000000000000e+00,0.000000000000000000e+00,0.000000000000000000e+00
1.705685615539550781e+00,0.000000000000000000e+00,0.000000000000000000e+00,0.000000000000000000e+00,0.000000000000000000e+00,0.000000000000000000e+00,0.000000000000000000e+00,0.000000000000000000e+00,0.000000000000000000e+00,0.000000000000000000e+00,0.000000000000000000e+00,0.000000000000000000e+00,0.000000000000000000e+00
1.806020021438598633e+00,0.000000000000000000e+00,0.000000000000000000e+00,0.000000000000000000e+00,0.000000000000000000e+00,0.000000000000000000e+00,0.000000000000000000e+00,0.000000000000000000e+00,0.000000000000000000e+00,0.000000000000000000e+00,0.000000000000000000e+00,0.000000000000000000e+00,0.000000000000000000e+00
1.906354546546936035e+00,0.000000000000000000e+00,0.000000000000000000e+00,0.000000000000000000e+00,0.000000000000000000e+00,0.000000000000000000e+00,0.000000000000000000e+00,0.000000000000000000e+00,0.000000000000000000e+00,0.000000000000000000e+00,0.000000000000000000e+00,0.000000000000000000e+00,0.000000000000000000e+00
2.006689071655273438e+00,0.000000000000000000e+00,7.822789549827575684e-01,0.000000000000000000e+00,0.000000000000000000e+00,0.000000000000000000e+00,7.777704000473022461e-01,0.000000000000000000e+00,0.000000000000000000e+00,0.000000000000000000e+00,7.778456807136535645e-01,0.000000000000000000e+00,0.000000000000000000e+00
2.107023477554321289e+00,0.000000000000000000e+00,7.822789549827575684e-01,0.000000000000000000e+00,0.000000000000000000e+00,0.000000000000000000e+00,7.777704000473022461e-01,0.000000000000000000e+00,0.000000000000000000e+00,0.000000000000000000e+00,7.744359970092773438e-01,0.000000000000000000e+00,0.000000000000000000e+00
2.207357883453369141e+00,0.000000000000000000e+00,7.822789549827575684e-01,0.000000000000000000e+00,0.000000000000000000e+00,0.000000000000000000e+00,7.777704000473022461e-01,0.000000000000000000e+00,0.000000000000000000e+00,0.000000000000000000e+00,7.715314626693725586e-01,0.000000000000000000e+00,0.000000000000000000e+00
2.307692289352416992e+00,0.000000000000000000e+00,7.822789549827575684e-01,0.000000000000000000e+00,0.000000000000000000e+00,0.000000000000000000e+00,7.777704000473022461e-01,0.000000000000000000e+00,0.000000000000000000e+00,0.000000000000000000e+00,7.689412236213684082e-01,0.000000000000000000e+00,0.000000000000000000e+00
2.408026695251464844e+00,0.000000000000000000e+00,7.822789549827575684e-01,0.000000000000000000e+00,0.000000000000000000e+00,0.000000000000000000e+00,7.777704000473022461e-01,0.000000000000000000e+00,0.000000000000000000e+00,0.000000000000000000e+00,7.665702700614929199e-01,0.000000000000000000e+00,0.000000000000000000e+00
2.508361101150512695e+00,0.000000000000000000e+00,7.822789549827575684e-01,0.000000000000000000e+00,0.000000000000000000e+00,0.000000000000000000e+00,7.777704000473022461e-01,0.000000000000000000e+00,0.000000000000000000e+00,0.000000000000000000e+00,7.643631696701049805e-01,0.000000000000000000e+00,0.000000000000000000e+00
2.608695745468139648e+00,0.000000000000000000e+00,7.822789549827575684e-01,0.000000000000000000e+00,0.000000000000000000e+00,0.000000000000000000e+00,7.777704000473022461e-01,0.000000000000000000e+00,0.000000000000000000e+00,0.000000000000000000e+00,7.622843980789184570e-01,0.000000000000000000e+00,0.000000000000000000e+00
2.709030151367187500e+00,0.000000000000000000e+00,7.822789549827575684e-01,0.000000000000000000e+00,0.000000000000000000e+00,0.000000000000000000e+00,7.777704000473022461e-01,0.000000000000000000e+00,0.000000000000000000e+00,0.000000000000000000e+00,7.603098154067993164e-01,0.000000000000000000e+00,0.000000000000000000e+00
2.809364557266235352e+00,0.000000000000000000e+00,7.822789549827575684e-01,0.000000000000000000e+00,0.000000000000000000e+00,0.000000000000000000e+00,7.777704000473022461e-01,0.000000000000000000e+00,0.000000000000000000e+00,0.000000000000000000e+00,7.584216594696044922e-01,0.000000000000000000e+00,0.000000000000000000e+00
2.909698963165283203e+00,0.000000000000000000e+00,7.822789549827575684e-01,0.000000000000000000e+00,0.000000000000000000e+00,0.000000000000000000e+00,7.777704000473022461e-01,0.000000000000000000e+00,0.000000000000000000e+00,0.000000000000000000e+00,7.566069364547729492e-01,0.000000000000000000e+00,0.000000000000000000e+00
3.010033369064331055e+00,0.000000000000000000e+00,7.822789549827575684e-01,0.000000000000000000e+00,0.000000000000000000e+00,0.000000000000000000e+00,7.777704000473022461e-01,0.000000000000000000e+00,0.000000000000000000e+00,0.000000000000000000e+00,7.548555135726928711e-01,0.000000000000000000e+00,0.000000000000000000e+00
3.110367774963378906e+00,0.000000000000000000e+00,7.822789549827575684e-01,0.000000000000000000e+00,0.000000000000000000e+00,0.000000000000000000e+00,7.777704000473022461e-01,0.000000000000000000e+00,0.000000000000000000e+00,0.000000000000000000e+00,7.531594038009643555e-01,0.000000000000000000e+00,0.000000000000000000e+00
3.210702419281005859e+00,0.000000000000000000e+00,7.822789549827575684e-01,0.000000000000000000e+00,0.000000000000000000e+00,0.000000000000000000e+00,7.777704000473022461e-01,0.000000000000000000e+00,0.000000000000000000e+00,0.000000000000000000e+00,7.515121102333068848e-01,0.000000000000000000e+00,0.000000000000000000e+00
3.311036825180053711e+00,0.000000000000000000e+00,7.822789549827575684e-01,0.000000000000000000e+00,0.000000000000000000e+00,0.000000000000000000e+00,7.777704000473022461e-01,0.000000000000000000e+00,0.000000000000000000e+00,0.000000000000000000e+00,7.499083876609802246e-01,0.000000000000000000e+00,0.000000000000000000e+00
3.411371231079101562e+00,0.000000000000000000e+00,7.822789549827575684e-01,0.000000000000000000e+00,0.000000000000000000e+00,0.000000000000000000e+00,7.777704000473022461e-01,0.000000000000000000e+00,0.000000000000000000e+00,0.000000000000000000e+00,7.483438253402709961e-01,0.000000000000000000e+00,0.000000000000000000e+00
3.511705636978149414e+00,0.000000000000000000e+00,7.822789549827575684e-01,0.000000000000000000e+00,0.000000000000000000e+00,0.000000000000000000e+00,7.777704000473022461e-01,0.000000000000000000e+00,0.000000000000000000e+00,0.000000000000000000e+00,7.468147277832031250e-01,0.000000000000000000e+00,0.000000000000000000e+00
3.612040042877197266e+00,0.000000000000000000e+00,7.822789549827575684e-01,0.000000000000000000e+00,0.000000000000000000e+00,0.000000000000000000e+00,7.777704000473022461e-01,0.000000000000000000e+00,0.000000000000000000e+00,0.000000000000000000e+00,7.453179955482482910e-01,0.000000000000000000e+00,0.000000000000000000e+00
3.712374687194824219e+00,0.000000000000000000e+00,7.822789549827575684e-01,0.000000000000000000e+00,0.000000000000000000e+00,0.000000000000000000e+00,7.777704000473022461e-01,0.000000000000000000e+00,0.000000000000000000e+00,0.000000000000000000e+00,7.438508868217468262e-01,0.000000000000000000e+00,0.000000000000000000e+00
3.812709093093872070e+00,0.000000000000000000e+00,7.822789549827575684e-01,0.000000000000000000e+00,0.000000000000000000e+00,0.000000000000000000e+00,7.777704000473022461e-01,0.000000000000000000e+00,0.000000000000000000e+00,0.000000000000000000e+00,7.424109578132629395e-01,0.000000000000000000e+00,0.000000000000000000e+00
3.913043498992919922e+00,0.000000000000000000e+00,7.822789549827575684e-01,0.000000000000000000e+00,0.000000000000000000e+00,0.000000000000000000e+00,7.777704000473022461e-01,0.000000000000000000e+00,0.000000000000000000e+00,0.000000000000000000e+00,7.409963011741638184e-01,0.000000000000000000e+00,0.000000000000000000e+00
4.013378143310546875e+00,0.000000000000000000e+00,7.822789549827575684e-01,0.000000000000000000e+00,0.000000000000000000e+00,0.000000000000000000e+00,7.777704000473022461e-01,0.000000000000000000e+00,0.000000000000000000e+00,0.000000000000000000e+00,7.396051287651062012e-01,0.000000000000000000e+00,0.000000000000000000e+00
4.113712310791015625e+00,0.000000000000000000e+00,7.822789549827575684e-01,0.000000000000000000e+00,0.000000000000000000e+00,0.000000000000000000e+00,7.777704000473022461e-01,0.000000000000000000e+00,0.000000000000000000e+00,0.000000000000000000e+00,7.382358312606811523e-01,0.000000000000000000e+00,0.000000000000000000e+00
4.214046955108642578e+00,0.000000000000000000e+00,7.822789549827575684e-01,0.000000000000000000e+00,0.000000000000000000e+00,0.000000000000000000e+00,7.777704000473022461e-01,0.000000000000000000e+00,0.000000000000000000e+00,0.000000000000000000e+00,7.368869185447692871e-01,0.000000000000000000e+00,0.000000000000000000e+00
4.314381122589111328e+00,0.000000000000000000e+00,7.822789549827575684e-01,0.000000000000000000e+00,0.000000000000000000e+00,0.000000000000000000e+00,7.777704000473022461e-01,0.000000000000000000e+00,0.000000000000000000e+00,0.000000000000000000e+00,7.355571389198303223e-01,0.000000000000000000e+00,0.000000000000000000e+00
4.414715766906738281e+00,0.000000000000000000e+00,7.822789549827575684e-01,0.000000000000000000e+00,0.000000000000000000e+00,0.000000000000000000e+00,7.777704000473022461e-01,0.000000000000000000e+00,0.000000000000000000e+00,0.000000000000000000e+00,7.342454195022583008e-01,0.000000000000000000e+00,0.000000000000000000e+00
4.515049934387207031e+00,0.000000000000000000e+00,7.822789549827575684e-01,0.000000000000000000e+00,0.000000000000000000e+00,0.000000000000000000e+00,7.777704000473022461e-01,0.000000000000000000e+00,0.000000000000000000e+00,0.000000000000000000e+00,7.329506874084472656e-01,0.000000000000000000e+00,0.000000000000000000e+00
4.615384578704833984e+00,0.000000000000000000e+00,7.822789549827575684e-01,0.000000000000000000e+00,0.000000000000000000e+00,0.000000000000000000e+00,7.777704000473022461e-01,0.000000000000000000e+00,0.000000000000000000e+00,0.000000000000000000e+00,7.316719889640808105e-01,0.000000000000000000e+00,0.000000000000000000e+00
4.715719223022460938e+00,0.000000000000000000e+00,7.822789549827575684e-01,0.000000000000000000e+00,0.000000000000000000e+00,0.000000000000000000e+00,7.777704000473022461e-01,0.000000000000000000e+00,0.000000000000000000e+00,0.000000000000000000e+00,7.304085493087768555e-01,0.000000000000000000e+00,0.000000000000000000e+00
4.816053390502929688e+00,0.000000000000000000e+00,7.822789549827575684e-01,0.000000000000000000e+00,0.000000000000000000e+00,0.000000000000000000e+00,7.777704000473022461e-01,0.000000000000000000e+00,0.000000000000000000e+00,0.000000000000000000e+00,7.291595339775085449e-01,0.000000000000000000e+00,0.000000000000000000e+00
4.916388034820556641e+00,0.000000000000000000e+00,7.822789549827575684e-01,0.000000000000000000e+00,0.000000000000000000e+00,0.000000000000000000e+00,7.777704000473022461e-01,0.000000000000000000e+00,0.000000000000000000e+00,0.000000000000000000e+00,7.279242873191833496e-01,0.000000000000000000e+00,0.000000000000000000e+00
5.016722202301025391e+00,0.000000000000000000e+00,7.822789549827575684e-01,0.000000000000000000e+00,0.000000000000000000e+00,0.000000000000000000e+00,7.777704000473022461e-01,0.000000000000000000e+00,0.000000000000000000e+00,0.000000000000000000e+00,7.267020940780639648e-01,0.000000000000000000e+00,0.000000000000000000e+00
5.117056846618652344e+00,0.000000000000000000e+00,7.822789549827575684e-01,0.000000000000000000e+00,0.000000000000000000e+00,0.000000000000000000e+00,7.777704000473022461e-01,0.000000000000000000e+00,0.000000000000000000e+00,0.000000000000000000e+00,7.254923582077026367e-01,0.000000000000000000e+00,0.000000000000000000e+00
5.217391490936279297e+00,0.000000000000000000e+00,7.822789549827575684e-01,0.000000000000000000e+00,0.000000000000000000e+00,0.000000000000000000e+00,7.777704000473022461e-01,0.000000000000000000e+00,0.000000000000000000e+00,0.000000000000000000e+00,7.242945432662963867e-01,0.000000000000000000e+00,0.000000000000000000e+00
5.317725658416748047e+00,0.000000000000000000e+00,7.822789549827575684e-01,0.000000000000000000e+00,0.000000000000000000e+00,0.000000000000000000e+00,7.777704000473022461e-01,0.000000000000000000e+00,0.000000000000000000e+00,0.000000000000000000e+00,7.231081724166870117e-01,0.000000000000000000e+00,0.000000000000000000e+00
5.418060302734375000e+00,0.000000000000000000e+00,7.822789549827575684e-01,0.000000000000000000e+00,0.000000000000000000e+00,0.000000000000000000e+00,7.777704000473022461e-01,0.000000000000000000e+00,0.000000000000000000e+00,0.000000000000000000e+00,7.219327688217163086e-01,0.000000000000000000e+00,0.000000000000000000e+00
5.518394470214843750e+00,0.000000000000000000e+00,7.822789549827575684e-01,0.000000000000000000e+00,0.000000000000000000e+00,0.000000000000000000e+00,7.777704000473022461e-01,0.000000000000000000e+00,0.000000000000000000e+00,0.000000000000000000e+00,7.207678556442260742e-01,0.000000000000000000e+00,0.000000000000000000e+00
5.618729114532470703e+00,0.000000000000000000e+00,7.822789549827575684e-01,0.000000000000000000e+00,0.000000000000000000e+00,0.000000000000000000e+00,7.777704000473022461e-01,0.000000000000000000e+00,0.000000000000000000e+00,0.000000000000000000e+00,7.196129560470581055e-01,0.000000000000000000e+00,0.000000000000000000e+00
5.719063758850097656e+00,0.000000000000000000e+00,7.822789549827575684e-01,0.000000000000000000e+00,0.000000000000000000e+00,0.000000000000000000e+00,7.777704000473022461e-01,0.000000000000000000e+00,0.000000000000000000e+00,0.000000000000000000e+00,7.184678316116333008e-01,0.000000000000000000e+00,0.000000000000000000e+00
5.819397926330566406e+00,0.000000000000000000e+00,7.822789549827575684e-01,0.000000000000000000e+00,0.000000000000000000e+00,0.000000000000000000e+00,7.777704000473022461e-01,0.000000000000000000e+00,0.000000000000000000e+00,0.000000000000000000e+00,7.173320055007934570e-01,0.000000000000000000e+00,0.000000000000000000e+00
5.919732570648193359e+00,0.000000000000000000e+00,7.822789549827575684e-01,0.000000000000000000e+00,0.000000000000000000e+00,0.000000000000000000e+00,7.777704000473022461e-01,0.000000000000000000e+00,0.000000000000000000e+00,0.000000000000000000e+00,7.162052392959594727e-01,0.000000000000000000e+00,0.000000000000000000e+00
6.020066738128662109e+00,0.000000000000000000e+00,7.822789549827575684e-01,0.000000000000000000e+00,0.000000000000000000e+00,0.000000000000000000e+00,7.777704000473022461e-01,0.000000000000000000e+00,0.000000000000000000e+00,0.000000000000000000e+00,7.150871157646179199e-01,0.000000000000000000e+00,0.000000000000000000e+00
6.120401382446289062e+00,0.000000000000000000e+00,7.822789549827575684e-01,0.000000000000000000e+00,0.000000000000000000e+00,0.000000000000000000e+00,7.777704000473022461e-01,0.000000000000000000e+00,0.000000000000000000e+00,0.000000000000000000e+00,7.139773964881896973e-01,0.000000000000000000e+00,0.000000000000000000e+00
6.220735549926757812e+00,0.000000000000000000e+00,7.822789549827575684e-01,0.000000000000000000e+00,0.000000000000000000e+00,0.000000000000000000e+00,7.777704000473022461e-01,0.000000000000000000e+00,0.000000000000000000e+00,0.000000000000000000e+00,7.128757834434509277e-01,0.000000000000000000e+00,0.000000000000000000e+00
6.321070194244384766e+00,0.000000000000000000e+00,7.822789549827575684e-01,0.000000000000000000e+00,0.000000000000000000e+00,0.000000000000000000e+00,7.777704000473022461e-01,0.000000000000000000e+00,0.000000000000000000e+00,0.000000000000000000e+00,7.117820382118225098e-01,0.000000000000000000e+00,0.000000000000000000e+00
6.421404838562011719e+00,0.000000000000000000e+00,7.822789549827575684e-01,0.000000000000000000e+00,0.000000000000000000e+00,0.000000000000000000e+00,7.777704000473022461e-01,0.000000000000000000e+00,0.000000000000000000e+00,0.000000000000000000e+00,7.106959223747253418e-01,0.000000000000000000e+00,0.000000000000000000e+00
6.521739006042480469e+00,0.000000000000000000e+00,7.822789549827575684e-01,0.000000000000000000e+00,0.000000000000000000e+00,0.000000000000000000e+00,7.777704000473022461e-01,0.000000000000000000e+00,0.000000000000000000e+00,0.000000000000000000e+00,7.096171379089355469e-01,0.000000000000000000e+00,0.000000000000000000e+00
6.622073650360107422e+00,0.000000000000000000e+00,7.822789549827575684e-01,0.000000000000000000e+00,0.000000000000000000e+00,0.000000000000000000e+00,7.777704000473022461e-01,0.000000000000000000e+00,0.000000000000000000e+00,0.000000000000000000e+00,7.085455060005187988e-01,0.000000000000000000e+00,0.000000000000000000e+00
6.722407817840576172e+00,0.000000000000000000e+00,7.822789549827575684e-01,0.000000000000000000e+00,0.000000000000000000e+00,0.000000000000000000e+00,7.777704000473022461e-01,0.000000000000000000e+00,0.000000000000000000e+00,0.000000000000000000e+00,7.074808478355407715e-01,0.000000000000000000e+00,0.000000000000000000e+00
6.822742462158203125e+00,0.000000000000000000e+00,7.822789549827575684e-01,0.000000000000000000e+00,0.000000000000000000e+00,0.000000000000000000e+00,7.777704000473022461e-01,0.000000000000000000e+00,0.000000000000000000e+00,0.000000000000000000e+00,7.064229249954223633e-01,0.000000000000000000e+00,0.000000000000000000e+00
6.923077106475830078e+00,0.000000000000000000e+00,7.822789549827575684e-01,0.000000000000000000e+00,0.000000000000000000e+00,0.000000000000000000e+00,7.777704000473022461e-01,0.000000000000000000e+00,0.000000000000000000e+00,0.000000000000000000e+00,7.053715586662292480e-01,0.000000000000000000e+00,0.000000000000000000e+00
7.023411273956298828e+00,0.000000000000000000e+00,7.822789549827575684e-01,0.000000000000000000e+00,0.000000000000000000e+00,0.000000000000000000e+00,7.777704000473022461e-01,0.000000000000000000e+00,0.000000000000000000e+00,0.000000000000000000e+00,7.043265700340270996e-01,0.000000000000000000e+00,0.000000000000000000e+00
7.123745918273925781e+00,0.000000000000000000e+00,7.822789549827575684e-01,0.000000000000000000e+00,0.000000000000000000e+00,0.000000000000000000e+00,7.777704000473022461e-01,0.000000000000000000e+00,0.000000000000000000e+00,0.000000000000000000e+00,7.032877802848815918e-01,0.000000000000000000e+00,0.000000000000000000e+00
7.224080085754394531e+00,0.000000000000000000e+00,7.822789549827575684e-01,0.000000000000000000e+00,0.000000000000000000e+00,0.000000000000000000e+00,7.777704000473022461e-01,0.000000000000000000e+00,0.000000000000000000e+00,0.000000000000000000e+00,7.022550702095031738e-01,0.000000000000000000e+00,0.000000000000000000e+00
7.324414730072021484e+00,0.000000000000000000e+00,7.822789549827575684e-01,0.000000000000000000e+00,0.000000000000000000e+00,0.000000000000000000e+00,7.777704000473022461e-01,0.000000000000000000e+00,0.000000000000000000e+00,0.000000000000000000e+00,7.012282013893127441e-01,0.000000000000000000e+00,0.000000000000000000e+00
7.424749374389648438e+00,0.000000000000000000e+00,7.822789549827575684e-01,0.000000000000000000e+00,0.000000000000000000e+00,0.000000000000000000e+00,7.777704000473022461e-01,0.000000000000000000e+00,0.000000000000000000e+00,0.000000000000000000e+00,7.002070546150207520e-01,0.000000000000000000e+00,0.000000000000000000e+00
7.525083541870117188e+00,0.000000000000000000e+00,7.822789549827575684e-01,0.000000000000000000e+00,0.000000000000000000e+00,0.000000000000000000e+00,7.777704000473022461e-01,0.000000000000000000e+00,0.000000000000000000e+00,0.000000000000000000e+00,6.991915106773376465e-01,0.000000000000000000e+00,0.000000000000000000e+00
7.625418186187744141e+00,0.000000000000000000e+00,7.822789549827575684e-01,0.000000000000000000e+00,0.000000000000000000e+00,0.000000000000000000e+00,7.777704000473022461e-01,0.000000000000000000e+00,0.000000000000000000e+00,0.000000000000000000e+00,6.981814503669738770e-01,0.000000000000000000e+00,0.000000000000000000e+00
7.725752353668212891e+00,0.000000000000000000e+00,7.822789549827575684e-01,0.000000000000000000e+00,0.000000000000000000e+00,0.000000000000000000e+00,7.777704000473022461e-01,0.000000000000000000e+00,0.000000000000000000e+00,0.000000000000000000e+00,6.971766948699951172e-01,0.000000000000000000e+00,0.000000000000000000e+00
7.826086997985839844e+00,0.000000000000000000e+00,7.822789549827575684e-01,0.000000000000000000e+00,0.000000000000000000e+00,0.000000000000000000e+00,7.777704000473022461e-01,0.000000000000000000e+00,0.000000000000000000e+00,0.000000000000000000e+00,6.961771249771118164e-01,0.000000000000000000e+00,0.000000000000000000e+00
7.926421642303466797e+00,0.000000000000000000e+00,7.822789549827575684e-01,0.000000000000000000e+00,0.000000000000000000e+00,0.000000000000000000e+00,7.777704000473022461e-01,0.000000000000000000e+00,0.000000000000000000e+00,0.000000000000000000e+00,6.951826810836791992e-01,0.000000000000000000e+00,0.000000000000000000e+00
8.026756286621093750e+00,0.000000000000000000e+00,7.822789549827575684e-01,0.000000000000000000e+00,0.000000000000000000e+00,0.000000000000000000e+00,7.777704000473022461e-01,0.000000000000000000e+00,0.000000000000000000e+00,0.000000000000000000e+00,6.941932439804077148e-01,0.000000000000000000e+00,0.000000000000000000e+00
8.127090454101562500e+00,0.000000000000000000e+00,7.822789549827575684e-01,0.000000000000000000e+00,0.000000000000000000e+00,0.000000000000000000e+00,7.777704000473022461e-01,0.000000000000000000e+00,0.000000000000000000e+00,0.000000000000000000e+00,6.932085752487182617e-01,0.000000000000000000e+00,0.000000000000000000e+00
8.227424621582031250e+00,0.000000000000000000e+00,7.822789549827575684e-01,0.000000000000000000e+00,0.000000000000000000e+00,0.000000000000000000e+00,7.777704000473022461e-01,0.000000000000000000e+00,0.000000000000000000e+00,0.000000000000000000e+00,6.922286748886108398e-01,0.000000000000000000e+00,0.000000000000000000e+00
8.327758789062500000e+00,0.000000000000000000e+00,7.822789549827575684e-01,0.000000000000000000e+00,0.000000000000000000e+00,0.000000000000000000e+00,7.777704000473022461e-01,0.000000000000000000e+00,0.000000000000000000e+00,0.000000000000000000e+00,6.912534832954406738e-01,0.000000000000000000e+00,0.000000000000000000e+00
8.428093910217285156e+00,0.000000000000000000e+00,7.822789549827575684e-01,0.000000000000000000e+00,0.000000000000000000e+00,0.000000000000000000e+00,7.777703404426574707e-01,0.000000000000000000e+00,0.000000000000000000e+00,0.000000000000000000e+00,6.902828812599182129e-01,0.000000000000000000e+00,0.000000000000000000e+00
8.528428077697753906e+00,0.000000000000000000e+00,7.822789549827575684e-01,0.000000000000000000e+00,0.000000000000000000e+00,0.000000000000000000e+00,7.777704000473022461e-01,0.000000000000000000e+00,0.000000000000000000e+00,0.000000000000000000e+00,6.893166899681091309e-01,0.000000000000000000e+00,0.000000000000000000e+00
8.628762245178222656e+00,0.000000000000000000e+00,7.822789549827575684e-01,0.000000000000000000e+00,0.000000000000000000e+00,0.000000000000000000e+00,7.777704000473022461e-01,0.000000000000000000e+00,0.000000000000000000e+00,0.000000000000000000e+00,6.883549094200134277e-01,0.000000000000000000e+00,0.000000000000000000e+00
8.729097366333007812e+00,0.000000000000000000e+00,7.822789549827575684e-01,0.000000000000000000e+00,0.000000000000000000e+00,0.000000000000000000e+00,7.777703404426574707e-01,0.000000000000000000e+00,0.000000000000000000e+00,0.000000000000000000e+00,6.873974204063415527e-01,0.000000000000000000e+00,0.000000000000000000e+00
8.829431533813476562e+00,0.000000000000000000e+00,7.822789549827575684e-01,0.000000000000000000e+00,0.000000000000000000e+00,0.000000000000000000e+00,7.777704000473022461e-01,0.000000000000000000e+00,0.000000000000000000e+00,0.000000000000000000e+00,6.864441633224487305e-01,0.000000000000000000e+00,0.000000000000000000e+00
8.929765701293945312e+00,0.000000000000000000e+00,7.822789549827575684e-01,0.000000000000000000e+00,0.000000000000000000e+00,0.000000000000000000e+00,7.777704000473022461e-01,0.000000000000000000e+00,0.000000000000000000e+00,0.000000000000000000e+00,6.854950189590454102e-01,0.000000000000000000e+00,0.000000000000000000e+00
9.030099868774414062e+00,0.000000000000000000e+00,7.822789549827575684e-01,0.000000000000000000e+00,0.000000000000000000e+00,0.000000000000000000e+00,7.777704000473022461e-01,0.000000000000000000e+00,0.000000000000000000e+00,0.000000000000000000e+00,6.845499277114868164e-01,0.000000000000000000e+00,0.000000000000000000e+00
9.130434989929199219e+00,0.000000000000000000e+00,7.822789549827575684e-01,0.000000000000000000e+00,0.000000000000000000e+00,0.000000000000000000e+00,7.777703404426574707e-01,0.000000000000000000e+00,0.000000000000000000e+00,0.000000000000000000e+00,6.836088299751281738e-01,0.000000000000000000e+00,0.000000000000000000e+00
9.230769157409667969e+00,0.000000000000000000e+00,7.822789549827575684e-01,0.000000000000000000e+00,0.000000000000000000e+00,0.000000000000000000e+00,7.777704000473022461e-01,0.000000000000000000e+00,0.000000000000000000e+00,0.000000000000000000e+00,6.826716065406799316e-01,0.000000000000000000e+00,0.000000000000000000e+00
9.331103324890136719e+00,0.000000000000000000e+00,7.822789549827575684e-01,0.000000000000000000e+00,0.000000000000000000e+00,0.000000000000000000e+00,7.777704000473022461e-01,0.000000000000000000e+00,0.000000000000000000e+00,0.000000000000000000e+00,6.817382574081420898e-01,0.000000000000000000e+00,0.000000000000000000e+00
9.431438446044921875e+00,0.000000000000000000e+00,7.822789549827575684e-01,0.000000000000000000e+00,0.000000000000000000e+00,0.000000000000000000e+00,7.777703404426574707e-01,0.000000000000000000e+00,0.000000000000000000e+00,0.000000000000000000e+00,6.808086633682250977e-01,0.000000000000000000e+00,0.000000000000000000e+00
9.531772613525390625e+00,0.000000000000000000e+00,7.822789549827575684e-01,0.000000000000000000e+00,0.000000000000000000e+00,0.000000000000000000e+00,7.777704000473022461e-01,0.000000000000000000e+00,0.000000000000000000e+00,0.000000000000000000e+00,6.798828244209289551e-01,0.000000000000000000e+00,0.000000000000000000e+00
9.632106781005859375e+00,0.000000000000000000e+00,7.822789549827575684e-01,0.000000000000000000e+00,0.000000000000000000e+00,0.000000000000000000e+00,7.777704000473022461e-01,0.000000000000000000e+00,0.000000000000000000e+00,0.000000000000000000e+00,6.789606213569641113e-01,0.000000000000000000e+00,0.000000000000000000e+00
9.732441902160644531e+00,0.000000000000000000e+00,7.822789549827575684e-01,0.000000000000000000e+00,0.000000000000000000e+00,0.000000000000000000e+00,7.777703404426574707e-01,0.000000000000000000e+00,0.000000000000000000e+00,0.000000000000000000e+00,6.780419945716857910e-01,0.000000000000000000e+00,0.000000000000000000e+00
9.832776069641113281e+00,0.000000000000000000e+00,7.822789549827575684e-01,0.000000000000000000e+00,0.000000000000000000e+00,0.000000000000000000e+00,7.777704000473022461e-01,0.000000000000000000e+00,0.000000000000000000e+00,0.000000000000000000e+00,6.771268844604492188e-01,0.000000000000000000e+00,0.000000000000000000e+00
9.933110237121582031e+00,0.000000000000000000e+00,7.822789549827575684e-01,0.000000000000000000e+00,0.000000000000000000e+00,0.000000000000000000e+00,7.777704000473022461e-01,0.000000000000000000e+00,0.000000000000000000e+00,0.000000000000000000e+00,6.762152314186096191e-01,0.000000000000000000e+00,0.000000000000000000e+00
1.003344440460205078e+01,0.000000000000000000e+00,7.822789549827575684e-01,0.000000000000000000e+00,0.000000000000000000e+00,0.000000000000000000e+00,7.777704000473022461e-01,0.000000000000000000e+00,0.000000000000000000e+00,0.000000000000000000e+00,6.753070354461669922e-01,0.000000000000000000e+00,0.000000000000000000e+00
1.013377952575683594e+01,0.000000000000000000e+00,7.822789549827575684e-01,0.000000000000000000e+00,0.000000000000000000e+00,0.000000000000000000e+00,7.777703404426574707e-01,0.000000000000000000e+00,0.000000000000000000e+00,0.000000000000000000e+00,6.744021773338317871e-01,0.000000000000000000e+00,0.000000000000000000e+00
1.023411369323730469e+01,0.000000000000000000e+00,7.822789549827575684e-01,0.000000000000000000e+00,0.000000000000000000e+00,0.000000000000000000e+00,7.777704000473022461e-01,0.000000000000000000e+00,0.000000000000000000e+00,0.000000000000000000e+00,6.735005974769592285e-01,0.000000000000000000e+00,0.000000000000000000e+00
1.033444786071777344e+01,0.000000000000000000e+00,7.822789549827575684e-01,0.000000000000000000e+00,0.000000000000000000e+00,0.000000000000000000e+00,7.777704000473022461e-01,0.000000000000000000e+00,0.000000000000000000e+00,0.000000000000000000e+00,6.726022958755493164e-01,0.000000000000000000e+00,0.000000000000000000e+00
1.043478298187255859e+01,0.000000000000000000e+00,7.822789549827575684e-01,0.000000000000000000e+00,0.000000000000000000e+00,0.000000000000000000e+00,7.777703404426574707e-01,0.000000000000000000e+00,0.000000000000000000e+00,0.000000000000000000e+00,6.717072129249572754e-01,0.000000000000000000e+00,0.000000000000000000e+00
1.053511714935302734e+01,0.000000000000000000e+00,7.822789549827575684e-01,0.000000000000000000e+00,0.000000000000000000e+00,0.000000000000000000e+00,7.777704000473022461e-01,0.000000000000000000e+00,0.000000000000000000e+00,0.000000000000000000e+00,6.708152890205383301e-01,0.000000000000000000e+00,0.000000000000000000e+00
1.063545131683349609e+01,0.000000000000000000e+00,7.822789549827575684e-01,0.000000000000000000e+00,0.000000000000000000e+00,0.000000000000000000e+00,7.777704000473022461e-01,0.000000000000000000e+00,0.000000000000000000e+00,0.000000000000000000e+00,6.699264645576477051e-01,0.000000000000000000e+00,0.000000000000000000e+00
1.073578548431396484e+01,0.000000000000000000e+00,7.822789549827575684e-01,0.000000000000000000e+00,0.000000000000000000e+00,0.000000000000000000e+00,7.777704000473022461e-01,0.000000000000000000e+00,0.000000000000000000e+00,0.000000000000000000e+00,6.690407395362854004e-01,0.000000000000000000e+00,0.000000000000000000e+00
1.083612060546875000e+01,0.000000000000000000e+00,7.822789549827575684e-01,0.000000000000000000e+00,0.000000000000000000e+00,0.000000000000000000e+00,7.777703404426574707e-01,0.000000000000000000e+00,0.000000000000000000e+00,0.000000000000000000e+00,6.681579947471618652e-01,0.000000000000000000e+00,0.000000000000000000e+00
1.093645477294921875e+01,0.000000000000000000e+00,7.822789549827575684e-01,0.000000000000000000e+00,0.000000000000000000e+00,0.000000000000000000e+00,7.777704000473022461e-01,0.000000000000000000e+00,0.000000000000000000e+00,0.000000000000000000e+00,6.672782897949218750e-01,0.000000000000000000e+00,0.000000000000000000e+00
1.103678894042968750e+01,0.000000000000000000e+00,7.822789549827575684e-01,0.000000000000000000e+00,0.000000000000000000e+00,0.000000000000000000e+00,7.777704000473022461e-01,0.000000000000000000e+00,0.000000000000000000e+00,0.000000000000000000e+00,6.664015054702758789e-01,0.000000000000000000e+00,0.000000000000000000e+00
1.113712406158447266e+01,0.000000000000000000e+00,7.822789549827575684e-01,0.000000000000000000e+00,0.000000000000000000e+00,0.000000000000000000e+00,7.777703404426574707e-01,0.000000000000000000e+00,0.000000000000000000e+00,0.000000000000000000e+00,6.655275821685791016e-01,0.000000000000000000e+00,0.000000000000000000e+00
1.123745822906494141e+01,0.000000000000000000e+00,7.822789549827575684e-01,0.000000000000000000e+00,0.000000000000000000e+00,0.000000000000000000e+00,7.777704000473022461e-01,0.000000000000000000e+00,0.000000000000000000e+00,0.000000000000000000e+00,6.646565198898315430e-01,0.000000000000000000e+00,0.000000000000000000e+00
1.133779239654541016e+01,0.000000000000000000e+00,7.822789549827575684e-01,0.000000000000000000e+00,0.000000000000000000e+00,0.000000000000000000e+00,7.777704000473022461e-01,0.000000000000000000e+00,0.000000000000000000e+00,0.000000000000000000e+00,6.637883186340332031e-01,0.000000000000000000e+00,0.000000000000000000e+00
1.143812751770019531e+01,0.000000000000000000e+00,7.822789549827575684e-01,0.000000000000000000e+00,0.000000000000000000e+00,0.000000000000000000e+00,7.777703404426574707e-01,0.000000000000000000e+00,0.000000000000000000e+00,0.000000000000000000e+00,6.629229187965393066e-01,0.000000000000000000e+00,0.000000000000000000e+00
1.153846168518066406e+01,0.000000000000000000e+00,7.822789549827575684e-01,0.000000000000000000e+00,0.000000000000000000e+00,0.000000000000000000e+00,7.777704000473022461e-01,0.000000000000000000e+00,0.000000000000000000e+00,0.000000000000000000e+00,6.620602607727050781e-01,0.000000000000000000e+00,0.000000000000000000e+00
1.163879585266113281e+01,0.000000000000000000e+00,7.822789549827575684e-01,0.000000000000000000e+00,0.000000000000000000e+00,0.000000000000000000e+00,7.777704000473022461e-01,0.000000000000000000e+00,0.000000000000000000e+00,0.000000000000000000e+00,6.612003445625305176e-01,0.000000000000000000e+00,0.000000000000000000e+00
1.173913002014160156e+01,0.000000000000000000e+00,7.822789549827575684e-01,0.000000000000000000e+00,0.000000000000000000e+00,0.000000000000000000e+00,7.777704000473022461e-01,0.000000000000000000e+00,0.000000000000000000e+00,0.000000000000000000e+00,6.603431105613708496e-01,0.000000000000000000e+00,0.000000000000000000e+00
1.183946514129638672e+01,0.000000000000000000e+00,7.822789549827575684e-01,0.000000000000000000e+00,0.000000000000000000e+00,0.000000000000000000e+00,7.777703404426574707e-01,0.000000000000000000e+00,0.000000000000000000e+00,0.000000000000000000e+00,6.594884991645812988e-01,0.000000000000000000e+00,0.000000000000000000e+00
1.193979930877685547e+01,0.000000000000000000e+00,7.822789549827575684e-01,0.000000000000000000e+00,0.000000000000000000e+00,0.000000000000000000e+00,7.777704000473022461e-01,0.000000000000000000e+00,0.000000000000000000e+00,0.000000000000000000e+00,6.586365103721618652e-01,0.000000000000000000e+00,0.000000000000000000e+00
1.204013347625732422e+01,0.000000000000000000e+00,7.822789549827575684e-01,0.000000000000000000e+00,0.000000000000000000e+00,0.000000000000000000e+00,7.777704000473022461e-01,0.000000000000000000e+00,0.000000000000000000e+00,0.000000000000000000e+00,6.577871441841125488e-01,0.000000000000000000e+00,0.000000000000000000e+00
1.214046859741210938e+01,0.000000000000000000e+00,7.822789549827575684e-01,0.000000000000000000e+00,0.000000000000000000e+00,0.000000000000000000e+00,7.777703404426574707e-01,0.000000000000000000e+00,0.000000000000000000e+00,0.000000000000000000e+00,6.569403409957885742e-01,0.000000000000000000e+00,0.000000000000000000e+00
1.224080276489257812e+01,0.000000000000000000e+00,7.822789549827575684e-01,0.000000000000000000e+00,0.000000000000000000e+00,0.000000000000000000e+00,7.777704000473022461e-01,0.000000000000000000e+00,0.000000000000000000e+00,0.000000000000000000e+00,6.560959815979003906e-01,0.000000000000000000e+00,0.000000000000000000e+00
1.234113693237304688e+01,0.000000000000000000e+00,7.822789549827575684e-01,0.000000000000000000e+00,0.000000000000000000e+00,0.000000000000000000e+00,7.777704000473022461e-01,0.000000000000000000e+00,0.000000000000000000e+00,0.000000000000000000e+00,6.552542448043823242e-01,0.000000000000000000e+00,0.000000000000000000e+00
1.244147109985351562e+01,0.000000000000000000e+00,7.822789549827575684e-01,0.000000000000000000e+00,0.000000000000000000e+00,0.000000000000000000e+00,7.777704000473022461e-01,0.000000000000000000e+00,0.000000000000000000e+00,0.000000000000000000e+00,6.544148921966552734e-01,0.000000000000000000e+00,0.000000000000000000e+00
1.254180622100830078e+01,0.000000000000000000e+00,7.822789549827575684e-01,0.000000000000000000e+00,0.000000000000000000e+00,0.000000000000000000e+00,7.777703404426574707e-01,0.000000000000000000e+00,0.000000000000000000e+00,0.000000000000000000e+00,6.535779237747192383e-01,0.000000000000000000e+00,0.000000000000000000e+00
1.264214038848876953e+01,0.000000000000000000e+00,7.822789549827575684e-01,0.000000000000000000e+00,0.000000000000000000e+00,0.000000000000000000e+00,7.777704000473022461e-01,0.000000000000000000e+00,0.000000000000000000e+00,0.000000000000000000e+00,6.527434587478637695e-01,0.000000000000000000e+00,0.000000000000000000e+00
1.274247455596923828e+01,0.000000000000000000e+00,7.822789549827575684e-01,0.000000000000000000e+00,0.000000000000000000e+00,0.000000000000000000e+00,7.777704000473022461e-01,0.000000000000000000e+00,0.000000000000000000e+00,0.000000000000000000e+00,6.519113779067993164e-01,0.000000000000000000e+00,0.000000000000000000e+00
1.284280967712402344e+01,0.000000000000000000e+00,7.822789549827575684e-01,0.000000000000000000e+00,0.000000000000000000e+00,0.000000000000000000e+00,7.777703404426574707e-01,0.000000000000000000e+00,0.000000000000000000e+00,0.000000000000000000e+00,6.510815620422363281e-01,0.000000000000000000e+00,0.000000000000000000e+00
1.294314384460449219e+01,0.000000000000000000e+00,7.822789549827575684e-01,0.000000000000000000e+00,0.000000000000000000e+00,0.000000000000000000e+00,7.777704000473022461e-01,0.000000000000000000e+00,0.000000000000000000e+00,0.000000000000000000e+00,6.502541303634643555e-01,0.000000000000000000e+00,0.000000000000000000e+00
1.304347801208496094e+01,0.000000000000000000e+00,7.822789549827575684e-01,0.000000000000000000e+00,0.000000000000000000e+00,0.000000000000000000e+00,7.777704000473022461e-01,0.000000000000000000e+00,0.000000000000000000e+00,0.000000000000000000e+00,6.494290828704833984e-01,0.000000000000000000e+00,0.000000000000000000e+00
1.314381313323974609e+01,0.000000000000000000e+00,7.822789549827575684e-01,0.000000000000000000e+00,0.000000000000000000e+00,0.000000000000000000e+00,7.777703404426574707e-01,0.000000000000000000e+00,0.000000000000000000e+00,0.000000000000000000e+00,6.486062407493591309e-01,0.000000000000000000e+00,0.000000000000000000e+00
1.324414730072021484e+01,0.000000000000000000e+00,7.822789549827575684e-01,0.000000000000000000e+00,0.000000000000000000e+00,0.000000000000000000e+00,7.777704000473022461e-01,0.000000000000000000e+00,0.000000000000000000e+00,0.000000000000000000e+00,6.477857232093811035e-01,0.000000000000000000e+00,0.000000000000000000e+00
1.334448146820068359e+01,0.000000000000000000e+00,7.822789549827575684e-01,0.000000000000000000e+00,0.000000000000000000e+00,0.000000000000000000e+00,7.777704000473022461e-01,0.000000000000000000e+00,0.000000000000000000e+00,0.000000000000000000e+00,6.469673514366149902e-01,0.000000000000000000e+00,0.000000000000000000e+00
1.344481563568115234e+01,0.000000000000000000e+00,7.822789549827575684e-01,0.000000000000000000e+00,0.000000000000000000e+00,0.000000000000000000e+00,7.777704000473022461e-01,0.000000000000000000e+00,0.000000000000000000e+00,0.000000000000000000e+00,6.461513042449951172e-01,0.000000000000000000e+00,0.000000000000000000e+00
1.354515075683593750e+01,0.000000000000000000e+00,7.822789549827575684e-01,0.000000000000000000e+00,0.000000000000000000e+00,0.000000000000000000e+00,7.777703404426574707e-01,0.000000000000000000e+00,0.000000000000000000e+00,0.000000000000000000e+00,6.453374624252319336e-01,0.000000000000000000e+00,0.000000000000000000e+00
1.364548492431640625e+01,0.000000000000000000e+00,7.822789549827575684e-01,0.000000000000000000e+00,0.000000000000000000e+00,0.000000000000000000e+00,7.777704000473022461e-01,0.000000000000000000e+00,0.000000000000000000e+00,0.000000000000000000e+00,6.445257663726806641e-01,0.000000000000000000e+00,0.000000000000000000e+00
1.374581909179687500e+01,0.000000000000000000e+00,7.822789549827575684e-01,0.000000000000000000e+00,0.000000000000000000e+00,0.000000000000000000e+00,7.777704000473022461e-01,0.000000000000000000e+00,0.000000000000000000e+00,0.000000000000000000e+00,6.437162160873413086e-01,0.000000000000000000e+00,0.000000000000000000e+00
1.384615421295166016e+01,0.000000000000000000e+00,7.822789549827575684e-01,0.000000000000000000e+00,0.000000000000000000e+00,0.000000000000000000e+00,7.777703404426574707e-01,0.000000000000000000e+00,0.000000000000000000e+00,0.000000000000000000e+00,6.429088115692138672e-01,0.000000000000000000e+00,0.000000000000000000e+00
1.394648838043212891e+01,0.000000000000000000e+00,7.822789549827575684e-01,0.000000000000000000e+00,0.000000000000000000e+00,0.000000000000000000e+00,7.777704000473022461e-01,0.000000000000000000e+00,0.000000000000000000e+00,0.000000000000000000e+00,6.421035528182983398e-01,0.000000000000000000e+00,0.000000000000000000e+00
1.404682254791259766e+01,0.000000000000000000e+00,7.822789549827575684e-01,0.000000000000000000e+00,0.000000000000000000e+00,0.000000000000000000e+00,7.777704000473022461e-01,0.000000000000000000e+00,0.000000000000000000e+00,0.000000000000000000e+00,6.413002610206604004e-01,0.000000000000000000e+00,0.000000000000000000e+00
1.414715671539306641e+01,0.000000000000000000e+00,7.822789549827575684e-01,0.000000000000000000e+00,0.000000000000000000e+00,0.000000000000000000e+00,7.777704000473022461e-01,0.000000000000000000e+00,0.000000000000000000e+00,0.000000000000000000e+00,6.404990553855895996e-01,0.000000000000000000e+00,0.000000000000000000e+00
1.424749183654785156e+01,0.000000000000000000e+00,7.822789549827575684e-01,0.000000000000000000e+00,0.000000000000000000e+00,0.000000000000000000e+00,7.777703404426574707e-01,0.000000000000000000e+00,0.000000000000000000e+00,0.000000000000000000e+00,6.396999955177307129e-01,0.000000000000000000e+00,0.000000000000000000e+00
1.434782600402832031e+01,0.000000000000000000e+00,7.822789549827575684e-01,0.000000000000000000e+00,0.000000000000000000e+00,0.000000000000000000e+00,7.777704000473022461e-01,0.000000000000000000e+00,0.000000000000000000e+00,0.000000000000000000e+00,6.389028429985046387e-01,0.000000000000000000e+00,0.000000000000000000e+00
1.444816017150878906e+01,0.000000000000000000e+00,7.822789549827575684e-01,0.000000000000000000e+00,0.000000000000000000e+00,0.000000000000000000e+00,7.777704000473022461e-01,0.000000000000000000e+00,0.000000000000000000e+00,0.000000000000000000e+00,6.381078362464904785e-01,0.000000000000000000e+00,0.000000000000000000e+00
1.454849529266357422e+01,0.000000000000000000e+00,7.822789549827575684e-01,0.000000000000000000e+00,0.000000000000000000e+00,0.000000000000000000e+00,7.777703404426574707e-01,0.000000000000000000e+00,0.000000000000000000e+00,0.000000000000000000e+00,6.373147368431091309e-01,0.000000000000000000e+00,0.000000000000000000e+00
1.464882946014404297e+01,0.000000000000000000e+00,7.822789549827575684e-01,0.000000000000000000e+00,0.000000000000000000e+00,0.000000000000000000e+00,7.777704000473022461e-01,0.000000000000000000e+00,0.000000000000000000e+00,0.000000000000000000e+00,6.365235447883605957e-01,0.000000000000000000e+00,0.000000000000000000e+00
1.474916362762451172e+01,0.000000000000000000e+00,7.822789549827575684e-01,0.000000000000000000e+00,0.000000000000000000e+00,0.000000000000000000e+00,7.777704000473022461e-01,0.000000000000000000e+00,0.000000000000000000e+00,0.000000000000000000e+00,6.357344388961791992e-01,0.000000000000000000e+00,0.000000000000000000e+00
1.484949874877929688e+01,0.000000000000000000e+00,7.822789549827575684e-01,0.000000000000000000e+00,0.000000000000000000e+00,0.000000000000000000e+00,7.777703404426574707e-01,0.000000000000000000e+00,0.000000000000000000e+00,0.000000000000000000e+00,6.349472999572753906e-01,0.000000000000000000e+00,0.000000000000000000e+00
1.494983291625976562e+01,0.000000000000000000e+00,7.822789549827575684e-01,0.000000000000000000e+00,0.000000000000000000e+00,0.000000000000000000e+00,7.777704000473022461e-01,0.000000000000000000e+00,0.000000000000000000e+00,0.000000000000000000e+00,6.341620683670043945e-01,0.000000000000000000e+00,0.000000000000000000e+00
1.505016708374023438e+01,0.000000000000000000e+00,7.822789549827575684e-01,0.000000000000000000e+00,0.000000000000000000e+00,0.000000000000000000e+00,7.777704000473022461e-01,0.000000000000000000e+00,0.000000000000000000e+00,0.000000000000000000e+00,6.333787441253662109e-01,0.000000000000000000e+00,0.000000000000000000e+00
1.515050125122070312e+01,0.000000000000000000e+00,7.822789549827575684e-01,0.000000000000000000e+00,0.000000000000000000e+00,0.000000000000000000e+00,7.777704000473022461e-01,0.000000000000000000e+00,0.000000000000000000e+00,0.000000000000000000e+00,6.325973272323608398e-01,0.000000000000000000e+00,0.000000000000000000e+00
1.525083637237548828e+01,0.000000000000000000e+00,7.822789549827575684e-01,0.000000000000000000e+00,0.000000000000000000e+00,0.000000000000000000e+00,7.777703404426574707e-01,0.000000000000000000e+00,0.000000000000000000e+00,0.000000000000000000e+00,6.318175792694091797e-01,0.000000000000000000e+00,0.000000000000000000e+00
1.535117053985595703e+01,0.000000000000000000e+00,7.822789549827575684e-01,0.000000000000000000e+00,0.000000000000000000e+00,0.000000000000000000e+00,7.777704000473022461e-01,0.000000000000000000e+00,0.000000000000000000e+00,0.000000000000000000e+00,6.310397386550903320e-01,0.000000000000000000e+00,0.000000000000000000e+00
1.545150470733642578e+01,0.000000000000000000e+00,7.822789549827575684e-01,0.000000000000000000e+00,0.000000000000000000e+00,0.000000000000000000e+00,7.777704000473022461e-01,0.000000000000000000e+00,0.000000000000000000e+00,0.000000000000000000e+00,6.302638053894042969e-01,0.000000000000000000e+00,0.000000000000000000e+00
1.555183982849121094e+01,0.000000000000000000e+00,7.822789549827575684e-01,0.000000000000000000e+00,0.000000000000000000e+00,0.000000000000000000e+00,7.777703404426574707e-01,0.000000000000000000e+00,0.000000000000000000e+00,0.000000000000000000e+00,6.294897794723510742e-01,0.000000000000000000e+00,0.000000000000000000e+00
1.565217399597167969e+01,0.000000000000000000e+00,7.822789549827575684e-01,0.000000000000000000e+00,0.000000000000000000e+00,0.000000000000000000e+00,7.777704000473022461e-01,0.000000000000000000e+00,0.000000000000000000e+00,0.000000000000000000e+00,6.287174224853515625e-01,0.000000000000000000e+00,0.000000000000000000e+00
1.575250816345214844e+01,0.000000000000000000e+00,7.822789549827575684e-01,0.000000000000000000e+00,0.000000000000000000e+00,0.000000000000000000e+00,7.777704000473022461e-01,0.000000000000000000e+00,0.000000000000000000e+00,0.000000000000000000e+00,6.279469728469848633e-01,0.000000000000000000e+00,0.000000000000000000e+00
1.585284328460693359e+01,0.000000000000000000e+00,7.822789549827575684e-01,0.000000000000000000e+00,0.000000000000000000e+00,0.000000000000000000e+00,7.777703404426574707e-01,0.000000000000000000e+00,0.000000000000000000e+00,0.000000000000000000e+00,6.271781921386718750e-01,0.000000000000000000e+00,0.000000000000000000e+00
1.595317745208740234e+01,0.000000000000000000e+00,7.822789549827575684e-01,0.000000000000000000e+00,0.000000000000000000e+00,0.000000000000000000e+00,7.777704000473022461e-01,0.000000000000000000e+00,0.000000000000000000e+00,0.000000000000000000e+00,6.264113187789916992e-01,0.000000000000000000e+00,0.000000000000000000e+00
1.605351257324218750e+01,0.000000000000000000e+00,7.822789549827575684e-01,0.000000000000000000e+00,0.000000000000000000e+00,0.000000000000000000e+00,7.777703404426574707e-01,0.000000000000000000e+00,0.000000000000000000e+00,0.000000000000000000e+00,6.256461143493652344e-01,0.000000000000000000e+00,0.000000000000000000e+00
1.615384674072265625e+01,0.000000000000000000e+00,7.822789549827575684e-01,0.000000000000000000e+00,0.000000000000000000e+00,0.000000000000000000e+00,7.777704000473022461e-01,0.000000000000000000e+00,0.000000000000000000e+00,0.000000000000000000e+00,6.248825788497924805e-01,0.000000000000000000e+00,0.000000000000000000e+00
1.625418090820312500e+01,0.000000000000000000e+00,7.822789549827575684e-01,0.000000000000000000e+00,0.000000000000000000e+00,0.000000000000000000e+00,7.777704000473022461e-01,0.000000000000000000e+00,0.000000000000000000e+00,0.000000000000000000e+00,6.241209506988525391e-01,0.000000000000000000e+00,0.000000000000000000e+00
1.635451507568359375e+01,0.000000000000000000e+00,7.822789549827575684e-01,0.000000000000000000e+00,0.000000000000000000e+00,0.000000000000000000e+00,7.777704000473022461e-01,0.000000000000000000e+00,0.000000000000000000e+00,0.000000000000000000e+00,6.233609914779663086e-01,0.000000000000000000e+00,0.000000000000000000e+00
1.645484924316406250e+01,0.000000000000000000e+00,7.822789549827575684e-01,0.000000000000000000e+00,0.000000000000000000e+00,0.000000000000000000e+00,7.777704000473022461e-01,0.000000000000000000e+00,0.000000000000000000e+00,0.000000000000000000e+00,6.226027011871337891e-01,0.000000000000000000e+00,0.000000000000000000e+00
1.655518341064453125e+01,0.000000000000000000e+00,7.822789549827575684e-01,0.000000000000000000e+00,0.000000000000000000e+00,0.000000000000000000e+00,7.777704000473022461e-01,0.000000000000000000e+00,0.000000000000000000e+00,0.000000000000000000e+00,6.218460798263549805e-01,0.000000000000000000e+00,0.000000000000000000e+00
1.665551757812500000e+01,0.000000000000000000e+00,7.822789549827575684e-01,0.000000000000000000e+00,0.000000000000000000e+00,0.000000000000000000e+00,7.777704000473022461e-01,0.000000000000000000e+00,0.000000000000000000e+00,0.000000000000000000e+00,6.210911273956298828e-01,0.000000000000000000e+00,0.000000000000000000e+00
1.675585365295410156e+01,0.000000000000000000e+00,7.822789549827575684e-01,0.000000000000000000e+00,0.000000000000000000e+00,0.000000000000000000e+00,7.777702808380126953e-01,0.000000000000000000e+00,0.000000000000000000e+00,0.000000000000000000e+00,6.203378438949584961e-01,0.000000000000000000e+00,0.000000000000000000e+00
1.685618782043457031e+01,0.000000000000000000e+00,7.822789549827575684e-01,0.000000000000000000e+00,0.000000000000000000e+00,0.000000000000000000e+00,7.777704000473022461e-01,0.000000000000000000e+00,0.000000000000000000e+00,0.000000000000000000e+00,6.195862293243408203e-01,0.000000000000000000e+00,0.000000000000000000e+00
1.695652198791503906e+01,0.000000000000000000e+00,7.822789549827575684e-01,0.000000000000000000e+00,0.000000000000000000e+00,0.000000000000000000e+00,7.777704000473022461e-01,0.000000000000000000e+00,0.000000000000000000e+00,0.000000000000000000e+00,6.188362836837768555e-01,0.000000000000000000e+00,0.000000000000000000e+00
1.705685615539550781e+01,0.000000000000000000e+00,7.822789549827575684e-01,0.000000000000000000e+00,0.000000000000000000e+00,0.000000000000000000e+00,7.777704000473022461e-01,0.000000000000000000e+00,0.000000000000000000e+00,0.000000000000000000e+00,6.180880069732666016e-01,0.000000000000000000e+00,0.000000000000000000e+00
1.715719032287597656e+01,0.000000000000000000e+00,7.822789549827575684e-01,0.000000000000000000e+00,0.000000000000000000e+00,0.000000000000000000e+00,7.777704000473022461e-01,0.000000000000000000e+00,0.000000000000000000e+00,0.000000000000000000e+00,6.173413991928100586e-01,0.000000000000000000e+00,0.000000000000000000e+00
1.725752449035644531e+01,0.000000000000000000e+00,7.822789549827575684e-01,0.000000000000000000e+00,0.000000000000000000e+00,0.000000000000000000e+00,7.777704000473022461e-01,0.000000000000000000e+00,0.000000000000000000e+00,0.000000000000000000e+00,6.165962219238281250e-01,0.000000000000000000e+00,0.000000000000000000e+00
1.735785865783691406e+01,0.000000000000000000e+00,7.822789549827575684e-01,0.000000000000000000e+00,0.000000000000000000e+00,0.000000000000000000e+00,7.777704000473022461e-01,0.000000000000000000e+00,0.000000000000000000e+00,0.000000000000000000e+00,6.158527135848999023e-01,0.000000000000000000e+00,0.000000000000000000e+00
1.745819473266601562e+01,0.000000000000000000e+00,7.822789549827575684e-01,0.000000000000000000e+00,0.000000000000000000e+00,0.000000000000000000e+00,7.777702808380126953e-01,0.000000000000000000e+00,0.000000000000000000e+00,0.000000000000000000e+00,6.151108741760253906e-01,0.000000000000000000e+00,0.000000000000000000e+00
1.755852890014648438e+01,0.000000000000000000e+00,7.822789549827575684e-01,0.000000000000000000e+00,0.000000000000000000e+00,0.000000000000000000e+00,7.777704000473022461e-01,0.000000000000000000e+00,0.000000000000000000e+00,0.000000000000000000e+00,6.143704652786254883e-01,0.000000000000000000e+00,0.000000000000000000e+00
1.765886306762695312e+01,0.000000000000000000e+00,7.822789549827575684e-01,0.000000000000000000e+00,0.000000000000000000e+00,0.000000000000000000e+00,7.777704000473022461e-01,0.000000000000000000e+00,0.000000000000000000e+00,0.000000000000000000e+00,6.136317253112792969e-01,0.000000000000000000e+00,0.000000000000000000e+00
1.775919723510742188e+01,0.000000000000000000e+00,7.822789549827575684e-01,0.000000000000000000e+00,0.000000000000000000e+00,0.000000000000000000e+00,7.777704000473022461e-01,0.000000000000000000e+00,0.000000000000000000e+00,0.000000000000000000e+00,6.128944158554077148e-01,0.000000000000000000e+00,0.000000000000000000e+00
1.785953140258789062e+01,0.000000000000000000e+00,7.822789549827575684e-01,0.000000000000000000e+00,0.000000000000000000e+00,0.000000000000000000e+00,7.777704000473022461e-01,0.000000000000000000e+00,0.000000000000000000e+00,0.000000000000000000e+00,6.121587753295898438e-01,0.000000000000000000e+00,0.000000000000000000e+00
1.795986557006835938e+01,0.000000000000000000e+00,7.822789549827575684e-01,0.000000000000000000e+00,0.000000000000000000e+00,0.000000000000000000e+00,7.777704000473022461e-01,0.000000000000000000e+00,0.000000000000000000e+00,0.000000000000000000e+00,6.114245653152465820e-01,0.000000000000000000e+00,0.000000000000000000e+00
1.806019973754882812e+01,0.000000000000000000e+00,7.822789549827575684e-01,0.000000000000000000e+00,0.000000000000000000e+00,0.000000000000000000e+00,7.777704000473022461e-01,0.000000000000000000e+00,0.000000000000000000e+00,0.000000000000000000e+00,6.106920242309570312e-01,0.000000000000000000e+00,0.000000000000000000e+00
1.816053581237792969e+01,0.000000000000000000e+00,7.822789549827575684e-01,0.000000000000000000e+00,0.000000000000000000e+00,0.000000000000000000e+00,7.777702808380126953e-01,0.000000000000000000e+00,0.000000000000000000e+00,0.000000000000000000e+00,6.099609136581420898e-01,0.000000000000000000e+00,0.000000000000000000e+00
1.826086997985839844e+01,0.000000000000000000e+00,7.822789549827575684e-01,0.000000000000000000e+00,0.000000000000000000e+00,0.000000000000000000e+00,7.777704000473022461e-01,0.000000000000000000e+00,0.000000000000000000e+00,0.000000000000000000e+00,6.092312335968017578e-01,0.000000000000000000e+00,0.000000000000000000e+00
1.836120414733886719e+01,0.000000000000000000e+00,7.822789549827575684e-01,0.000000000000000000e+00,0.000000000000000000e+00,0.000000000000000000e+00,7.777704000473022461e-01,0.000000000000000000e+00,0.000000000000000000e+00,0.000000000000000000e+00,6.085031628608703613e-01,0.000000000000000000e+00,0.000000000000000000e+00
1.846153831481933594e+01,0.000000000000000000e+00,7.822789549827575684e-01,0.000000000000000000e+00,0.000000000000000000e+00,0.000000000000000000e+00,7.777704000473022461e-01,0.000000000000000000e+00,0.000000000000000000e+00,0.000000000000000000e+00,6.077765822410583496e-01,0.000000000000000000e+00,0.000000000000000000e+00
1.856187248229980469e+01,0.000000000000000000e+00,7.822789549827575684e-01,0.000000000000000000e+00,0.000000000000000000e+00,0.000000000000000000e+00,7.777704000473022461e-01,0.000000000000000000e+00,0.000000000000000000e+00,0.000000000000000000e+00,6.070514321327209473e-01,0.000000000000000000e+00,0.000000000000000000e+00
1.866220664978027344e+01,0.000000000000000000e+00,7.822789549827575684e-01,0.000000000000000000e+00,0.000000000000000000e+00,0.000000000000000000e+00,7.777704000473022461e-01,0.000000000000000000e+00,0.000000000000000000e+00,0.000000000000000000e+00,6.063277125358581543e-01,0.000000000000000000e+00,0.000000000000000000e+00
1.876254272460937500e+01,0.000000000000000000e+00,7.822789549827575684e-01,0.000000000000000000e+00,0.000000000000000000e+00,0.000000000000000000e+00,7.777702808380126953e-01,0.000000000000000000e+00,0.000000000000000000e+00,0.000000000000000000e+00,6.056054234504699707e-01,0.000000000000000000e+00,0.000000000000000000e+00
1.886287689208984375e+01,0.000000000000000000e+00,7.822789549827575684e-01,0.000000000000000000e+00,0.000000000000000000e+00,0.000000000000000000e+00,7.777704000473022461e-01,0.000000000000000000e+00,0.000000000000000000e+00,0.000000000000000000e+00,6.048845648765563965e-01,0.000000000000000000e+00,0.000000000000000000e+00
1.896321105957031250e+01,0.000000000000000000e+00,7.822789549827575684e-01,0.000000000000000000e+00,0.000000000000000000e+00,0.000000000000000000e+00,7.777704000473022461e-01,0.000000000000000000e+00,0.000000000000000000e+00,0.000000000000000000e+00,6.041651368141174316e-01,0.000000000000000000e+00,0.000000000000000000e+00
1.906354522705078125e+01,0.000000000000000000e+00,7.822789549827575684e-01,0.000000000000000000e+00,0.000000000000000000e+00,0.000000000000000000e+00,7.777704000473022461e-01,0.000000000000000000e+00,0.000000000000000000e+00,0.000000000000000000e+00,6.034471392631530762e-01,0.000000000000000000e+00,0.000000000000000000e+00
1.916387939453125000e+01,0.000000000000000000e+00,7.822789549827575684e-01,0.000000000000000000e+00,0.000000000000000000e+00,0.000000000000000000e+00,7.777704000473022461e-01,0.000000000000000000e+00,0.000000000000000000e+00,0.000000000000000000e+00,6.027305722236633301e-01,0.000000000000000000e+00,0.000000000000000000e+00
1.926421356201171875e+01,0.000000000000000000e+00,7.822789549827575684e-01,0.000000000000000000e+00,0.000000000000000000e+00,0.000000000000000000e+00,7.777704000473022461e-01,0.000000000000000000e+00,0.000000000000000000e+00,0.000000000000000000e+00,6.020154356956481934e-01,0.000000000000000000e+00,0.000000000000000000e+00
1.936454772949218750e+01,0.000000000000000000e+00,7.822789549827575684e-01,0.000000000000000000e+00,0.000000000000000000e+00,0.000000000000000000e+00,7.777704000473022461e-01,0.000000000000000000e+00,0.000000000000000000e+00,0.000000000000000000e+00,6.013017296791076660e-01,0.000000000000000000e+00,0.000000000000000000e+00
1.946488380432128906e+01,0.000000000000000000e+00,7.822789549827575684e-01,0.000000000000000000e+00,0.000000000000000000e+00,0.000000000000000000e+00,7.777702808380126953e-01,0.000000000000000000e+00,0.000000000000000000e+00,0.000000000000000000e+00,6.005894541740417480e-01,0.000000000000000000e+00,0.000000000000000000e+00
1.956521797180175781e+01,0.000000000000000000e+00,7.822789549827575684e-01,0.000000000000000000e+00,0.000000000000000000e+00,0.000000000000000000e+00,7.777704000473022461e-01,0.000000000000000000e+00,0.000000000000000000e+00,0.000000000000000000e+00,5.998786091804504395e-01,0.000000000000000000e+00,0.000000000000000000e+00
1.966555213928222656e+01,0.000000000000000000e+00,7.822789549827575684e-01,0.000000000000000000e+00,0.000000000000000000e+00,0.000000000000000000e+00,7.777704000473022461e-01,0.000000000000000000e+00,0.000000000000000000e+00,0.000000000000000000e+00,5.991691350936889648e-01,0.000000000000000000e+00,0.000000000000000000e+00
1.976588630676269531e+01,0.000000000000000000e+00,7.822789549827575684e-01,0.000000000000000000e+00,0.000000000000000000e+00,0.000000000000000000e+00,7.777704000473022461e-01,0.000000000000000000e+00,0.000000000000000000e+00,0.000000000000000000e+00,5.984609723091125488e-01,0.000000000000000000e+00,0.000000000000000000e+00
1.986622047424316406e+01,0.000000000000000000e+00,7.822789549827575684e-01,0.000000000000000000e+00,0.000000000000000000e+00,0.000000000000000000e+00,7.777704000473022461e-01,0.000000000000000000e+00,0.000000000000000000e+00,0.000000000000000000e+00,5.977541804313659668e-01,0.000000000000000000e+00,0.000000000000000000e+00
1.996655464172363281e+01,0.000000000000000000e+00,7.822789549827575684e-01,0.000000000000000000e+00,0.000000000000000000e+00,0.000000000000000000e+00,7.777704000473022461e-01,0.000000000000000000e+00,0.000000000000000000e+00,0.000000000000000000e+00,5.970488190650939941e-01,0.000000000000000000e+00,0.000000000000000000e+00
2.006688880920410156e+01,0.000000000000000000e+00,7.822789549827575684e-01,0.000000000000000000e+00,0.000000000000000000e+00,0.000000000000000000e+00,7.777704000473022461e-01,0.000000000000000000e+00,0.000000000000000000e+00,0.000000000000000000e+00,5.963447093963623047e-01,0.000000000000000000e+00,0.000000000000000000e+00
2.016722488403320312e+01,0.000000000000000000e+00,7.822789549827575684e-01,0.000000000000000000e+00,0.000000000000000000e+00,0.000000000000000000e+00,7.777702808380126953e-01,0.000000000000000000e+00,0.000000000000000000e+00,0.000000000000000000e+00,5.956419706344604492e-01,0.000000000000000000e+00,0.000000000000000000e+00
2.026755905151367188e+01,0.000000000000000000e+00,7.822789549827575684e-01,0.000000000000000000e+00,0.000000000000000000e+00,0.000000000000000000e+00,7.777704000473022461e-01,0.000000000000000000e+00,0.000000000000000000e+00,0.000000000000000000e+00,5.949406027793884277e-01,0.000000000000000000e+00,0.000000000000000000e+00
2.036789321899414062e+01,0.000000000000000000e+00,7.822789549827575684e-01,0.000000000000000000e+00,0.000000000000000000e+00,0.000000000000000000e+00,7.777704000473022461e-01,0.000000000000000000e+00,0.000000000000000000e+00,0.000000000000000000e+00,5.942404866218566895e-01,0.000000000000000000e+00,0.000000000000000000e+00
2.046822738647460938e+01,0.000000000000000000e+00,7.822789549827575684e-01,0.000000000000000000e+00,0.000000000000000000e+00,0.000000000000000000e+00,7.777704000473022461e-01,0.000000000000000000e+00,0.000000000000000000e+00,0.000000000000000000e+00,5.935418009757995605e-01,0.000000000000000000e+00,0.000000000000000000e+00
2.056856155395507812e+01,0.000000000000000000e+00,7.822789549827575684e-01,0.000000000000000000e+00,0.000000000000000000e+00,0.000000000000000000e+00,7.777704000473022461e-01,0.000000000000000000e+00,0.000000000000000000e+00,0.000000000000000000e+00,5.928443074226379395e-01,0.000000000000000000e+00,0.000000000000000000e+00
2.066889572143554688e+01,0.000000000000000000e+00,7.822789549827575684e-01,0.000000000000000000e+00,0.000000000000000000e+00,0.000000000000000000e+00,7.777704000473022461e-01,0.000000000000000000e+00,0.000000000000000000e+00,0.000000000000000000e+00,5.921481847763061523e-01,0.000000000000000000e+00,0.000000000000000000e+00
2.076922988891601562e+01,0.000000000000000000e+00,7.822789549827575684e-01,0.000000000000000000e+00,0.000000000000000000e+00,0.000000000000000000e+00,7.777704000473022461e-01,0.000000000000000000e+00,0.000000000000000000e+00,0.000000000000000000e+00,5.914533138275146484e-01,0.000000000000000000e+00,0.000000000000000000e+00
2.086956596374511719e+01,0.000000000000000000e+00,7.822789549827575684e-01,0.000000000000000000e+00,0.000000000000000000e+00,0.000000000000000000e+00,7.777702808380126953e-01,0.000000000000000000e+00,0.000000000000000000e+00,0.000000000000000000e+00,5.907597541809082031e-01,0.000000000000000000e+00,0.000000000000000000e+00
2.096990013122558594e+01,0.000000000000000000e+00,7.822789549827575684e-01,0.000000000000000000e+00,0.000000000000000000e+00,0.000000000000000000e+00,7.777704000473022461e-01,0.000000000000000000e+00,0.000000000000000000e+00,0.000000000000000000e+00,5.900675058364868164e-01,0.000000000000000000e+00,0.000000000000000000e+00
2.107023429870605469e+01,0.000000000000000000e+00,7.822789549827575684e-01,0.000000000000000000e+00,0.000000000000000000e+00,0.000000000000000000e+00,7.777704000473022461e-01,0.000000000000000000e+00,0.000000000000000000e+00,0.000000000000000000e+00,5.893765091896057129e-01,0.000000000000000000e+00,0.000000000000000000e+00
2.117056846618652344e+01,0.000000000000000000e+00,7.822789549827575684e-01,0.000000000000000000e+00,0.000000000000000000e+00,0.000000000000000000e+00,7.777704000473022461e-01,0.000000000000000000e+00,0.000000000000000000e+00,0.000000000000000000e+00,5.886868238449096680e-01,0.000000000000000000e+00,0.000000000000000000e+00
2.127090263366699219e+01,0.000000000000000000e+00,7.822789549827575684e-01,0.000000000000000000e+00,0.000000000000000000e+00,0.000000000000000000e+00,7.777704000473022461e-01,0.000000000000000000e+00,0.000000000000000000e+00,0.000000000000000000e+00,5.879983901977539062e-01,0.000000000000000000e+00,0.000000000000000000e+00
2.137123680114746094e+01,0.000000000000000000e+00,7.822789549827575684e-01,0.000000000000000000e+00,0.000000000000000000e+00,0.000000000000000000e+00,7.777704000473022461e-01,0.000000000000000000e+00,0.000000000000000000e+00,0.000000000000000000e+00,5.873111486434936523e-01,0.000000000000000000e+00,0.000000000000000000e+00
2.147157096862792969e+01,0.000000000000000000e+00,7.822789549827575684e-01,0.000000000000000000e+00,0.000000000000000000e+00,0.000000000000000000e+00,7.777704000473022461e-01,0.000000000000000000e+00,0.000000000000000000e+00,0.000000000000000000e+00,5.866252183914184570e-01,0.000000000000000000e+00,0.000000000000000000e+00
2.157190704345703125e+01,0.000000000000000000e+00,7.822789549827575684e-01,0.000000000000000000e+00,0.000000000000000000e+00,0.000000000000000000e+00,7.777702808380126953e-01,0.000000000000000000e+00,0.000000000000000000e+00,0.000000000000000000e+00,5.859405398368835449e-01,0.000000000000000000e+00,0.000000000000000000e+00
2.167224121093750000e+01,0.000000000000000000e+00,7.822789549827575684e-01,0.000000000000000000e+00,0.000000000000000000e+00,0.000000000000000000e+00,7.777704000473022461e-01,0.000000000000000000e+00,0.000000000000000000e+00,0.000000000000000000e+00,5.852571129798889160e-01,0.000000000000000000e+00,0.000000000000000000e+00
2.177257537841796875e+01,0.000000000000000000e+00,7.822789549827575684e-01,0.000000000000000000e+00,0.000000000000000000e+00,0.000000000000000000e+00,7.777704000473022461e-01,0.000000000000000000e+00,0.000000000000000000e+00,0.000000000000000000e+00,5.845748782157897949e-01,0.000000000000000000e+00,0.000000000000000000e+00
2.187290954589843750e+01,0.000000000000000000e+00,7.822789549827575684e-01,0.000000000000000000e+00,0.000000000000000000e+00,0.000000000000000000e+00,7.777704000473022461e-01,0.000000000000000000e+00,0.000000000000000000e+00,0.000000000000000000e+00,5.838938355445861816e-01,0.000000000000000000e+00,0.000000000000000000e+00
2.197324371337890625e+01,0.000000000000000000e+00,7.822789549827575684e-01,0.000000000000000000e+00,0.000000000000000000e+00,0.000000000000000000e+00,7.777704000473022461e-01,0.000000000000000000e+00,0.000000000000000000e+00,0.000000000000000000e+00,5.832140445709228516e-01,0.000000000000000000e+00,0.000000000000000000e+00
2.207357788085937500e+01,0.000000000000000000e+00,7.822789549827575684e-01,0.000000000000000000e+00,0.000000000000000000e+00,0.000000000000000000e+00,7.777704000473022461e-01,0.000000000000000000e+00,0.000000000000000000e+00,0.000000000000000000e+00,5.825355052947998047e-01,0.000000000000000000e+00,0.000000000000000000e+00
2.217391395568847656e+01,0.000000000000000000e+00,7.822789549827575684e-01,0.000000000000000000e+00,0.000000000000000000e+00,0.000000000000000000e+00,7.777702808380126953e-01,0.000000000000000000e+00,0.000000000000000000e+00,0.000000000000000000e+00,5.818581581115722656e-01,0.000000000000000000e+00,0.000000000000000000e+00
2.227424812316894531e+01,0.000000000000000000e+00,7.822789549827575684e-01,0.000000000000000000e+00,0.000000000000000000e+00,0.000000000000000000e+00,7.777704000473022461e-01,0.000000000000000000e+00,0.000000000000000000e+00,0.000000000000000000e+00,5.811820030212402344e-01,0.000000000000000000e+00,0.000000000000000000e+00
2.237458229064941406e+01,0.000000000000000000e+00,7.822789549827575684e-01,0.000000000000000000e+00,0.000000000000000000e+00,0.000000000000000000e+00,7.777704000473022461e-01,0.000000000000000000e+00,0.000000000000000000e+00,0.000000000000000000e+00,5.805070996284484863e-01,0.000000000000000000e+00,0.000000000000000000e+00
2.247491645812988281e+01,0.000000000000000000e+00,7.822789549827575684e-01,0.000000000000000000e+00,0.000000000000000000e+00,0.000000000000000000e+00,7.777704000473022461e-01,0.000000000000000000e+00,0.000000000000000000e+00,0.000000000000000000e+00,5.798333883285522461e-01,0.000000000000000000e+00,0.000000000000000000e+00
2.257525062561035156e+01,0.000000000000000000e+00,7.822789549827575684e-01,0.000000000000000000e+00,0.000000000000000000e+00,0.000000000000000000e+00,7.777704000473022461e-01,0.000000000000000000e+00,0.000000000000000000e+00,0.000000000000000000e+00,5.791608095169067383e-01,0.000000000000000000e+00,0.000000000000000000e+00
2.267558479309082031e+01,0.000000000000000000e+00,7.822789549827575684e-01,0.000000000000000000e+00,0.000000000000000000e+00,0.000000000000000000e+00,7.777704000473022461e-01,0.000000000000000000e+00,0.000000000000000000e+00,0.000000000000000000e+00,5.784894227981567383e-01,0.000000000000000000e+00,0.000000000000000000e+00
2.277591896057128906e+01,0.000000000000000000e+00,7.822789549827575684e-01,0.000000000000000000e+00,0.000000000000000000e+00,0.000000000000000000e+00,7.777704000473022461e-01,0.000000000000000000e+00,0.000000000000000000e+00,0.000000000000000000e+00,5.778192281723022461e-01,0.000000000000000000e+00,0.000000000000000000e+00
2.287625503540039062e+01,0.000000000000000000e+00,7.822789549827575684e-01,0.000000000000000000e+00,0.000000000000000000e+00,0.000000000000000000e+00,7.777702808380126953e-01,0.000000000000000000e+00,0.000000000000000000e+00,0.000000000000000000e+00,5.771501660346984863e-01,0.000000000000000000e+00,0.000000000000000000e+00
2.297658920288085938e+01,0.000000000000000000e+00,7.822789549827575684e-01,0.000000000000000000e+00,0.000000000000000000e+00,0.000000000000000000e+00,7.777704000473022461e-01,0.000000000000000000e+00,0.000000000000000000e+00,0.000000000000000000e+00,5.764822959899902344e-01,0.000000000000000000e+00,0.000000000000000000e+00
2.307692337036132812e+01,0.000000000000000000e+00,7.822789549827575684e-01,0.000000000000000000e+00,0.000000000000000000e+00,0.000000000000000000e+00,7.777704000473022461e-01,0.000000000000000000e+00,0.000000000000000000e+00,0.000000000000000000e+00,5.758155584335327148e-01,0.000000000000000000e+00,0.000000000000000000e+00
2.317725753784179688e+01,0.000000000000000000e+00,7.822789549827575684e-01,0.000000000000000000e+00,0.000000000000000000e+00,0.000000000000000000e+00,7.777704000473022461e-01,0.000000000000000000e+00,0.000000000000000000e+00,0.000000000000000000e+00,5.751500129699707031e-01,0.000000000000000000e+00,0.000000000000000000e+00
2.327759170532226562e+01,0.000000000000000000e+00,7.822789549827575684e-01,0.000000000000000000e+00,0.000000000000000000e+00,0.000000000000000000e+00,7.777704000473022461e-01,0.000000000000000000e+00,0.000000000000000000e+00,0.000000000000000000e+00,5.744856595993041992e-01,0.000000000000000000e+00,0.000000000000000000e+00
2.337792587280273438e+01,0.000000000000000000e+00,7.822789549827575684e-01,0.000000000000000000e+00,0.000000000000000000e+00,0.000000000000000000e+00,7.777704000473022461e-01,0.000000000000000000e+00,0.000000000000000000e+00,0.000000000000000000e+00,5.738223791122436523e-01,0.000000000000000000e+00,0.000000000000000000e+00
2.347826004028320312e+01,0.000000000000000000e+00,7.822789549827575684e-01,0.000000000000000000e+00,0.000000000000000000e+00,0.000000000000000000e+00,7.777704000473022461e-01,0.000000000000000000e+00,0.000000000000000000e+00,0.000000000000000000e+00,5.731602311134338379e-01,0.000000000000000000e+00,0.000000000000000000e+00
2.357859611511230469e+01,0.000000000000000000e+00,7.822789549827575684e-01,0.000000000000000000e+00,0.000000000000000000e+00,0.000000000000000000e+00,7.777702808380126953e-01,0.000000000000000000e+00,0.000000000000000000e+00,0.000000000000000000e+00,5.724992156028747559e-01,0.000000000000000000e+00,0.000000000000000000e+00
2.367893028259277344e+01,0.000000000000000000e+00,7.822789549827575684e-01,0.000000000000000000e+00,0.000000000000000000e+00,0.000000000000000000e+00,7.777704000473022461e-01,0.000000000000000000e+00,0.000000000000000000e+00,0.000000000000000000e+00,5.718393921852111816e-01,0.000000000000000000e+00,0.000000000000000000e+00
2.377926445007324219e+01,0.000000000000000000e+00,7.822789549827575684e-01,0.000000000000000000e+00,0.000000000000000000e+00,0.000000000000000000e+00,7.777704000473022461e-01,0.000000000000000000e+00,0.000000000000000000e+00,0.000000000000000000e+00,5.711806416511535645e-01,0.000000000000000000e+00,0.000000000000000000e+00
2.387959861755371094e+01,0.000000000000000000e+00,7.822789549827575684e-01,0.000000000000000000e+00,0.000000000000000000e+00,0.000000000000000000e+00,7.777704000473022461e-01,0.000000000000000000e+00,0.000000000000000000e+00,0.000000000000000000e+00,5.705230236053466797e-01,0.000000000000000000e+00,0.000000000000000000e+00
2.397993278503417969e+01,0.000000000000000000e+00,7.822789549827575684e-01,0.000000000000000000e+00,0.000000000000000000e+00,0.000000000000000000e+00,7.777704000473022461e-01,0.000000000000000000e+00,0.000000000000000000e+00,0.000000000000000000e+00,5.698665380477905273e-01,0.000000000000000000e+00,0.000000000000000000e+00
2.408026695251464844e+01,0.000000000000000000e+00,7.822789549827575684e-01,0.000000000000000000e+00,0.000000000000000000e+00,0.000000000000000000e+00,7.777704000473022461e-01,0.000000000000000000e+00,0.000000000000000000e+00,0.000000000000000000e+00,5.692111253738403320e-01,0.000000000000000000e+00,0.000000000000000000e+00
2.418060111999511719e+01,0.000000000000000000e+00,7.822789549827575684e-01,0.000000000000000000e+00,0.000000000000000000e+00,0.000000000000000000e+00,7.777704000473022461e-01,0.000000000000000000e+00,0.000000000000000000e+00,0.000000000000000000e+00,5.685568451881408691e-01,0.000000000000000000e+00,0.000000000000000000e+00
2.428093719482421875e+01,0.000000000000000000e+00,7.822789549827575684e-01,0.000000000000000000e+00,0.000000000000000000e+00,0.000000000000000000e+00,7.777702808380126953e-01,0.000000000000000000e+00,0.000000000000000000e+00,0.000000000000000000e+00,5.679036378860473633e-01,0.000000000000000000e+00,0.000000000000000000e+00
2.438127136230468750e+01,0.000000000000000000e+00,7.822789549827575684e-01,0.000000000000000000e+00,0.000000000000000000e+00,0.000000000000000000e+00,7.777704000473022461e-01,0.000000000000000000e+00,0.000000000000000000e+00,0.000000000000000000e+00,5.672515630722045898e-01,0.000000000000000000e+00,0.000000000000000000e+00
2.448160552978515625e+01,0.000000000000000000e+00,7.822789549827575684e-01,0.000000000000000000e+00,0.000000000000000000e+00,0.000000000000000000e+00,7.777704000473022461e-01,0.000000000000000000e+00,0.000000000000000000e+00,0.000000000000000000e+00,5.666005611419677734e-01,0.000000000000000000e+00,0.000000000000000000e+00
2.458193969726562500e+01,0.000000000000000000e+00,7.822789549827575684e-01,0.000000000000000000e+00,0.000000000000000000e+00,0.000000000000000000e+00,7.777704000473022461e-01,0.000000000000000000e+00,0.000000000000000000e+00,0.000000000000000000e+00,5.659506320953369141e-01,0.000000000000000000e+00,0.000000000000000000e+00
2.468227386474609375e+01,0.000000000000000000e+00,7.822789549827575684e-01,0.000000000000000000e+00,0.000000000000000000e+00,0.000000000000000000e+00,7.777704000473022461e-01,0.000000000000000000e+00,0.000000000000000000e+00,0.000000000000000000e+00,5.653017759323120117e-01,0.000000000000000000e+00,0.000000000000000000e+00
2.478260803222656250e+01,0.000000000000000000e+00,7.822789549827575684e-01,0.000000000000000000e+00,0.000000000000000000e+00,0.000000000000000000e+00,7.777704000473022461e-01,0.000000000000000000e+00,0.000000000000000000e+00,0.000000000000000000e+00,5.646540522575378418e-01,0.000000000000000000e+00,0.000000000000000000e+00
2.488294219970703125e+01,4.717573821544647217e-01,7.808435559272766113e-01,4.357673618650415026e-13,4.146052598463789707e-11,6.337471604347229004e-01,7.773065567016601562e-01,4.246558062732219696e-03,4.193902947008609772e-03,6.337412595748901367e-01,5.640067458152770996e-01,4.219553433358669281e-03,4.174695815891027451e-03
2.498327827453613281e+01,2.156576812267303467e-01,7.623445391654968262e-01,9.778774057167538558e-08,1.205914514912365121e-07,3.864245414733886719e-01,7.623446583747863770e-01,2.626634202897548676e-03,2.607083646580576897e-03,5.190808773040771484e-01,5.633533596992492676e-01,6.799593102186918259e-03,6.714449729770421982e-03
2.508361244201660156e+01,1.062350720167160034e-01,7.271987199783325195e-01,1.063189483829773962e-05,3.142825789836933836e-06,1.766595989465713501e-01,7.271987199783325195e-01,1.275817165151238441e-03,1.269302098080515862e-03,4.251565337181091309e-01,5.626834630966186523e-01,8.519909344613552094e-03,8.405417203903198242e-03
2.518394660949707031e+01,5.368944630026817322e-02,6.878091096878051758e-01,1.206383240059949458e-04,1.995806633203756064e-05,8.703518658876419067e-02,6.878091096878051758e-01,7.891571731306612492e-04,7.509934948757290840e-04,3.482245206832885742e-01,5.619838237762451172e-01,9.719753637909889221e-03,9.579845704138278961e-03
2.528428077697753906e+01,2.738355845212936401e-02,6.516781449317932129e-01,5.186677444726228714e-04,6.680838851025328040e-05,4.400449991226196289e-02,6.516780257225036621e-01,8.255785796791315079e-04,5.849000881426036358e-04,2.852127552032470703e-01,5.612348318099975586e-01,1.058831624686717987e-02,1.041736360639333725e-02
2.538461494445800781e+01,1.398676261305809021e-02,6.212892532348632812e-01,1.351693295873701572e-03,1.573143963469192386e-04,2.247748896479606628e-02,6.212893128395080566e-01,1.461732783354818821e-03,6.056106649339199066e-04,2.336031198501586914e-01,5.604025721549987793e-01,1.123966835439205170e-02,1.102638151496648788e-02
2.548494911193847656e+01,7.151395548135042191e-03,5.967804193496704102e-01,2.654619747772812843e-03,2.996996918227523565e-04,1.154519151896238327e-02,5.967804193496704102e-01,2.642326522618532181e-03,7.324235630221664906e-04,1.913325339555740356e-01,5.594169497489929199e-01,1.174498815089464188e-02,1.147628948092460632e-02
2.558528518676757812e+01,3.649938618764281273e-03,5.774255990982055664e-01,4.376809112727642059e-03,4.966020351275801659e-04,6.023142952471971512e-03,5.774255990982055664e-01,3.592696506530046463e-03,8.204645710065960884e-04,1.567104905843734741e-01,5.580999255180358887e-01,1.215104572474956512e-02,1.181315165013074875e-02
2.568561935424804688e+01,1.863531302660703659e-03,5.623816251754760742e-01,6.440978031605482101e-03,7.477867766283452511e-04,3.198758233338594437e-03,5.623816251754760742e-01,4.859151784330606461e-03,8.310792036354541779e-04,1.283540725708007812e-01,5.558391213417053223e-01,1.249222457408905029e-02,1.206832658499479294e-02
2.578595352172851562e+01,9.471811354160308838e-04,5.508010387420654297e-01,8.764788508415222168e-03,1.050267135724425316e-03,1.671549165621399879e-03,5.508008599281311035e-01,6.669834256172180176e-03,9.283655090257525444e-04,1.051288470625877380e-01,5.502982735633850098e-01,1.280158013105392456e-02,1.226363237947225571e-02
2.588628768920898438e+01,4.829930840060114861e-04,5.420436859130859375e-01,1.128417067229747772e-02,1.401606714352965355e-03,8.553368388675153255e-04,5.420223474502563477e-01,8.871589787304401398e-03,1.142490655183792114e-03,8.610625565052032471e-02,5.420155525207519531e-01,1.314223464578390121e-02,1.241449080407619476e-02
2.598662185668945312e+01,2.468524617142975330e-04,5.355240106582641602e-01,1.394385937601327896e-02,1.798105426132678986e-03,4.368115623947232962e-04,5.353375077247619629e-01,1.133527699857950211e-02,1.448396476916968822e-03,7.052577286958694458e-02,5.353659391403198242e-01,1.401391532272100449e-02,1.253196969628334045e-02
2.608695602416992188e+01,1.251350622624158859e-04,5.307452678680419922e-01,1.670094579458236694e-02,2.235429361462593079e-03,2.233034028904512525e-04,5.301820039749145508e-01,1.396898925304412842e-02,1.821902580559253693e-03,5.776455253362655640e-02,5.301917791366577148e-01,1.670090109109878540e-02,1.262411288917064667e-02
2.618729019165039062e+01,6.368892354657873511e-05,5.273870229721069336e-01,1.952737011015415192e-02,2.711537992581725121e-03,1.131962926592677832e-04,5.262999534606933594e-01,1.671342179179191589e-02,2.247454132884740829e-03,4.731247201561927795e-02,5.261144638061523438e-01,1.952734403312206268e-02,1.269684731960296631e-02
2.628762626647949219e+01,3.256753552705049515e-05,5.251510143280029297e-01,2.239993400871753693e-02,3.223622683435678482e-03,5.760999556514434516e-05,5.235148668289184570e-01,1.953365653753280640e-02,2.717647701501846313e-03,3.875153139233589172e-02,5.228375196456909180e-01,2.239992283284664154e-02,1.275459118187427521e-02
2.638796043395996094e+01,1.664835508563555777e-05,5.237929821014404297e-01,2.530140057206153870e-02,3.768890164792537689e-03,2.945818596344906837e-05,5.216528177261352539e-01,2.240313589572906494e-02,3.226744476705789566e-03,3.173983097076416016e-02,5.201448202133178711e-01,2.530139125883579254e-02,1.280066743493080139e-02
2.648829460144042969e+01,8.405672815570142120e-06,5.231149792671203613e-01,2.821929752826690674e-02,4.344379995018243790e-03,1.505859108874574304e-05,5.205443501472473145e-01,2.530303597450256348e-02,3.770485520362854004e-03,2.599688246846199036e-02,5.178798437118530273e-01,2.821929380297660828e-02,1.283760834485292435e-02
2.658862876892089844e+01,4.326923317421460524e-06,5.230126976966857910e-01,3.114531375467777252e-02,4.950380418449640274e-03,7.602930509165162221e-06,5.200521945953369141e-01,2.822012454271316528e-02,4.345185589045286179e-03,2.129310928285121918e-02,5.159375071525573730e-01,3.114530816674232483e-02,1.286735478788614273e-02
2.668896293640136719e+01,2.203086069130222313e-06,5.233337879180908203e-01,3.407221660017967224e-02,5.583263467997312546e-03,3.913680302503053099e-06,5.200725197792053223e-01,3.114574030041694641e-02,4.950794856995344162e-03,1.744045875966548920e-02,5.142363905906677246e-01,3.407219424843788147e-02,1.289141178131103516e-02
2.678929710388183594e+01,1.117941224038077053e-06,5.239984989166259766e-01,3.699522837996482849e-02,6.242198869585990906e-03,1.992674697248730808e-06,5.204840302467346191e-01,3.407243266701698303e-02,5.583474878221750259e-03,1.428491435945034027e-02,5.127195119857788086e-01,3.699496015906333923e-02,1.291095465421676636e-02
2.688963127136230469e+01,5.717348017242329661e-07,5.249397754669189453e-01,3.991046175360679626e-02,6.926489528268575668e-03,1.011167910291987937e-06,5.212152004241943359e-01,3.699534013867378235e-02,6.242305971682071686e-03,1.170036848634481430e-02,5.113458633422851562e-01,3.964330628514289856e-02,1.292691007256507874e-02
2.698996734619140625e+01,2.930425466729502659e-07,5.260952115058898926e-01,4.281521961092948914e-02,7.634723559021949768e-03,5.171276029614091385e-07,5.222030878067016602e-01,3.991052135825157166e-02,6.926544476300477982e-03,9.583493694663047791e-03,5.100849866867065430e-01,4.183847829699516296e-02,1.294001843780279160e-02
2.709030151367187500e+01,1.491229539851701702e-07,5.274156928062438965e-01,4.570755362510681152e-02,8.365403860807418823e-03,2.650540409376844764e-07,5.233910083770751953e-01,4.281524941325187683e-02,7.634751964360475540e-03,7.849764078855514526e-03,5.089142322540283203e-01,4.364407062530517578e-02,1.295087393373250961e-02
2.719063568115234375e+01,7.570344706664400292e-08,5.288667678833007812e-01,4.858590289950370789e-02,9.117794223129749298e-03,1.348802101119872532e-07,5.247340202331542969e-01,4.570756852626800537e-02,8.365418761968612671e-03,6.429837550967931747e-03,5.078165531158447266e-01,4.512656852602958679e-02,1.295997016131877899e-02
2.729096984863281250e+01,3.949386950807820540e-08,5.304236412048339844e-01,5.144830048084259033e-02,9.892059490084648132e-03,6.847299260925865383e-08,5.262007713317871094e-01,4.858591407537460327e-02,9.117801673710346222e-03,5.266964901238679886e-03,5.067790746688842773e-01,4.634293168783187866e-02,1.296774484217166901e-02
2.739130401611328125e+01,1.996110832180875150e-08,5.320528149604797363e-01,5.429572239518165588e-02,1.068489253520965576e-02,3.572179707589384634e-08,5.277650356292724609e-01,5.144830048084259033e-02,9.892063215374946594e-03,4.314681515097618103e-03,5.057915449142456055e-01,4.734056815505027771e-02,1.297463849186897278e-02
2.749163818359375000e+01,1.030326668427505865e-08,5.337458848953247070e-01,5.712516978383064270e-02,1.149841770529747009e-02,1.805461735671087808e-08,5.293989777565002441e-01,5.429572239518165588e-02,1.068489532917737961e-02,3.534964751452207565e-03,5.048463940620422363e-01,4.815865680575370789e-02,1.298126485198736191e-02
2.759197235107421875e+01,5.308317341246038268e-09,5.354824066162109375e-01,5.993764847517013550e-02,1.233009621500968933e-02,9.319198746027268498e-09,5.310921669006347656e-01,5.712516978383064270e-02,1.149841770529747009e-02,2.896765246987342834e-03,5.039371848106384277e-01,4.882948473095893860e-02,1.298918295651674271e-02
2.769230842590332031e+01,2.846604729711543769e-09,5.372523665428161621e-01,6.273188441991806030e-02,1.318010780960321426e-02,4.801309128055208930e-09,5.328261852264404297e-01,5.993764847517013550e-02,1.233009621500968933e-02,2.374948468059301376e-03,5.030589103698730469e-01,4.937968030571937561e-02,1.318008545786142349e-02
2.779264259338378906e+01,1.544784966611700838e-09,5.390446782112121582e-01,6.550864130258560181e-02,1.404665596783161163e-02,2.574724655701743359e-09,5.345911383628845215e-01,6.273188441991806030e-02,1.318010780960321426e-02,1.951728598214685917e-03,5.022075176239013672e-01,4.983148723840713501e-02,1.360958628356456757e-02
2.789297676086425781e+01,8.182368116393945456e-10,5.408529639244079590e-01,6.826714426279067993e-02,1.492967084050178528e-02,1.397242099798745585e-09,5.363770127296447754e-01,6.550864130258560181e-02,1.404665596783161163e-02,1.830067718401551247e-03,5.013796091079711914e-01,5.022776499390602112e-02,1.398797892034053802e-02
2.799331092834472656e+01,4.081676108214082888e-10,5.426711440086364746e-01,7.100718468427658081e-02,1.582846418023109436e-02,7.400868251572489953e-10,5.381774306297302246e-01,6.826714426279067993e-02,1.492967084050178528e-02,1.820587087422609329e-03,5.005725026130676270e-01,5.061064288020133972e-02,1.435432396829128265e-02
2.809364509582519531e+01,2.128169862558593195e-10,5.444945096969604492e-01,7.372870296239852905e-02,1.674239709973335266e-02,3.691834338237498514e-10,5.399865508079528809e-01,7.100718468427658081e-02,1.582846418023109436e-02,1.815788098610937595e-03,4.997837841510772705e-01,5.099218338727951050e-02,1.471985690295696259e-02
2.819397926330566406e+01,1.293732898588473290e-10,5.463193655014038086e-01,7.643155753612518311e-02,1.767080463469028473e-02,1.924907871986292207e-10,5.418001413345336914e-01,7.372870296239852905e-02,1.674239709973335266e-02,1.812445931136608124e-03,4.990115463733673096e-01,5.137301236391067505e-02,1.508502289652824402e-02
2.829431343078613281e+01,8.637938281319534894e-11,5.481420159339904785e-01,7.911296188831329346e-02,1.861501298844814301e-02,1.170167990283133008e-10,5.436143875122070312e-01,7.643155753612518311e-02,1.767080463469028473e-02,1.809816341847181320e-03,4.982541501522064209e-01,5.175335705280303955e-02,1.544994022697210312e-02
2.839464950561523438e+01,4.453217655742136571e-11,5.499613881111145020e-01,8.177939057350158691e-02,1.956978440284729004e-02,7.812911428928259738e-11,5.454261898994445801e-01,7.911296188831329346e-02,1.861501298844814301e-02,1.807597232982516289e-03,4.975101351737976074e-01,5.213334411382675171e-02,1.581466756761074066e-02
2.849498367309570312e+01,-5.922040635653047502e-12,5.517763495445251465e-01,8.442950248718261719e-02,2.053570933640003204e-02,4.027889827229458319e-11,5.472345352172851562e-01,8.177939057350158691e-02,1.956978440284729004e-02,1.805601874366402626e-03,4.967783689498901367e-01,5.251302197575569153e-02,1.617920957505702972e-02
2.859531784057617188e+01,-3.361447925565030914e-11,5.535814762115478516e-01,8.705393970012664795e-02,2.151803113520145416e-02,0.000000000000000000e+00,5.490372776985168457e-01,8.442950248718261719e-02,2.053570933640003204e-02,1.803739927709102631e-03,4.960577487945556641e-01,5.289243534207344055e-02,1.654358208179473877e-02
2.869565200805664062e+01,-3.692550779033076935e-11,5.553793311119079590e-01,8.966245502233505249e-02,2.250986546277999878e-02,0.000000000000000000e+00,5.508308410644531250e-01,8.705393970012664795e-02,2.151803113520145416e-02,1.801967388018965721e-03,4.953473508358001709e-01,5.327161028981208801e-02,1.690778508782386780e-02
2.879598617553710938e+01,-2.803734328038487433e-11,5.571695566177368164e-01,9.225507080554962158e-02,2.351096086204051971e-02,0.000000000000000000e+00,5.526170134544372559e-01,8.966245502233505249e-02,2.250986546277999878e-02,1.800259342417120934e-03,4.946464002132415771e-01,5.365055799484252930e-02,1.727181859314441681e-02
2.889632034301757812e+01,-3.387391062092959260e-11,5.589493513107299805e-01,9.482722729444503784e-02,2.452340722084045410e-02,0.000000000000000000e+00,5.543950796127319336e-01,9.225507080554962158e-02,2.351096086204051971e-02,1.798599958419799805e-03,4.939541518688201904e-01,5.402928963303565979e-02,1.763568259775638580e-02
2.899665641784667969e+01,-6.832166082881840907e-11,5.607174038887023926e-01,9.737814217805862427e-02,2.554682455956935883e-02,0.000000000000000000e+00,5.561622977256774902e-01,9.482722729444503784e-02,2.452340722084045410e-02,1.796978991478681564e-03,4.932698905467987061e-01,5.440782383084297180e-02,1.799937896430492401e-02
2.909699058532714844e+01,-1.101051888552362357e-10,5.624754428863525391e-01,9.991141408681869507e-02,2.657871693372726440e-02,0.000000000000000000e+00,5.579184293746948242e-01,9.737814217805862427e-02,2.554682455956935883e-02,1.795389107428491116e-03,4.925932586193084717e-01,5.478614941239356995e-02,1.836289465427398682e-02
2.919732475280761719e+01,-1.534532084734863133e-10,5.642237663269042969e-01,1.024278178811073303e-01,2.761855348944664001e-02,0.000000000000000000e+00,5.596645474433898926e-01,9.991141408681869507e-02,2.657871693372726440e-02,1.793824951164424419e-03,4.919236004352569580e-01,5.516428127884864807e-02,1.872623711824417114e-02
2.929765892028808594e+01,-1.691871226450203380e-10,5.659600496292114258e-01,1.049239039421081543e-01,2.866701409220695496e-02,0.000000000000000000e+00,5.614005327224731445e-01,1.024278178811073303e-01,2.761855348944664001e-02,1.792282331734895706e-03,4.912605285644531250e-01,5.554222688078880310e-02,1.908940449357032776e-02
2.939799308776855469e+01,-1.664541005030883980e-10,5.676882266998291016e-01,1.074063926935195923e-01,2.972124144434928894e-02,0.000000000000000000e+00,5.631253719329833984e-01,1.049239039421081543e-01,2.866701409220695496e-02,1.790758338756859303e-03,4.906036257743835449e-01,5.591998621821403503e-02,1.945239305496215820e-02
2.949832725524902344e+01,-1.435848939745909547e-10,5.694009661674499512e-01,1.098632290959358215e-01,3.078513219952583313e-02,0.000000000000000000e+00,5.648404359817504883e-01,1.074063926935195923e-01,2.972124144434928894e-02,1.789250527508556843e-03,4.899525344371795654e-01,5.629755929112434387e-02,1.981521025300025940e-02
2.959866142272949219e+01,-1.144348296677755172e-10,5.711088180541992188e-01,1.123120710253715515e-01,3.185203671455383301e-02,0.000000000000000000e+00,5.665425658226013184e-01,1.098632290959358215e-01,3.078513219952583313e-02,1.787756802514195442e-03,4.893069267272949219e-01,5.667495355010032654e-02,2.017785049974918365e-02
2.969899749755859375e+01,-1.144630501492827079e-10,5.727979540824890137e-01,1.147300451993942261e-01,3.292913734912872314e-02,0.000000000000000000e+00,5.682367086410522461e-01,1.123120710253715515e-01,3.185203671455383301e-02,1.786275650374591351e-03,4.886665046215057373e-01,5.705218389630317688e-02,2.054032124578952789e-02
2.979933166503906250e+01,-1.197643095807165992e-10,5.744837522506713867e-01,1.171425506472587585e-01,3.400787338614463806e-02,0.000000000000000000e+00,5.699157118797302246e-01,1.147300451993942261e-01,3.292913734912872314e-02,1.784805674105882645e-03,4.880309998989105225e-01,5.742922797799110413e-02,2.090261131525039673e-02
2.989966583251953125e+01,-1.551789668985392723e-10,5.761511921882629395e-01,1.195248365402221680e-01,3.509518131613731384e-02,0.000000000000000000e+00,5.715879797935485840e-01,1.171425506472587585e-01,3.400787338614463806e-02,1.783345825970172882e-03,4.874001741409301758e-01,5.780610069632530212e-02,2.126472443342208862e-02
3.000000000000000000e+01,-1.842920399619529803e-10,5.778158307075500488e-01,1.219023987650871277e-01,3.618366271257400513e-02,0.000000000000000000e+00,5.732454657554626465e-01,1.195248365402221680e-01,3.509518131613731384e-02,1.781895174644887447e-03,4.867737889289855957e-01,5.818279460072517395e-02,2.162666246294975281e-02
