scaffold,P,sample_idx,species,nrmse
reduced2,2,978,A,0.05229447280551542
reduced2,2,978,M,0.0982653759483997
reduced2,2,933,A,0.041390728627847165
reduced2,2,933,M,0.06078535844819689
reduced2,2,859,A,0.052211673968032675
reduced2,2,859,M,0.2196497751396114
reduced2,2,916,A,0.019469727027518355
reduced2,2,916,M,0.8695586327905609
reduced2,2,127,A,0.047775698026010456
reduced2,2,127,M,0.14231442882123238
reduced2,2,608,A,0.04407631272984689
reduced2,2,608,M,0.1247458742067308
reduced2,2,856,A,0.03332830379613832
reduced2,2,856,M,0.2826838511740923
reduced2,2,260,A,0.04496682644141056
reduced2,2,260,M,0.12247477802746772
reduced2,2,147,A,0.02611434552056004
reduced2,2,147,M,0.4080189476431824
reduced2,2,810,A,0.051763179727461514
reduced2,2,810,M,0.24776455138187134
reduced2,2,635,A,0.04020640965589436
reduced2,2,635,M,0.19097658201005052
reduced2,2,972,A,0.03745974144722609
reduced2,2,972,M,0.24397973213455557
reduced2,2,593,A,0.039584059390641954
reduced2,2,593,M,0.25872155796168234
reduced2,2,994,A,0.03513795747760505
reduced2,2,994,M,0.07947968726183946
reduced2,2,285,A,0.039546533332031036
reduced2,2,285,M,0.09508739694713637
reduced2,2,554,A,0.0607094818752482
reduced2,2,554,M,0.14850824381648478
reduced2,2,467,A,0.04641408542954056
reduced2,2,467,M,0.06210433293322534
reduced2,2,276,A,0.05270211720911661
reduced2,2,276,M,0.11153139481626966
reduced2,2,55,A,0.03987171869281548
reduced2,2,55,M,0.6791369315792504
reduced2,2,61,A,0.056557082836904526
reduced2,2,61,M,0.13365418053278497
reduced2,2,839,A,0.0461693690946299
reduced2,2,839,M,0.09073165649232083
reduced2,2,425,A,0.0431951484559652
reduced2,2,425,M,0.10453382375623549
reduced2,2,82,A,0.04134357960840136
reduced2,2,82,M,0.22784482992764865
reduced2,2,620,A,0.016087585993208572
reduced2,2,620,M,0.6560338814079058
reduced2,2,787,A,0.04076194501044334
reduced2,2,787,M,0.1705851865280223
reduced2,2,2,A,0.04126589324308538
reduced2,2,2,M,0.1466148357414149
reduced2,2,753,A,0.030630793460032175
reduced2,2,753,M,0.19385100611062078
reduced2,2,7,A,0.04076890954221852
reduced2,2,7,M,0.07003662225137815
reduced2,2,903,A,0.044197794337123085
reduced2,2,903,M,0.15697610968650458
reduced2,2,626,A,0.03180396201027064
reduced2,2,626,M,0.1674840078673227
reduced2,2,51,A,0.0
reduced2,2,51,M,0.6941095281197516
reduced2,2,557,A,0.05120427927885834
reduced2,2,557,M,0.09783306864921931
reduced2,2,310,A,0.0625117049813897
reduced2,2,310,M,0.1365540761232702
reduced2,2,100,A,0.044022326378414016
reduced2,2,100,M,0.2837145551875578
reduced2,2,848,A,0.02195382662709122
reduced2,2,848,M,0.3475960656774478
reduced2,2,921,A,0.022142610641722488
reduced2,2,921,M,0.1389556865248195
reduced2,2,45,A,0.052881320821994496
reduced2,2,45,M,0.060998977811160496
reduced2,2,976,A,0.06101966951824944
reduced2,2,976,M,0.0676443620645384
reduced2,2,136,A,0.053387264452196215
reduced2,2,136,M,0.25797275324559304
reduced2,2,128,A,0.03136394631600802
reduced2,2,128,M,0.620406961198534
reduced2,2,605,A,0.05381589909826891
reduced2,2,605,M,0.1031487463848718
reduced2,2,945,A,0.0
reduced2,2,945,M,0.7817503145013813
reduced2,2,773,A,0.05078803792781748
reduced2,2,773,M,0.28568970322360215
reduced2,2,941,A,0.053502484523873184
reduced2,2,941,M,0.16315973869681477
reduced2,2,613,A,0.019693168341026517
reduced2,2,613,M,0.19083264302243477
reduced2,2,98,A,0.040675043764603756
reduced2,2,98,M,0.25018099911511543
reduced2,2,758,A,0.037396932884582054
reduced2,2,758,M,0.24055946813145973
reduced2,2,595,A,0.05490885174952212
reduced2,2,595,M,0.03960426922549636
reduced2,2,470,A,0.05093532092749219
reduced2,2,470,M,0.08572759030816768
reduced2,2,25,A,0.01556562399648624
reduced2,2,25,M,0.5630869379865069
reduced2,2,514,A,0.030787727253795732
reduced2,2,514,M,0.4939642633084666
reduced2,2,239,A,0.04067300995519133
reduced2,2,239,M,0.1296932579466436
reduced2,2,980,A,0.04463101047004819
reduced2,2,980,M,0.1480232717989876
reduced2,2,623,A,0.036072995242043944
reduced2,2,623,M,0.15665071473038894
reduced2,2,252,A,0.03146134749924293
reduced2,2,252,M,0.23085666516652714
reduced2,2,662,A,0.019159461405740586
reduced2,2,662,M,0.15555328825209883
reduced2,2,171,A,0.049126869255102554
reduced2,2,171,M,0.059782239915938486
reduced2,2,408,A,0.043284637987517714
reduced2,2,408,M,0.14472908167760173
reduced2,2,993,A,0.042821433868873215
reduced2,2,993,M,0.08755664712427055
reduced2,2,592,A,0.04994765741867008
reduced2,2,592,M,0.09543553415109579
reduced2,2,701,A,0.027172065624858164
reduced2,2,701,M,0.3396117878985056
reduced2,2,427,A,0.0688331183291904
reduced2,2,427,M,0.10552876406621227
reduced2,2,457,A,0.05685133146568386
reduced2,2,457,M,0.13923986931685658
reduced2,2,454,A,0.06533138466195106
reduced2,2,454,M,0.12144371303358027
reduced2,2,151,A,0.05120365266841452
reduced2,2,151,M,0.08920690156531783
reduced2,2,756,A,0.03967387793526359
reduced2,2,756,M,0.03869075163826391
reduced2,2,250,A,0.03447438000577462
reduced2,2,250,M,0.2413143770689585
reduced2,2,904,A,0.02782707711557896
reduced2,2,904,M,0.3647892181365963
reduced2,2,324,A,0.0584670672330294
reduced2,2,324,M,0.12089377081324267
reduced2,2,439,A,0.03882416859488201
reduced2,2,439,M,0.11428198980939917
reduced2,2,650,A,0.05048093767827045
reduced2,2,650,M,0.20688608179936033
reduced2,2,238,A,0.03929072552938155
reduced2,2,238,M,0.10502877972680855
reduced2,2,498,A,0.04456074759808675
reduced2,2,498,M,0.08272725436942774
reduced2,2,806,A,0.029010032899859234
reduced2,2,806,M,0.1334635794281136
reduced2,2,629,A,0.05803566243138069
reduced2,2,629,M,0.17809878199418167
reduced2,2,468,A,0.03237244600918605
reduced2,2,468,M,0.11742920067438242
reduced2,2,343,A,0.02872878527969823
reduced2,2,343,M,0.3291011485635365
reduced2,2,664,A,0.05021323262487645
reduced2,2,664,M,0.15271542714199768
reduced2,2,671,A,0.043280130557493565
reduced2,2,671,M,0.29737505822051313
reduced2,2,652,A,0.03222096992046292
reduced2,2,652,M,0.04111873743348251
reduced2,2,346,A,0.02816366014335245
reduced2,2,346,M,0.2295294820748949
reduced2,2,381,A,0.059545037843135244
reduced2,2,381,M,0.092873367476433
reduced2,2,493,A,0.05652742851138829
reduced2,2,493,M,0.13858190533830977
reduced2,2,708,A,0.04078529354940883
reduced2,2,708,M,0.0916225954832929
reduced2,2,513,A,0.02421797018278967
reduced2,2,513,M,0.08382016285270898
reduced2,2,563,A,0.023662075562291347
reduced2,2,563,M,0.36600388355170893
reduced2,2,857,A,0.03483160751794873
reduced2,2,857,M,0.14714262735009861
reduced2,2,781,A,0.04835276287727576
reduced2,2,781,M,0.13711736776838282
reduced2,2,135,A,0.055272271504032626
reduced2,2,135,M,0.12195064223283872
reduced2,2,232,A,0.07330788995622563
reduced2,2,232,M,0.08846545638343119
reduced2,2,931,A,0.04552330575699188
reduced2,2,931,M,0.189312860516666
reduced2,2,426,A,0.03364140771868217
reduced2,2,426,M,0.31855674244074367
reduced2,2,660,A,0.0437364977866943
reduced2,2,660,M,0.18407171231117936
reduced2,2,995,A,0.039049153305728536
reduced2,2,995,M,0.0644011679977977
reduced2,2,36,A,0.05548034056891588
reduced2,2,36,M,0.11944533623847277
reduced2,2,545,A,0.05637932092514638
reduced2,2,545,M,0.2422012689559645
reduced2,2,116,A,0.0570131960741246
reduced2,2,116,M,0.2210375269725915
reduced2,2,434,A,0.055484829596623333
reduced2,2,434,M,0.07745522078518854
reduced2,2,390,A,0.05526382450529334
reduced2,2,390,M,0.05956894910261939
reduced2,2,751,A,0.053390834070762776
reduced2,2,751,M,0.2879536367395803
reduced3,3,978,A,0.051071207448153425
reduced3,3,978,M,0.0728053128955086
reduced3,3,933,A,0.04893274970733075
reduced3,3,933,M,0.11343443109799962
reduced3,3,859,A,0.061486236496141454
reduced3,3,859,M,0.17582766182121695
reduced3,3,916,A,0.0
reduced3,3,916,M,1.1725965110391219
reduced3,3,127,A,0.06939970925945789
reduced3,3,127,M,0.1243884569388156
reduced3,3,608,A,0.05247764882218836
reduced3,3,608,M,0.09758522835558063
reduced3,3,856,A,0.03579168381400073
reduced3,3,856,M,0.15656274228880096
reduced3,3,260,A,0.04761197524384312
reduced3,3,260,M,0.17867500036016645
reduced3,3,147,A,0.02739927449625119
reduced3,3,147,M,0.17277715228422427
reduced3,3,810,A,0.04851711657457228
reduced3,3,810,M,0.18380651543601217
reduced3,3,635,A,0.04651176918646539
reduced3,3,635,M,0.13469245567550236
reduced3,3,972,A,0.03954590534761692
reduced3,3,972,M,0.06523809412827004
reduced3,3,593,A,0.04019229804046296
reduced3,3,593,M,0.0868480094333653
reduced3,3,994,A,0.042587967381468535
reduced3,3,994,M,0.07700594100416865
reduced3,3,285,A,0.032302932670855454
reduced3,3,285,M,0.06966662240110783
reduced3,3,554,A,0.07777181389376785
reduced3,3,554,M,0.10920530813585011
reduced3,3,467,A,0.05691364316131017
reduced3,3,467,M,0.0719216676947228
reduced3,3,276,A,0.02379857803279454
reduced3,3,276,M,0.12791713694551518
reduced3,3,55,A,0.04255623788318784
reduced3,3,55,M,0.4932741732889933
reduced3,3,61,A,0.02928847224488037
reduced3,3,61,M,0.12267906155160284
reduced3,3,839,A,0.0486107466388757
reduced3,3,839,M,0.08219429799744574
reduced3,3,425,A,0.04251575416699459
reduced3,3,425,M,0.09655371615769415
reduced3,3,82,A,0.043464314471915455
reduced3,3,82,M,0.11080833690027403
reduced3,3,620,A,0.024848404973812393
reduced3,3,620,M,0.26664161411244086
reduced3,3,787,A,0.03404141521218648
reduced3,3,787,M,0.10591648333520921
reduced3,3,2,A,0.03932852868112719
reduced3,3,2,M,0.09918645725628934
reduced3,3,753,A,0.032339771406866495
reduced3,3,753,M,0.11202608815081258
reduced3,3,7,A,0.04582895167224654
reduced3,3,7,M,0.05477672140395084
reduced3,3,903,A,0.03503193592011294
reduced3,3,903,M,0.054813878982221224
reduced3,3,626,A,0.03682545062301497
reduced3,3,626,M,0.2604400434626147
reduced3,3,51,A,0.0
reduced3,3,51,M,0.37980476536789287
reduced3,3,557,A,0.07089720595286977
reduced3,3,557,M,0.1048219193275937
reduced3,3,310,A,0.03537920596763206
reduced3,3,310,M,0.09146229195894423
reduced3,3,100,A,0.04458586280806427
reduced3,3,100,M,0.32624413077009967
reduced3,3,848,A,0.022127794114044336
reduced3,3,848,M,0.22413158695122615
reduced3,3,921,A,0.023549159543624083
reduced3,3,921,M,0.10709453452510921
reduced3,3,45,A,0.06365374741671077
reduced3,3,45,M,0.04442855009467588
reduced3,3,976,A,0.049716899801281036
reduced3,3,976,M,0.1028564180128618
reduced3,3,136,A,0.040778780839168104
reduced3,3,136,M,0.24199508365205652
reduced3,3,128,A,0.034654353997146385
reduced3,3,128,M,0.8621124489874923
reduced3,3,605,A,0.055968844846913446
reduced3,3,605,M,0.10115240395264524
reduced3,3,945,A,0.0
reduced3,3,945,M,0.5445283329934971
reduced3,3,773,A,0.046044061714448956
reduced3,3,773,M,0.20098936365765052
reduced3,3,941,A,0.06408213684444934
reduced3,3,941,M,0.10244320444067187
reduced3,3,613,A,0.021683696402432232
reduced3,3,613,M,0.28327986723608817
reduced3,3,98,A,0.05212755486116726
reduced3,3,98,M,0.16076802269556412
reduced3,3,758,A,0.028642164342522283
reduced3,3,758,M,0.06725472881415624
reduced3,3,595,A,0.05481194203994852
reduced3,3,595,M,0.05552916780570623
reduced3,3,470,A,0.055675722195200485
reduced3,3,470,M,0.06480894098837509
reduced3,3,25,A,0.0
reduced3,3,25,M,0.4962980279843899
reduced3,3,514,A,0.033697269073171054
reduced3,3,514,M,0.6802856360942694
reduced3,3,239,A,0.03534096930142134
reduced3,3,239,M,0.11830254930869855
reduced3,3,980,A,0.03677095084687573
reduced3,3,980,M,0.10293241645393467
reduced3,3,623,A,0.025710305457923233
reduced3,3,623,M,0.13428628410581372
reduced3,3,252,A,0.04999231841793796
reduced3,3,252,M,0.11824067639969624
reduced3,3,662,A,0.017410492372013014
reduced3,3,662,M,0.2335258629746047
reduced3,3,171,A,0.05648580761055041
reduced3,3,171,M,0.07469924941932216
reduced3,3,408,A,0.05465489676325836
reduced3,3,408,M,0.06252494324107072
reduced3,3,993,A,0.05534190872114056
reduced3,3,993,M,0.08527849270673572
reduced3,3,592,A,0.05976096065985015
reduced3,3,592,M,0.18368673941216235
reduced3,3,701,A,0.02968990622822323
reduced3,3,701,M,0.5741563899222734
reduced3,3,427,A,0.0599771189126919
reduced3,3,427,M,0.038610595444975096
reduced3,3,457,A,0.05919452057627805
reduced3,3,457,M,0.20364327206408137
reduced3,3,454,A,0.08440948672101128
reduced3,3,454,M,0.05517197022452658
reduced3,3,151,A,0.049674582581490545
reduced3,3,151,M,0.09037664446555455
reduced3,3,756,A,0.04050305400542866
reduced3,3,756,M,0.11071681375363697
reduced3,3,250,A,0.035421208304793776
reduced3,3,250,M,0.195987275247572
reduced3,3,904,A,0.03723122425992252
reduced3,3,904,M,0.4441732632316619
reduced3,3,324,A,0.04332135603864448
reduced3,3,324,M,0.07354907850088871
reduced3,3,439,A,0.052792777560145956
reduced3,3,439,M,0.0601675352482841
reduced3,3,650,A,0.045597935874998725
reduced3,3,650,M,0.12541016069306846
reduced3,3,238,A,0.04040984160773029
reduced3,3,238,M,0.16890718089030574
reduced3,3,498,A,0.049074915115130006
reduced3,3,498,M,0.06990153622260001
reduced3,3,806,A,0.047635178486818065
reduced3,3,806,M,0.14547199955025983
reduced3,3,629,A,0.06020050309533874
reduced3,3,629,M,0.14597739431207227
reduced3,3,468,A,0.05807372082387344
reduced3,3,468,M,0.24807406464767184
reduced3,3,343,A,0.027172840703426758
reduced3,3,343,M,0.4979269951084508
reduced3,3,664,A,0.04669494730956854
reduced3,3,664,M,0.11231952598531489
reduced3,3,671,A,0.047006565239903216
reduced3,3,671,M,0.32052319548281605
reduced3,3,652,A,0.03832009378275495
reduced3,3,652,M,0.1000007704745918
reduced3,3,346,A,0.025658116151404373
reduced3,3,346,M,0.07877951044903239
reduced3,3,381,A,0.04917063069717166
reduced3,3,381,M,0.05596151828087967
reduced3,3,493,A,0.05591122613075139
reduced3,3,493,M,0.04711534330178474
reduced3,3,708,A,0.05083286841842473
reduced3,3,708,M,0.10643039165587953
reduced3,3,513,A,0.03907822435266922
reduced3,3,513,M,0.13407454350934886
reduced3,3,563,A,0.044272293680439355
reduced3,3,563,M,0.17717618863984114
reduced3,3,857,A,0.04000710186551792
reduced3,3,857,M,0.14031026886434778
reduced3,3,781,A,0.05488189661875928
reduced3,3,781,M,0.12445994509293902
reduced3,3,135,A,0.06794548925823421
reduced3,3,135,M,0.07979629015727291
reduced3,3,232,A,0.06915958802539122
reduced3,3,232,M,0.09202265123064667
reduced3,3,931,A,0.05018366553157213
reduced3,3,931,M,0.08741590964698616
reduced3,3,426,A,0.03837707217912204
reduced3,3,426,M,0.344718552349198
reduced3,3,660,A,0.05823175399015415
reduced3,3,660,M,0.25473937256865087
reduced3,3,995,A,0.04502106496169382
reduced3,3,995,M,0.09683472859269043
reduced3,3,36,A,0.06573913122966418
reduced3,3,36,M,0.05077586300551793
reduced3,3,545,A,0.04133843121219121
reduced3,3,545,M,0.3079389461899734
reduced3,3,116,A,0.06697758970655002
reduced3,3,116,M,0.21403660025777008
reduced3,3,434,A,0.055957013671530255
reduced3,3,434,M,0.2785210157162764
reduced3,3,390,A,0.062061472282075786
reduced3,3,390,M,0.04368350067252587
reduced3,3,751,A,0.040628346343344376
reduced3,3,751,M,0.2970087686794856
reduced4_AEIM,4,978,A,0.05891987120905051
reduced4_AEIM,4,978,M,0.07059169907727897
reduced4_AEIM,4,933,A,0.048541992392216744
reduced4_AEIM,4,933,M,0.15729649011561617
reduced4_AEIM,4,859,A,0.07541750912655035
reduced4_AEIM,4,859,M,0.05302390000927269
reduced4_AEIM,4,916,A,0.0
reduced4_AEIM,4,916,M,0.08467382991310177
reduced4_AEIM,4,127,A,0.051553410238987254
reduced4_AEIM,4,127,M,0.08985865820212192
reduced4_AEIM,4,608,A,0.0501770542230981
reduced4_AEIM,4,608,M,0.14258294117271897
reduced4_AEIM,4,856,A,0.04728034421422889
reduced4_AEIM,4,856,M,0.1289646253605379
reduced4_AEIM,4,260,A,0.06293605341643355
reduced4_AEIM,4,260,M,0.1587304774129313
reduced4_AEIM,4,147,A,0.03240902893651199
reduced4_AEIM,4,147,M,0.17000047212734568
reduced4_AEIM,4,810,A,0.05407064126692335
reduced4_AEIM,4,810,M,0.26727612229660275
reduced4_AEIM,4,635,A,0.053451502819201156
reduced4_AEIM,4,635,M,0.11964178473131416
reduced4_AEIM,4,972,A,0.0488607108238791
reduced4_AEIM,4,972,M,0.10422538665042934
reduced4_AEIM,4,593,A,0.0240750160941629
reduced4_AEIM,4,593,M,0.10191063725545818
reduced4_AEIM,4,994,A,0.03631917358521284
reduced4_AEIM,4,994,M,0.11177906976620497
reduced4_AEIM,4,285,A,0.03416149635656889
reduced4_AEIM,4,285,M,0.12308339717513515
reduced4_AEIM,4,554,A,0.07331630574014646
reduced4_AEIM,4,554,M,0.18004995805236065
reduced4_AEIM,4,467,A,0.06870359908347781
reduced4_AEIM,4,467,M,0.125170074787997
reduced4_AEIM,4,276,A,0.030710462209391252
reduced4_AEIM,4,276,M,0.12257493430329798
reduced4_AEIM,4,55,A,0.0
reduced4_AEIM,4,55,M,0.4619312391745874
reduced4_AEIM,4,61,A,0.025919857833934752
reduced4_AEIM,4,61,M,0.14227723536708492
reduced4_AEIM,4,839,A,0.04830761796255445
reduced4_AEIM,4,839,M,0.12069749598213925
reduced4_AEIM,4,425,A,0.06305949228096647
reduced4_AEIM,4,425,M,0.12121395624881391
reduced4_AEIM,4,82,A,0.05481103636518866
reduced4_AEIM,4,82,M,0.06562672800312679
reduced4_AEIM,4,620,A,0.03783503071390328
reduced4_AEIM,4,620,M,0.1834321692330741
reduced4_AEIM,4,787,A,0.04066583294301257
reduced4_AEIM,4,787,M,0.10264068599244468
reduced4_AEIM,4,2,A,0.018347321047193464
reduced4_AEIM,4,2,M,0.11149927214814327
reduced4_AEIM,4,753,A,0.03531184490927488
reduced4_AEIM,4,753,M,0.07331492482962908
reduced4_AEIM,4,7,A,0.05212246318966402
reduced4_AEIM,4,7,M,0.19533836625113582
reduced4_AEIM,4,903,A,0.049358255005116196
reduced4_AEIM,4,903,M,0.08276063343570537
reduced4_AEIM,4,626,A,0.04545862045853533
reduced4_AEIM,4,626,M,0.1511635110254199
reduced4_AEIM,4,51,A,0.0
reduced4_AEIM,4,51,M,0.31738857002338733
reduced4_AEIM,4,557,A,0.10377888615323058
reduced4_AEIM,4,557,M,0.17686318806695783
reduced4_AEIM,4,310,A,0.03637908136732606
reduced4_AEIM,4,310,M,0.0643252707976584
reduced4_AEIM,4,100,A,0.04984053609175617
reduced4_AEIM,4,100,M,0.11484734833475028
reduced4_AEIM,4,848,A,0.02739352113843986
reduced4_AEIM,4,848,M,0.23261675161532389
reduced4_AEIM,4,921,A,0.0
reduced4_AEIM,4,921,M,0.071372630024731
reduced4_AEIM,4,45,A,0.061042243684516606
reduced4_AEIM,4,45,M,0.14298303708883686
reduced4_AEIM,4,976,A,0.06696110916736984
reduced4_AEIM,4,976,M,0.16325938370803195
reduced4_AEIM,4,136,A,0.02856347192616833
reduced4_AEIM,4,136,M,0.11788855086769376
reduced4_AEIM,4,128,A,0.045746993657976485
reduced4_AEIM,4,128,M,0.6548989225366124
reduced4_AEIM,4,605,A,0.08792087487673476
reduced4_AEIM,4,605,M,0.23355479091541792
reduced4_AEIM,4,945,A,0.0
reduced4_AEIM,4,945,M,0.3397052413380186
reduced4_AEIM,4,773,A,0.03425495777976044
reduced4_AEIM,4,773,M,0.11079571006598121
reduced4_AEIM,4,941,A,0.08490771417440181
reduced4_AEIM,4,941,M,0.22049340104732013
reduced4_AEIM,4,613,A,0.02543368242878919
reduced4_AEIM,4,613,M,0.15550303920265088
reduced4_AEIM,4,98,A,0.0545166451587931
reduced4_AEIM,4,98,M,0.1958885799015276
reduced4_AEIM,4,758,A,0.036733909718761185
reduced4_AEIM,4,758,M,0.06777419346335954
reduced4_AEIM,4,595,A,0.06264593969664305
reduced4_AEIM,4,595,M,0.13430761869168198
reduced4_AEIM,4,470,A,0.05943942489126024
reduced4_AEIM,4,470,M,0.15357554258000922
reduced4_AEIM,4,25,A,0.0
reduced4_AEIM,4,25,M,0.4658615200556849
reduced4_AEIM,4,514,A,0.031745457777967806
reduced4_AEIM,4,514,M,0.44813932827431013
reduced4_AEIM,4,239,A,0.04442439480286399
reduced4_AEIM,4,239,M,0.10961748368824756
reduced4_AEIM,4,980,A,0.04043651906591594
reduced4_AEIM,4,980,M,0.10254570190756723
reduced4_AEIM,4,623,A,0.028377435313516865
reduced4_AEIM,4,623,M,0.13276855476884253
reduced4_AEIM,4,252,A,0.05539512241724135
reduced4_AEIM,4,252,M,0.10339987925849137
reduced4_AEIM,4,662,A,0.022016182862057646
reduced4_AEIM,4,662,M,0.17031458397552304
reduced4_AEIM,4,171,A,0.04971559252646554
reduced4_AEIM,4,171,M,0.10324404627914695
reduced4_AEIM,4,408,A,0.055799237563610785
reduced4_AEIM,4,408,M,0.12822328464669516
reduced4_AEIM,4,993,A,0.06521302755092391
reduced4_AEIM,4,993,M,0.11989822396795734
reduced4_AEIM,4,592,A,0.08106283544225243
reduced4_AEIM,4,592,M,0.19372578753595265
reduced4_AEIM,4,701,A,0.043189068071604025
reduced4_AEIM,4,701,M,0.1452746746191332
reduced4_AEIM,4,427,A,0.07208103338472256
reduced4_AEIM,4,427,M,0.1733287888790439
reduced4_AEIM,4,457,A,0.0988999811835402
reduced4_AEIM,4,457,M,0.14968331532110343
reduced4_AEIM,4,454,A,0.10492606008110328
reduced4_AEIM,4,454,M,0.17847035465581904
reduced4_AEIM,4,151,A,0.061331421227274606
reduced4_AEIM,4,151,M,0.14496952367920327
reduced4_AEIM,4,756,A,0.04824291289022608
reduced4_AEIM,4,756,M,0.13465067483347867
reduced4_AEIM,4,250,A,0.04228049046749821
reduced4_AEIM,4,250,M,0.10353697897269395
reduced4_AEIM,4,904,A,0.041999106479601096
reduced4_AEIM,4,904,M,0.27587192672878236
reduced4_AEIM,4,324,A,0.03214596591759122
reduced4_AEIM,4,324,M,0.09267291027519972
reduced4_AEIM,4,439,A,0.07578302928894046
reduced4_AEIM,4,439,M,0.129117025431108
reduced4_AEIM,4,650,A,0.05483725218852128
reduced4_AEIM,4,650,M,0.1975596184066661
reduced4_AEIM,4,238,A,0.03253306500985186
reduced4_AEIM,4,238,M,0.1559831450647629
reduced4_AEIM,4,498,A,0.058732380380120096
reduced4_AEIM,4,498,M,0.0877005307598916
reduced4_AEIM,4,806,A,0.0339145344226114
reduced4_AEIM,4,806,M,0.1449927299136175
reduced4_AEIM,4,629,A,0.07057827956068255
reduced4_AEIM,4,629,M,0.2641275479845875
reduced4_AEIM,4,468,A,0.05023485882006977
reduced4_AEIM,4,468,M,0.22952597551770115
reduced4_AEIM,4,343,A,0.030633799834120505
reduced4_AEIM,4,343,M,0.2234544397393748
reduced4_AEIM,4,664,A,0.04406355245062839
reduced4_AEIM,4,664,M,0.19373064643745294
reduced4_AEIM,4,671,A,0.04659994070089175
reduced4_AEIM,4,671,M,0.1549758103859497
reduced4_AEIM,4,652,A,0.0347843054907661
reduced4_AEIM,4,652,M,0.10629458977896555
reduced4_AEIM,4,346,A,0.020581839046237622
reduced4_AEIM,4,346,M,0.0809410036060099
reduced4_AEIM,4,381,A,0.06772360081427856
reduced4_AEIM,4,381,M,0.13266525367611845
reduced4_AEIM,4,493,A,0.06921837896200218
reduced4_AEIM,4,493,M,0.12081590602418767
reduced4_AEIM,4,708,A,0.041527516538677145
reduced4_AEIM,4,708,M,0.10063089302608517
reduced4_AEIM,4,513,A,0.05701725862961877
reduced4_AEIM,4,513,M,0.20006938030506843
reduced4_AEIM,4,563,A,0.05545210077142322
reduced4_AEIM,4,563,M,0.26721425456593345
reduced4_AEIM,4,857,A,0.0434391591584314
reduced4_AEIM,4,857,M,0.11573972483082039
reduced4_AEIM,4,781,A,0.04502690649321726
reduced4_AEIM,4,781,M,0.1287441178798594
reduced4_AEIM,4,135,A,0.09381686530678082
reduced4_AEIM,4,135,M,0.15439023033705107
reduced4_AEIM,4,232,A,0.09376482061254511
reduced4_AEIM,4,232,M,0.17990388085425726
reduced4_AEIM,4,931,A,0.05607999502410754
reduced4_AEIM,4,931,M,0.07003638860744173
reduced4_AEIM,4,426,A,0.05005925342859941
reduced4_AEIM,4,426,M,0.3340188824027655
reduced4_AEIM,4,660,A,0.07046513060513333
reduced4_AEIM,4,660,M,0.051496649397097756
reduced4_AEIM,4,995,A,0.04455974607641122
reduced4_AEIM,4,995,M,0.05936017166753439
reduced4_AEIM,4,36,A,0.10292637849633532
reduced4_AEIM,4,36,M,0.08244934146872536
reduced4_AEIM,4,545,A,0.04296268599761254
reduced4_AEIM,4,545,M,0.18666535744704824
reduced4_AEIM,4,116,A,0.07525562464688397
reduced4_AEIM,4,116,M,0.21035710330088134
reduced4_AEIM,4,434,A,0.061758219849884013
reduced4_AEIM,4,434,M,0.2630443930919009
reduced4_AEIM,4,390,A,0.0911218845360166
reduced4_AEIM,4,390,M,0.09962959822082536
reduced4_AEIM,4,751,A,0.03439895484629741
reduced4_AEIM,4,751,M,0.18416114874200573
reduced5,5,978,A,0.04544412144498378
reduced5,5,978,M,0.07477987838589481
reduced5,5,933,A,0.04594575224742903
reduced5,5,933,M,0.16919362585213332
reduced5,5,859,A,0.05122119194554037
reduced5,5,859,M,0.16066409243767152
reduced5,5,916,A,0.0
reduced5,5,916,M,0.7135409705958236
reduced5,5,127,A,0.04500346876715458
reduced5,5,127,M,0.09355785101975622
reduced5,5,608,A,0.03353261720808666
reduced5,5,608,M,0.24976899164216
reduced5,5,856,A,0.03694584533125522
reduced5,5,856,M,0.4478926234339292
reduced5,5,260,A,0.04688632499167272
reduced5,5,260,M,0.15566136542326472
reduced5,5,147,A,0.02825619397890337
reduced5,5,147,M,0.7104471857902299
reduced5,5,810,A,0.03491588508195741
reduced5,5,810,M,0.28436382266289373
reduced5,5,635,A,0.04751752904573238
reduced5,5,635,M,0.2336271232624697
reduced5,5,972,A,0.03587751399099515
reduced5,5,972,M,0.18089094959663926
reduced5,5,593,A,0.022893075269505885
reduced5,5,593,M,0.13556954137925586
reduced5,5,994,A,0.020449483458659358
reduced5,5,994,M,0.10955323374745485
reduced5,5,285,A,0.03362080597452234
reduced5,5,285,M,0.03362495126782806
reduced5,5,554,A,0.05066360594990799
reduced5,5,554,M,0.1065742409796214
reduced5,5,467,A,0.057219200042059555
reduced5,5,467,M,0.0804774022087791
reduced5,5,276,A,0.017643857556870316
reduced5,5,276,M,0.23417564090035506
reduced5,5,55,A,0.0
reduced5,5,55,M,0.44982676278584927
reduced5,5,61,A,0.02391729593900462
reduced5,5,61,M,0.17885739891050353
reduced5,5,839,A,0.038652479330131925
reduced5,5,839,M,0.07732634724077773
reduced5,5,425,A,0.041915635847551654
reduced5,5,425,M,0.0826975783860327
reduced5,5,82,A,0.051627452337813205
reduced5,5,82,M,0.06506381565007673
reduced5,5,620,A,0.02441022830594167
reduced5,5,620,M,0.6656532289993057
reduced5,5,787,A,0.030032551399497173
reduced5,5,787,M,0.17686823906070526
reduced5,5,2,A,0.019209814166437914
reduced5,5,2,M,0.18386624817431993
reduced5,5,753,A,0.035923930198518875
reduced5,5,753,M,0.044229105884528865
reduced5,5,7,A,0.04411258139625761
reduced5,5,7,M,0.16650686043301735
reduced5,5,903,A,0.033957155760380116
reduced5,5,903,M,0.09122879968025494
reduced5,5,626,A,0.03401034009148341
reduced5,5,626,M,0.2999854188320655
reduced5,5,51,A,0.0
reduced5,5,51,M,0.7101151055046592
reduced5,5,557,A,0.0676547447324989
reduced5,5,557,M,0.12108241028896811
reduced5,5,310,A,0.034690286517237545
reduced5,5,310,M,0.1251372127934958
reduced5,5,100,A,0.03750365889600364
reduced5,5,100,M,0.0889270421847143
reduced5,5,848,A,0.022566993835222947
reduced5,5,848,M,0.6023916983886948
reduced5,5,921,A,0.0
reduced5,5,921,M,0.0905326918102561
reduced5,5,45,A,0.04677373801994769
reduced5,5,45,M,0.10294510171481495
reduced5,5,976,A,0.0334138585322238
reduced5,5,976,M,0.05685624736935936
reduced5,5,136,A,0.02898971092302696
reduced5,5,136,M,0.120352827929266
reduced5,5,128,A,0.036388744616311225
reduced5,5,128,M,1.9988705900570511
reduced5,5,605,A,0.04671375064806683
reduced5,5,605,M,0.2061841261060273
reduced5,5,945,A,0.0
reduced5,5,945,M,0.9383272230344318
reduced5,5,773,A,0.026622567191511327
reduced5,5,773,M,0.23756002160247028
reduced5,5,941,A,0.06278530364459317
reduced5,5,941,M,0.11493471793648934
reduced5,5,613,A,0.021788568635766146
reduced5,5,613,M,0.4002426492192651
reduced5,5,98,A,0.0302431467166569
reduced5,5,98,M,0.18501509057175347
reduced5,5,758,A,0.029831628888307843
reduced5,5,758,M,0.20310134252114045
reduced5,5,595,A,0.036507481982495336
reduced5,5,595,M,0.10532892481763521
reduced5,5,470,A,0.049182304023618915
reduced5,5,470,M,0.15371456685476936
reduced5,5,25,A,0.0
reduced5,5,25,M,1.6193288654181945
reduced5,5,514,A,0.035839081917427115
reduced5,5,514,M,1.4046955361675202
reduced5,5,239,A,0.03742523116309597
reduced5,5,239,M,0.17684675434450206
reduced5,5,980,A,0.03651358091132591
reduced5,5,980,M,0.11164870456214533
reduced5,5,623,A,0.025573841358809895
reduced5,5,623,M,0.1533543490129329
reduced5,5,252,A,0.04630195605802284
reduced5,5,252,M,0.4850527356189399
reduced5,5,662,A,0.01807015250039969
reduced5,5,662,M,0.4428556692002453
reduced5,5,171,A,0.05688183579381842
reduced5,5,171,M,0.06338579474643626
reduced5,5,408,A,0.05052253134794413
reduced5,5,408,M,0.16345325776750413
reduced5,5,993,A,0.050319936460264954
reduced5,5,993,M,0.11273102540087122
reduced5,5,592,A,0.049061379628337475
reduced5,5,592,M,0.12695226838709747
reduced5,5,701,A,0.03277137226572249
reduced5,5,701,M,0.5441474333512104
reduced5,5,427,A,0.04781255751169759
reduced5,5,427,M,0.17052552312326355
reduced5,5,457,A,0.06563563975061781
reduced5,5,457,M,0.13625115453200495
reduced5,5,454,A,0.06132765021145826
reduced5,5,454,M,0.17901679919852573
reduced5,5,151,A,0.048220701511089696
reduced5,5,151,M,0.12201720913671142
reduced5,5,756,A,0.03770212956570207
reduced5,5,756,M,0.1013209332843652
reduced5,5,250,A,0.030660477671803247
reduced5,5,250,M,0.08944670054876022
reduced5,5,904,A,0.036247374957104006
reduced5,5,904,M,0.4682012211687939
reduced5,5,324,A,0.027547865872188215
reduced5,5,324,M,0.07573436213116387
reduced5,5,439,A,0.05858764379051304
reduced5,5,439,M,0.07821747397515584
reduced5,5,650,A,0.04619230515981594
reduced5,5,650,M,0.13705072528444917
reduced5,5,238,A,0.034324904452764635
reduced5,5,238,M,0.11750382655547349
reduced5,5,498,A,0.04929383567890841
reduced5,5,498,M,0.11607443967839967
reduced5,5,806,A,0.027724297786936147
reduced5,5,806,M,0.6505207911638279
reduced5,5,629,A,0.06249751236281922
reduced5,5,629,M,0.25665998516492233
reduced5,5,468,A,0.05072550528331667
reduced5,5,468,M,0.21100071147332344
reduced5,5,343,A,0.026933346542378427
reduced5,5,343,M,0.37245285403108924
reduced5,5,664,A,0.03284192804318045
reduced5,5,664,M,0.06875045428561741
reduced5,5,671,A,0.037780206588686145
reduced5,5,671,M,0.3667603516132417
reduced5,5,652,A,0.03156698453068925
reduced5,5,652,M,0.15357416979743893
reduced5,5,346,A,0.022645012963748382
reduced5,5,346,M,0.40366216560245904
reduced5,5,381,A,0.04996016638639804
reduced5,5,381,M,0.1830472866192835
reduced5,5,493,A,0.03943662722453727
reduced5,5,493,M,0.0969265840288788
reduced5,5,708,A,0.031129888584672555
reduced5,5,708,M,0.09544062812164678
reduced5,5,513,A,0.04828071779285924
reduced5,5,513,M,0.19871271074517735
reduced5,5,563,A,0.045455438931237976
reduced5,5,563,M,0.34870789639284216
reduced5,5,857,A,0.03172640059479278
reduced5,5,857,M,0.11171315883421581
reduced5,5,781,A,0.03842001369700047
reduced5,5,781,M,0.1516991459617494
reduced5,5,135,A,0.053696729184886084
reduced5,5,135,M,0.08985039978078596
reduced5,5,232,A,0.07892304712633844
reduced5,5,232,M,0.1797825103717806
reduced5,5,931,A,0.05141877673789158
reduced5,5,931,M,0.060223954789038275
reduced5,5,426,A,0.03874518772350199
reduced5,5,426,M,0.31636223173835293
reduced5,5,660,A,0.05577669262894545
reduced5,5,660,M,0.13945904461843345
reduced5,5,995,A,0.04182149914053654
reduced5,5,995,M,0.13233675271632755
reduced5,5,36,A,0.06600342200387144
reduced5,5,36,M,0.065606932069769
reduced5,5,545,A,0.029993589185327005
reduced5,5,545,M,0.3082547575251883
reduced5,5,116,A,0.05203912899572956
reduced5,5,116,M,0.18264910941831292
reduced5,5,434,A,0.04889816864537662
reduced5,5,434,M,0.2673889953162421
reduced5,5,390,A,0.06514297361996263
reduced5,5,390,M,0.04592839403312593
reduced5,5,751,A,0.03302766322102157
reduced5,5,751,M,0.3362167209040833
reduced6_ADGJLM,6,978,A,0.06733504960645803
reduced6_ADGJLM,6,978,M,0.04787872617663063
reduced6_ADGJLM,6,933,A,0.058776689847817844
reduced6_ADGJLM,6,933,M,0.0841360980377103
reduced6_ADGJLM,6,859,A,0.07606292520018901
reduced6_ADGJLM,6,859,M,0.05635721203847137
reduced6_ADGJLM,6,916,A,0.0
reduced6_ADGJLM,6,916,M,2.0056004296670364
reduced6_ADGJLM,6,127,A,0.0626834756467262
reduced6_ADGJLM,6,127,M,0.11319742985403318
reduced6_ADGJLM,6,608,A,0.04080626298740675
reduced6_ADGJLM,6,608,M,0.14244719041045967
reduced6_ADGJLM,6,856,A,0.0665823450423044
reduced6_ADGJLM,6,856,M,0.35297456671270616
reduced6_ADGJLM,6,260,A,0.07127474881813793
reduced6_ADGJLM,6,260,M,0.16929532361898897
reduced6_ADGJLM,6,147,A,0.04154838164569718
reduced6_ADGJLM,6,147,M,0.40972916129133147
reduced6_ADGJLM,6,810,A,0.0445285304909429
reduced6_ADGJLM,6,810,M,0.19111843785028618
reduced6_ADGJLM,6,635,A,0.05943663401723196
reduced6_ADGJLM,6,635,M,0.06347743383538139
reduced6_ADGJLM,6,972,A,0.04125418363960239
reduced6_ADGJLM,6,972,M,0.09951148269538361
reduced6_ADGJLM,6,593,A,0.024623588021146923
reduced6_ADGJLM,6,593,M,0.08819557337982724
reduced6_ADGJLM,6,994,A,0.02551980256496577
reduced6_ADGJLM,6,994,M,0.1552416567833967
reduced6_ADGJLM,6,285,A,0.051523103571568286
reduced6_ADGJLM,6,285,M,0.0936926696492428
reduced6_ADGJLM,6,554,A,0.05739296633818711
reduced6_ADGJLM,6,554,M,0.08542551635983217
reduced6_ADGJLM,6,467,A,0.07933796589101509
reduced6_ADGJLM,6,467,M,0.037557987166348526
reduced6_ADGJLM,6,276,A,0.04855856474093598
reduced6_ADGJLM,6,276,M,0.0779712378632027
reduced6_ADGJLM,6,55,A,0.0
reduced6_ADGJLM,6,55,M,0.830475230528864
reduced6_ADGJLM,6,61,A,0.0375240397108459
reduced6_ADGJLM,6,61,M,0.08865904815337385
reduced6_ADGJLM,6,839,A,0.056620792021411286
reduced6_ADGJLM,6,839,M,0.048082838120841194
reduced6_ADGJLM,6,425,A,0.0355939593524907
reduced6_ADGJLM,6,425,M,0.09954780395387983
reduced6_ADGJLM,6,82,A,0.042040379709230774
reduced6_ADGJLM,6,82,M,0.13733781462559047
reduced6_ADGJLM,6,620,A,0.04436996220420006
reduced6_ADGJLM,6,620,M,0.8519384308534319
reduced6_ADGJLM,6,787,A,0.03919036691354173
reduced6_ADGJLM,6,787,M,0.05739693526981297
reduced6_ADGJLM,6,2,A,0.026407205540803353
reduced6_ADGJLM,6,2,M,0.07998794800506047
reduced6_ADGJLM,6,753,A,0.028259667022299054
reduced6_ADGJLM,6,753,M,0.10056013424679128
reduced6_ADGJLM,6,7,A,0.09321646606502072
reduced6_ADGJLM,6,7,M,0.16217941770045155
reduced6_ADGJLM,6,903,A,0.054968946702823145
reduced6_ADGJLM,6,903,M,0.09153068240090324
reduced6_ADGJLM,6,626,A,0.04730640688541348
reduced6_ADGJLM,6,626,M,0.19982987793914134
reduced6_ADGJLM,6,51,A,0.0
reduced6_ADGJLM,6,51,M,0.4929526131565592
reduced6_ADGJLM,6,557,A,0.10124540901601291
reduced6_ADGJLM,6,557,M,0.0660871625140027
reduced6_ADGJLM,6,310,A,0.06610640273525772
reduced6_ADGJLM,6,310,M,0.1353827404861163
reduced6_ADGJLM,6,100,A,0.03464367492922
reduced6_ADGJLM,6,100,M,0.1643482126949717
reduced6_ADGJLM,6,848,A,0.04752520285352616
reduced6_ADGJLM,6,848,M,0.14619994648320359
reduced6_ADGJLM,6,921,A,0.0
reduced6_ADGJLM,6,921,M,0.2041607958515246
reduced6_ADGJLM,6,45,A,0.07543031865145769
reduced6_ADGJLM,6,45,M,0.12880143183219203
reduced6_ADGJLM,6,976,A,0.04977747020930663
reduced6_ADGJLM,6,976,M,0.14061101237937837
reduced6_ADGJLM,6,136,A,0.031454955774265055
reduced6_ADGJLM,6,136,M,0.3219132657097758
reduced6_ADGJLM,6,128,A,0.05470158827492446
reduced6_ADGJLM,6,128,M,0.9365617884919925
reduced6_ADGJLM,6,605,A,0.042142189034140944
reduced6_ADGJLM,6,605,M,0.15302952610644438
reduced6_ADGJLM,6,945,A,0.0
reduced6_ADGJLM,6,945,M,0.734930495672802
reduced6_ADGJLM,6,773,A,0.03050290543954743
reduced6_ADGJLM,6,773,M,0.12845418644571066
reduced6_ADGJLM,6,941,A,0.08939689128327394
reduced6_ADGJLM,6,941,M,0.042622913029637756
reduced6_ADGJLM,6,613,A,0.037406858239264824
reduced6_ADGJLM,6,613,M,0.2744160033120585
reduced6_ADGJLM,6,98,A,0.03129564042316209
reduced6_ADGJLM,6,98,M,0.12317856104400451
reduced6_ADGJLM,6,758,A,0.030117463968092534
reduced6_ADGJLM,6,758,M,0.1059538378810559
reduced6_ADGJLM,6,595,A,0.04467099042399107
reduced6_ADGJLM,6,595,M,0.041762076773201345
reduced6_ADGJLM,6,470,A,0.09023140025094169
reduced6_ADGJLM,6,470,M,0.1504631902260712
reduced6_ADGJLM,6,25,A,0.0
reduced6_ADGJLM,6,25,M,0.10802322230916331
reduced6_ADGJLM,6,514,A,0.03488910227858127
reduced6_ADGJLM,6,514,M,0.879027769440322
reduced6_ADGJLM,6,239,A,0.06460618861753314
reduced6_ADGJLM,6,239,M,0.1174854662550356
reduced6_ADGJLM,6,980,A,0.04319080857721603
reduced6_ADGJLM,6,980,M,0.07542096577684734
reduced6_ADGJLM,6,623,A,0.042174769096055574
reduced6_ADGJLM,6,623,M,0.061472333155745046
reduced6_ADGJLM,6,252,A,0.09231842094970351
reduced6_ADGJLM,6,252,M,0.28389233164025424
reduced6_ADGJLM,6,662,A,0.03381882685030421
reduced6_ADGJLM,6,662,M,0.20958098256991475
reduced6_ADGJLM,6,171,A,0.031168808364298178
reduced6_ADGJLM,6,171,M,0.13274938497489228
reduced6_ADGJLM,6,408,A,0.05108096166276393
reduced6_ADGJLM,6,408,M,0.06527045464737384
reduced6_ADGJLM,6,993,A,0.06466166884804897
reduced6_ADGJLM,6,993,M,0.07739202812411891
reduced6_ADGJLM,6,592,A,0.06871257922022621
reduced6_ADGJLM,6,592,M,0.18319453016555606
reduced6_ADGJLM,6,701,A,0.054586757414632814
reduced6_ADGJLM,6,701,M,0.5636036971035526
reduced6_ADGJLM,6,427,A,0.07528989400814833
reduced6_ADGJLM,6,427,M,0.0949906884903087
reduced6_ADGJLM,6,457,A,0.10008306358026921
reduced6_ADGJLM,6,457,M,0.22480300936895684
reduced6_ADGJLM,6,454,A,0.10595469185837575
reduced6_ADGJLM,6,454,M,0.12876520179289566
reduced6_ADGJLM,6,151,A,0.0688146903570981
reduced6_ADGJLM,6,151,M,0.09950925004773996
reduced6_ADGJLM,6,756,A,0.041267046754026586
reduced6_ADGJLM,6,756,M,0.1295772276933318
reduced6_ADGJLM,6,250,A,0.0439481472871362
reduced6_ADGJLM,6,250,M,0.0660279567800663
reduced6_ADGJLM,6,904,A,0.04248496191868071
reduced6_ADGJLM,6,904,M,0.4589425728450376
reduced6_ADGJLM,6,324,A,0.02009290634050616
reduced6_ADGJLM,6,324,M,0.09234554439813294
reduced6_ADGJLM,6,439,A,0.09123182152945962
reduced6_ADGJLM,6,439,M,0.034396534897777824
reduced6_ADGJLM,6,650,A,0.06546878372500656
reduced6_ADGJLM,6,650,M,0.13562545098185516
reduced6_ADGJLM,6,238,A,0.020088824437588113
reduced6_ADGJLM,6,238,M,0.17362958842106774
reduced6_ADGJLM,6,498,A,0.06828799940382235
reduced6_ADGJLM,6,498,M,0.06667753211420943
reduced6_ADGJLM,6,806,A,0.035271818003957095
reduced6_ADGJLM,6,806,M,0.13098254476549198
reduced6_ADGJLM,6,629,A,0.093702694662236
reduced6_ADGJLM,6,629,M,0.1716561875280198
reduced6_ADGJLM,6,468,A,0.06791778899492042
reduced6_ADGJLM,6,468,M,0.11314518035756119
reduced6_ADGJLM,6,343,A,0.02305621247947336
reduced6_ADGJLM,6,343,M,0.9018918884346054
reduced6_ADGJLM,6,664,A,0.049735355451743936
reduced6_ADGJLM,6,664,M,0.061816545621611374
reduced6_ADGJLM,6,671,A,0.03773694501699137
reduced6_ADGJLM,6,671,M,0.28025668261773845
reduced6_ADGJLM,6,652,A,0.050516914261519726
reduced6_ADGJLM,6,652,M,0.10922826818955644
reduced6_ADGJLM,6,346,A,0.024527713235994706
reduced6_ADGJLM,6,346,M,0.21299802407688118
reduced6_ADGJLM,6,381,A,0.08179353078678765
reduced6_ADGJLM,6,381,M,0.09690053291252682
reduced6_ADGJLM,6,493,A,0.05154412084687374
reduced6_ADGJLM,6,493,M,0.07029230016591272
reduced6_ADGJLM,6,708,A,0.07472377012738918
reduced6_ADGJLM,6,708,M,0.14851967427124985
reduced6_ADGJLM,6,513,A,0.09113097550007809
reduced6_ADGJLM,6,513,M,0.0810140478656112
reduced6_ADGJLM,6,563,A,0.08443203863438746
reduced6_ADGJLM,6,563,M,0.7413645772467042
reduced6_ADGJLM,6,857,A,0.03351774706001646
reduced6_ADGJLM,6,857,M,0.0816223162404236
reduced6_ADGJLM,6,781,A,0.03940673485039875
reduced6_ADGJLM,6,781,M,0.13043616951691495
reduced6_ADGJLM,6,135,A,0.05410600828645122
reduced6_ADGJLM,6,135,M,0.06240807014698761
reduced6_ADGJLM,6,232,A,0.1046389911167548
reduced6_ADGJLM,6,232,M,0.07914769949338778
reduced6_ADGJLM,6,931,A,0.05632039945968318
reduced6_ADGJLM,6,931,M,0.06359711631374469
reduced6_ADGJLM,6,426,A,0.07126357390094905
reduced6_ADGJLM,6,426,M,0.24112496073681397
reduced6_ADGJLM,6,660,A,0.10402184474884231
reduced6_ADGJLM,6,660,M,0.1734422619616667
reduced6_ADGJLM,6,995,A,0.07241774600212889
reduced6_ADGJLM,6,995,M,0.06389065226716373
reduced6_ADGJLM,6,36,A,0.09857892364242603
reduced6_ADGJLM,6,36,M,0.040924135041155385
reduced6_ADGJLM,6,545,A,0.03764426113227077
reduced6_ADGJLM,6,545,M,0.22391235769220363
reduced6_ADGJLM,6,116,A,0.06752895732404267
reduced6_ADGJLM,6,116,M,0.19429552252459278
reduced6_ADGJLM,6,434,A,0.07996269548528386
reduced6_ADGJLM,6,434,M,0.27180149939639087
reduced6_ADGJLM,6,390,A,0.09527832762493006
reduced6_ADGJLM,6,390,M,0.06355665949550489
reduced6_ADGJLM,6,751,A,0.033051333996735044
reduced6_ADGJLM,6,751,M,0.2362437076705097
reduced7,7,978,A,0.044646874203102586
reduced7,7,978,M,0.05538341504359337
reduced7,7,933,A,0.02940523708383042
reduced7,7,933,M,0.061162688803015716
reduced7,7,859,A,0.0544683216723238
reduced7,7,859,M,0.11996796273223827
reduced7,7,916,A,0.0
reduced7,7,916,M,2.79444502413125
reduced7,7,127,A,0.034615677263545454
reduced7,7,127,M,0.0766104759599012
reduced7,7,608,A,0.0
reduced7,7,608,M,0.061129218754009895
reduced7,7,856,A,0.03502522534411416
reduced7,7,856,M,0.7199895442880727
reduced7,7,260,A,0.03314223197125155
reduced7,7,260,M,0.05086862118095077
reduced7,7,147,A,0.049581179833702124
reduced7,7,147,M,0.3982273272119166
reduced7,7,810,A,0.0392715556619971
reduced7,7,810,M,0.1417487700568049
reduced7,7,635,A,0.041890800910204806
reduced7,7,635,M,0.053097575841609325
reduced7,7,972,A,0.0
reduced7,7,972,M,0.07658492123546812
reduced7,7,593,A,0.025231148416489893
reduced7,7,593,M,0.048331887534170295
reduced7,7,994,A,0.02961260083674085
reduced7,7,994,M,0.09379833080077553
reduced7,7,285,A,0.027997590127224047
reduced7,7,285,M,0.04084938330053297
reduced7,7,554,A,0.03867526768740448
reduced7,7,554,M,0.04730939268709677
reduced7,7,467,A,0.038911226838539946
reduced7,7,467,M,0.05226553926380353
reduced7,7,276,A,0.02101045154970884
reduced7,7,276,M,0.06527401121136858
reduced7,7,55,A,0.0
reduced7,7,55,M,1.481720681592423
reduced7,7,61,A,0.039007413423041114
reduced7,7,61,M,0.08592023931666971
reduced7,7,839,A,0.0402860609543518
reduced7,7,839,M,0.04491777048424759
reduced7,7,425,A,0.03692713604373498
reduced7,7,425,M,0.1127360210705425
reduced7,7,82,A,0.02916277829966749
reduced7,7,82,M,0.06733435961571371
reduced7,7,620,A,0.020093568362951758
reduced7,7,620,M,1.6977577896367706
reduced7,7,787,A,0.026125625546317588
reduced7,7,787,M,0.07334737583276017
reduced7,7,2,A,0.018107910140366928
reduced7,7,2,M,0.04518770865873896
reduced7,7,753,A,0.031620237221142024
reduced7,7,753,M,0.04474339021100723
reduced7,7,7,A,0.05590646356975823
reduced7,7,7,M,0.17210511298141287
reduced7,7,903,A,0.025834532092434925
reduced7,7,903,M,0.0921439120761336
reduced7,7,626,A,0.029287745061494314
reduced7,7,626,M,0.05687084753980479
reduced7,7,51,A,0.0
reduced7,7,51,M,0.9202669401294413
reduced7,7,557,A,0.04265085431146788
reduced7,7,557,M,0.1361161253724446
reduced7,7,310,A,0.032813515914009196
reduced7,7,310,M,0.06486375633493927
reduced7,7,100,A,0.031102476486523017
reduced7,7,100,M,0.08620696710469754
reduced7,7,848,A,0.02323234592963486
reduced7,7,848,M,0.2832565786668796
reduced7,7,921,A,0.0
reduced7,7,921,M,0.4188592635569864
reduced7,7,45,A,0.04201366260047799
reduced7,7,45,M,0.12401075038681858
reduced7,7,976,A,0.03453957628727124
reduced7,7,976,M,0.058081994049050206
reduced7,7,136,A,0.03308260785548645
reduced7,7,136,M,0.04670367678298801
reduced7,7,128,A,0.0
reduced7,7,128,M,1.1917688792418144
reduced7,7,605,A,0.030468575203530752
reduced7,7,605,M,0.169276613671091
reduced7,7,945,A,0.0
reduced7,7,945,M,1.5555991532323725
reduced7,7,773,A,0.026940298386226545
reduced7,7,773,M,0.1771269306540153
reduced7,7,941,A,0.05206588491629357
reduced7,7,941,M,0.18845482653582477
reduced7,7,613,A,0.022332595758974762
reduced7,7,613,M,0.3171825615554661
reduced7,7,98,A,0.030987635394395356
reduced7,7,98,M,0.0677008279037868
reduced7,7,758,A,0.028163342589363434
reduced7,7,758,M,0.09366249938864202
reduced7,7,595,A,0.03137585686050952
reduced7,7,595,M,0.10904912924643835
reduced7,7,470,A,0.054371334531647435
reduced7,7,470,M,0.07539008503408515
reduced7,7,25,A,0.0
reduced7,7,25,M,2.511518482783238
reduced7,7,514,A,0.03898733803265727
reduced7,7,514,M,1.0904825853306785
reduced7,7,239,A,0.03733750235296344
reduced7,7,239,M,0.08005794833906564
reduced7,7,980,A,0.023096043127525778
reduced7,7,980,M,0.10217906854707483
reduced7,7,623,A,0.0204398926119442
reduced7,7,623,M,0.10375670101168308
reduced7,7,252,A,0.0557279036535069
reduced7,7,252,M,0.23985126883100416
reduced7,7,662,A,0.018536707972067745
reduced7,7,662,M,0.3691120311967753
reduced7,7,171,A,0.03365084423037323
reduced7,7,171,M,0.045416055606413486
reduced7,7,408,A,0.04859306670308044
reduced7,7,408,M,0.10103153745783205
reduced7,7,993,A,0.047618645152588804
reduced7,7,993,M,0.047453128303115086
reduced7,7,592,A,0.04734033268606335
reduced7,7,592,M,0.18258480471304753
reduced7,7,701,A,0.0
reduced7,7,701,M,0.9893403714523713
reduced7,7,427,A,0.047253092248785655
reduced7,7,427,M,0.14287012174938812
reduced7,7,457,A,0.06142466821987394
reduced7,7,457,M,0.09518713429988251
reduced7,7,454,A,0.055165556507923916
reduced7,7,454,M,0.07633672751031974
reduced7,7,151,A,0.04589506672699957
reduced7,7,151,M,0.16707073865939706
reduced7,7,756,A,0.025914294909381116
reduced7,7,756,M,0.11307686567328816
reduced7,7,250,A,0.03190768641669886
reduced7,7,250,M,0.19022920007400013
reduced7,7,904,A,0.03877957441351433
reduced7,7,904,M,0.5690497343191874
reduced7,7,324,A,0.024764053235494386
reduced7,7,324,M,0.04891189781982546
reduced7,7,439,A,0.05017618325351648
reduced7,7,439,M,0.13294738537533338
reduced7,7,650,A,0.047023926192310904
reduced7,7,650,M,0.064624854373997
reduced7,7,238,A,0.020389298498274634
reduced7,7,238,M,0.08540599341224209
reduced7,7,498,A,0.042927142154999265
reduced7,7,498,M,0.07725525232011325
reduced7,7,806,A,0.028825659375898368
reduced7,7,806,M,0.3923329079337281
reduced7,7,629,A,0.05639705489505845
reduced7,7,629,M,0.18167186914581965
reduced7,7,468,A,0.03345672953981142
reduced7,7,468,M,0.1926936766718408
reduced7,7,343,A,0.030858330466269054
reduced7,7,343,M,1.5156988088565309
reduced7,7,664,A,0.03461356927658966
reduced7,7,664,M,0.032448661684814355
reduced7,7,671,A,0.0
reduced7,7,671,M,0.21573447759924855
reduced7,7,652,A,0.02933419155440127
reduced7,7,652,M,0.1453918049337434
reduced7,7,346,A,0.024514910851671734
reduced7,7,346,M,0.33086217994319245
reduced7,7,381,A,0.057146238619952265
reduced7,7,381,M,0.053851712714378046
reduced7,7,493,A,0.04063659976147715
reduced7,7,493,M,0.1006593505948925
reduced7,7,708,A,0.044490943399330615
reduced7,7,708,M,0.11037041718673439
reduced7,7,513,A,0.05517750833597729
reduced7,7,513,M,0.15081721773888132
reduced7,7,563,A,0.03937300422489275
reduced7,7,563,M,1.4650084268161108
reduced7,7,857,A,0.037267415017500354
reduced7,7,857,M,0.1474580395996466
reduced7,7,781,A,0.02843853731951932
reduced7,7,781,M,0.08213104106998545
reduced7,7,135,A,0.03564341139718843
reduced7,7,135,M,0.15671344636768636
reduced7,7,232,A,0.06754976513211937
reduced7,7,232,M,0.10839376206114115
reduced7,7,931,A,0.05188170377650816
reduced7,7,931,M,0.06566431468458313
reduced7,7,426,A,0.02997181416842867
reduced7,7,426,M,0.14658938911442615
reduced7,7,660,A,0.06395850968950122
reduced7,7,660,M,0.10582599388880777
reduced7,7,995,A,0.04264940013706547
reduced7,7,995,M,0.05636281155910863
reduced7,7,36,A,0.0479059980018152
reduced7,7,36,M,0.10322673537003219
reduced7,7,545,A,0.030997387798598758
reduced7,7,545,M,0.18593156563005384
reduced7,7,116,A,0.039977603785791474
reduced7,7,116,M,0.16524209790378291
reduced7,7,434,A,0.04937133819263384
reduced7,7,434,M,0.1520806258570421
reduced7,7,390,A,0.06290725264165933
reduced7,7,390,M,0.12052671881900522
reduced7,7,751,A,0.03868102619328062
reduced7,7,751,M,0.05761196092733803
reduced8_ADGHJKLM,8,978,A,0.05266303750657758
reduced8_ADGHJKLM,8,978,M,0.09726390931141003
reduced8_ADGHJKLM,8,933,A,0.03673217411953244
reduced8_ADGHJKLM,8,933,M,0.1016283017805712
reduced8_ADGHJKLM,8,859,A,0.044121693571281484
reduced8_ADGHJKLM,8,859,M,0.045536866640801414
reduced8_ADGHJKLM,8,916,A,0.0
reduced8_ADGHJKLM,8,916,M,2.63689990802038
reduced8_ADGHJKLM,8,127,A,0.036273019807150135
reduced8_ADGHJKLM,8,127,M,0.09397266711684418
reduced8_ADGHJKLM,8,608,A,0.0
reduced8_ADGHJKLM,8,608,M,0.03692466660731111
reduced8_ADGHJKLM,8,856,A,0.0528688219562596
reduced8_ADGHJKLM,8,856,M,0.7570625545141482
reduced8_ADGHJKLM,8,260,A,0.06206687649322728
reduced8_ADGHJKLM,8,260,M,0.13085877703828608
reduced8_ADGHJKLM,8,147,A,0.0434631939173485
reduced8_ADGHJKLM,8,147,M,0.7145401990873809
reduced8_ADGHJKLM,8,810,A,0.03955637990988597
reduced8_ADGHJKLM,8,810,M,0.11728617004266846
reduced8_ADGHJKLM,8,635,A,0.05344283456448027
reduced8_ADGHJKLM,8,635,M,0.0626719208710696
reduced8_ADGHJKLM,8,972,A,0.0
reduced8_ADGHJKLM,8,972,M,0.09484322229610873
reduced8_ADGHJKLM,8,593,A,0.023258732428862956
reduced8_ADGHJKLM,8,593,M,0.045315949203842264
reduced8_ADGHJKLM,8,994,A,0.023316716320077986
reduced8_ADGHJKLM,8,994,M,0.13955553971626028
reduced8_ADGHJKLM,8,285,A,0.03736658840465323
reduced8_ADGHJKLM,8,285,M,0.1039411476651532
reduced8_ADGHJKLM,8,554,A,0.03689273940009556
reduced8_ADGHJKLM,8,554,M,0.12370294318893424
reduced8_ADGHJKLM,8,467,A,0.058068856314689235
reduced8_ADGHJKLM,8,467,M,0.04368254306470248
reduced8_ADGHJKLM,8,276,A,0.0353388996860291
reduced8_ADGHJKLM,8,276,M,0.14821349904918332
reduced8_ADGHJKLM,8,55,A,0.0
reduced8_ADGHJKLM,8,55,M,1.5830044291314909
reduced8_ADGHJKLM,8,61,A,0.03576083817871581
reduced8_ADGHJKLM,8,61,M,0.21929047438910979
reduced8_ADGHJKLM,8,839,A,0.04815520418430104
reduced8_ADGHJKLM,8,839,M,0.1084727938026107
reduced8_ADGHJKLM,8,425,A,0.025513091068322672
reduced8_ADGHJKLM,8,425,M,0.17195300951452902
reduced8_ADGHJKLM,8,82,A,0.028301026597703362
reduced8_ADGHJKLM,8,82,M,0.0878934266048552
reduced8_ADGHJKLM,8,620,A,0.031719685693844916
reduced8_ADGHJKLM,8,620,M,1.6572268952457838
reduced8_ADGHJKLM,8,787,A,0.03366379677594296
reduced8_ADGHJKLM,8,787,M,0.07671913322240592
reduced8_ADGHJKLM,8,2,A,0.020759709208516726
reduced8_ADGHJKLM,8,2,M,0.05688869269518535
reduced8_ADGHJKLM,8,753,A,0.029273655825413674
reduced8_ADGHJKLM,8,753,M,0.06033675525460834
reduced8_ADGHJKLM,8,7,A,0.07797360249785146
reduced8_ADGHJKLM,8,7,M,0.23351464876359865
reduced8_ADGHJKLM,8,903,A,0.03431666927981532
reduced8_ADGHJKLM,8,903,M,0.15646882143315635
reduced8_ADGHJKLM,8,626,A,0.040862299436490286
reduced8_ADGHJKLM,8,626,M,0.05926457323844778
reduced8_ADGHJKLM,8,51,A,0.0
reduced8_ADGHJKLM,8,51,M,1.1454491992319324
reduced8_ADGHJKLM,8,557,A,0.044023735475952015
reduced8_ADGHJKLM,8,557,M,0.1597146804886419
reduced8_ADGHJKLM,8,310,A,0.051149285847936245
reduced8_ADGHJKLM,8,310,M,0.041755218206257855
reduced8_ADGHJKLM,8,100,A,0.03367372947755457
reduced8_ADGHJKLM,8,100,M,0.03503957685077411
reduced8_ADGHJKLM,8,848,A,0.035410636097044416
reduced8_ADGHJKLM,8,848,M,0.3463925565156456
reduced8_ADGHJKLM,8,921,A,0.0
reduced8_ADGHJKLM,8,921,M,0.5430235465509848
reduced8_ADGHJKLM,8,45,A,0.05272031578157053
reduced8_ADGHJKLM,8,45,M,0.154451852368959
reduced8_ADGHJKLM,8,976,A,0.041306245583705506
reduced8_ADGHJKLM,8,976,M,0.11886238937614411
reduced8_ADGHJKLM,8,136,A,0.024531361597543093
reduced8_ADGHJKLM,8,136,M,0.06814687659735039
reduced8_ADGHJKLM,8,128,A,0.0
reduced8_ADGHJKLM,8,128,M,1.525982168016947
reduced8_ADGHJKLM,8,605,A,0.03483060347296902
reduced8_ADGHJKLM,8,605,M,0.24221951541697517
reduced8_ADGHJKLM,8,945,A,0.0
reduced8_ADGHJKLM,8,945,M,1.6887357759322585
reduced8_ADGHJKLM,8,773,A,0.02679400754147747
reduced8_ADGHJKLM,8,773,M,0.059850065253095226
reduced8_ADGHJKLM,8,941,A,0.07121716658647928
reduced8_ADGHJKLM,8,941,M,0.2188177904209339
reduced8_ADGHJKLM,8,613,A,0.029380568437187383
reduced8_ADGHJKLM,8,613,M,0.36372678796135804
reduced8_ADGHJKLM,8,98,A,0.02756949289510649
reduced8_ADGHJKLM,8,98,M,0.08735475474706576
reduced8_ADGHJKLM,8,758,A,0.02199073405571385
reduced8_ADGHJKLM,8,758,M,0.06504861223921216
reduced8_ADGHJKLM,8,595,A,0.02650882956602952
reduced8_ADGHJKLM,8,595,M,0.16008308100751276
reduced8_ADGHJKLM,8,470,A,0.08556407335189958
reduced8_ADGHJKLM,8,470,M,0.16701824585990224
reduced8_ADGHJKLM,8,25,A,0.0
reduced8_ADGHJKLM,8,25,M,2.74504404629529
reduced8_ADGHJKLM,8,514,A,0.03368270130041565
reduced8_ADGHJKLM,8,514,M,1.3292539341466387
reduced8_ADGHJKLM,8,239,A,0.044814420279606755
reduced8_ADGHJKLM,8,239,M,0.061644059968802255
reduced8_ADGHJKLM,8,980,A,0.03613304949086245
reduced8_ADGHJKLM,8,980,M,0.0664518224025147
reduced8_ADGHJKLM,8,623,A,0.018750680269708938
reduced8_ADGHJKLM,8,623,M,0.13467868146805617
reduced8_ADGHJKLM,8,252,A,0.08158605098371953
reduced8_ADGHJKLM,8,252,M,0.4328593962592699
reduced8_ADGHJKLM,8,662,A,0.02712343372331511
reduced8_ADGHJKLM,8,662,M,0.4614096938081589
reduced8_ADGHJKLM,8,171,A,0.027241150450537818
reduced8_ADGHJKLM,8,171,M,0.08905199506295955
reduced8_ADGHJKLM,8,408,A,0.04284880105696845
reduced8_ADGHJKLM,8,408,M,0.25357433418858466
reduced8_ADGHJKLM,8,993,A,0.05179114159865878
reduced8_ADGHJKLM,8,993,M,0.09646279103670687
reduced8_ADGHJKLM,8,592,A,0.052884488462056074
reduced8_ADGHJKLM,8,592,M,0.21819773004665935
reduced8_ADGHJKLM,8,701,A,0.0
reduced8_ADGHJKLM,8,701,M,0.9550368819966711
reduced8_ADGHJKLM,8,427,A,0.06236162009163663
reduced8_ADGHJKLM,8,427,M,0.22047022794589213
reduced8_ADGHJKLM,8,457,A,0.06633652927449142
reduced8_ADGHJKLM,8,457,M,0.14063715353239745
reduced8_ADGHJKLM,8,454,A,0.06956930504022103
reduced8_ADGHJKLM,8,454,M,0.19546613701260598
reduced8_ADGHJKLM,8,151,A,0.05549602179905996
reduced8_ADGHJKLM,8,151,M,0.19259092052228746
reduced8_ADGHJKLM,8,756,A,0.03291612607641946
reduced8_ADGHJKLM,8,756,M,0.13175075502504344
reduced8_ADGHJKLM,8,250,A,0.03802039232771729
reduced8_ADGHJKLM,8,250,M,0.14896772000550998
reduced8_ADGHJKLM,8,904,A,0.039201656595951304
reduced8_ADGHJKLM,8,904,M,0.5873678055520999
reduced8_ADGHJKLM,8,324,A,0.01937531643158466
reduced8_ADGHJKLM,8,324,M,0.07721798787988061
reduced8_ADGHJKLM,8,439,A,0.05603156490917946
reduced8_ADGHJKLM,8,439,M,0.17225519625914915
reduced8_ADGHJKLM,8,650,A,0.054839997171319155
reduced8_ADGHJKLM,8,650,M,0.15930166853049751
reduced8_ADGHJKLM,8,238,A,0.0
reduced8_ADGHJKLM,8,238,M,0.1476010060032426
reduced8_ADGHJKLM,8,498,A,0.048139266738577095
reduced8_ADGHJKLM,8,498,M,0.046641068338867823
reduced8_ADGHJKLM,8,806,A,0.03086473335071653
reduced8_ADGHJKLM,8,806,M,0.5024213252608233
reduced8_ADGHJKLM,8,629,A,0.07965119893651969
reduced8_ADGHJKLM,8,629,M,0.21710875108995623
reduced8_ADGHJKLM,8,468,A,0.05320858365394079
reduced8_ADGHJKLM,8,468,M,0.17232820429869922
reduced8_ADGHJKLM,8,343,A,0.023599089509478796
reduced8_ADGHJKLM,8,343,M,1.639343347011307
reduced8_ADGHJKLM,8,664,A,0.041435383671663224
reduced8_ADGHJKLM,8,664,M,0.1297228519103996
reduced8_ADGHJKLM,8,671,A,0.0
reduced8_ADGHJKLM,8,671,M,0.141185246785243
reduced8_ADGHJKLM,8,652,A,0.044269531275607586
reduced8_ADGHJKLM,8,652,M,0.11637289275053585
reduced8_ADGHJKLM,8,346,A,0.023052718667230694
reduced8_ADGHJKLM,8,346,M,0.34731687404540873
reduced8_ADGHJKLM,8,381,A,0.03522972210669324
reduced8_ADGHJKLM,8,381,M,0.14043170926970888
reduced8_ADGHJKLM,8,493,A,0.044706833303341555
reduced8_ADGHJKLM,8,493,M,0.09265241636062509
reduced8_ADGHJKLM,8,708,A,0.06173652587138139
reduced8_ADGHJKLM,8,708,M,0.15374097425083572
reduced8_ADGHJKLM,8,513,A,0.0793189158977113
reduced8_ADGHJKLM,8,513,M,0.0776158346653398
reduced8_ADGHJKLM,8,563,A,0.07139739313663074
reduced8_ADGHJKLM,8,563,M,1.3612385568445988
reduced8_ADGHJKLM,8,857,A,0.029356167784645996
reduced8_ADGHJKLM,8,857,M,0.19477532567694802
reduced8_ADGHJKLM,8,781,A,0.02617518343811472
reduced8_ADGHJKLM,8,781,M,0.1625710495527448
reduced8_ADGHJKLM,8,135,A,0.03314578065996923
reduced8_ADGHJKLM,8,135,M,0.18107797426910718
reduced8_ADGHJKLM,8,232,A,0.0992818902082792
reduced8_ADGHJKLM,8,232,M,0.2013593978719976
reduced8_ADGHJKLM,8,931,A,0.052523173775985754
reduced8_ADGHJKLM,8,931,M,0.051818844647336985
reduced8_ADGHJKLM,8,426,A,0.05684615505871492
reduced8_ADGHJKLM,8,426,M,0.15361513024617088
reduced8_ADGHJKLM,8,660,A,0.08887991890119872
reduced8_ADGHJKLM,8,660,M,0.09259378229029666
reduced8_ADGHJKLM,8,995,A,0.04753628014428192
reduced8_ADGHJKLM,8,995,M,0.07554246820675573
reduced8_ADGHJKLM,8,36,A,0.0571987913950302
reduced8_ADGHJKLM,8,36,M,0.13976747895427669
reduced8_ADGHJKLM,8,545,A,0.028770014762207655
reduced8_ADGHJKLM,8,545,M,0.164965184649285
reduced8_ADGHJKLM,8,116,A,0.05182485769799085
reduced8_ADGHJKLM,8,116,M,0.13834789087560775
reduced8_ADGHJKLM,8,434,A,0.048996835051574164
reduced8_ADGHJKLM,8,434,M,0.23676154951126333
reduced8_ADGHJKLM,8,390,A,0.08277739489707035
reduced8_ADGHJKLM,8,390,M,0.15030060945079698
reduced8_ADGHJKLM,8,751,A,0.025721219050091497
reduced8_ADGHJKLM,8,751,M,0.07433495875162763
reduced9,9,978,A,0.06622934246996869
reduced9,9,978,M,0.034537825773528506
reduced9,9,933,A,0.04310653213884686
reduced9,9,933,M,0.09148784035744846
reduced9,9,859,A,0.03760160188400234
reduced9,9,859,M,0.15797729135555447
reduced9,9,916,A,0.0
reduced9,9,916,M,4.131702737876664
reduced9,9,127,A,0.04098984920906412
reduced9,9,127,M,0.054058969858310574
reduced9,9,608,A,0.0
reduced9,9,608,M,0.09167985069348007
reduced9,9,856,A,0.0
reduced9,9,856,M,0.6235322685887427
reduced9,9,260,A,0.06520366405387905
reduced9,9,260,M,0.05955021032459809
reduced9,9,147,A,0.03152926816390504
reduced9,9,147,M,0.5244936058320057
reduced9,9,810,A,0.0430297946009916
reduced9,9,810,M,0.09052023496841627
reduced9,9,635,A,0.0501785531447832
reduced9,9,635,M,0.15061717196081298
reduced9,9,972,A,0.0
reduced9,9,972,M,0.110466344878191
reduced9,9,593,A,0.03990852320003964
reduced9,9,593,M,0.06515735705447909
reduced9,9,994,A,0.026482493263652453
reduced9,9,994,M,0.09919831688132806
reduced9,9,285,A,0.031060317529840335
reduced9,9,285,M,0.033575668300873024
reduced9,9,554,A,0.033032874808350814
reduced9,9,554,M,0.15421027386507924
reduced9,9,467,A,0.13062654339228846
reduced9,9,467,M,0.15851553438482052
reduced9,9,276,A,0.09649106484276836
reduced9,9,276,M,0.17118940828550902
reduced9,9,55,A,0.0
reduced9,9,55,M,1.3609261545816658
reduced9,9,61,A,0.046988961707919004
reduced9,9,61,M,0.04079438317736362
reduced9,9,839,A,0.05998965106568251
reduced9,9,839,M,0.039256723599169485
reduced9,9,425,A,0.03503062027673109
reduced9,9,425,M,0.11682406707251819
reduced9,9,82,A,0.04519937611107055
reduced9,9,82,M,0.04518805934721475
reduced9,9,620,A,0.02677597552075757
reduced9,9,620,M,1.4637767791951846
reduced9,9,787,A,0.03197189149518474
reduced9,9,787,M,0.04110440574136438
reduced9,9,2,A,0.02656686237352834
reduced9,9,2,M,0.06693041518122676
reduced9,9,753,A,0.04663079991952338
reduced9,9,753,M,0.08357041974626929
reduced9,9,7,A,0.1485109978351232
reduced9,9,7,M,0.14862051747006821
reduced9,9,903,A,0.03775012732247013
reduced9,9,903,M,0.11286473484207368
reduced9,9,626,A,0.03182714092115667
reduced9,9,626,M,0.2962615547642758
reduced9,9,51,A,0.0
reduced9,9,51,M,1.0509330347566304
reduced9,9,557,A,0.042698061703201125
reduced9,9,557,M,0.05897511786525515
reduced9,9,310,A,0.0
reduced9,9,310,M,0.08627358205146361
reduced9,9,100,A,0.05991691663442622
reduced9,9,100,M,0.09270879370642279
reduced9,9,848,A,0.034955068622153154
reduced9,9,848,M,0.2794046095991709
reduced9,9,921,A,0.0
reduced9,9,921,M,0.46484174014003654
reduced9,9,45,A,0.04638470691232407
reduced9,9,45,M,0.07659566785160134
reduced9,9,976,A,0.06775898637323034
reduced9,9,976,M,0.1391826457657912
reduced9,9,136,A,0.05075267738177169
reduced9,9,136,M,0.21637608953074663
reduced9,9,128,A,0.0
reduced9,9,128,M,1.5723352407412243
reduced9,9,605,A,0.06150779744494926
reduced9,9,605,M,0.18795642206633717
reduced9,9,945,A,0.0
reduced9,9,945,M,1.4563971991532323
reduced9,9,773,A,0.05090296955360284
reduced9,9,773,M,0.2013176210583074
reduced9,9,941,A,0.08038213210881871
reduced9,9,941,M,0.10051350893168955
reduced9,9,613,A,0.0
reduced9,9,613,M,0.5468129841178558
reduced9,9,98,A,0.03450633416121162
reduced9,9,98,M,0.13830412669136186
reduced9,9,758,A,0.0
reduced9,9,758,M,0.12104571472988458
reduced9,9,595,A,0.04273402816382298
reduced9,9,595,M,0.09116554641955973
reduced9,9,470,A,0.10985238357530083
reduced9,9,470,M,0.06247989712465024
reduced9,9,25,A,0.0
reduced9,9,25,M,2.4515212065981657
reduced9,9,514,A,0.04212081017191511
reduced9,9,514,M,1.3810265220561926
reduced9,9,239,A,0.04916997347251589
reduced9,9,239,M,0.10743897267040473
reduced9,9,980,A,0.0263898452494899
reduced9,9,980,M,0.12565207198662642
reduced9,9,623,A,0.0309481462811884
reduced9,9,623,M,0.1277340767012428
reduced9,9,252,A,0.16699049094313834
reduced9,9,252,M,0.4855478043233332
reduced9,9,662,A,0.02084507354965886
reduced9,9,662,M,0.4412548131612475
reduced9,9,171,A,0.050931810225536854
reduced9,9,171,M,0.04901410010083842
reduced9,9,408,A,0.07048795689943621
reduced9,9,408,M,0.09814565490441048
reduced9,9,993,A,0.05054235197186505
reduced9,9,993,M,0.054511311687174414
reduced9,9,592,A,0.06070284304344311
reduced9,9,592,M,0.19129807681962596
reduced9,9,701,A,0.0
reduced9,9,701,M,1.4077300997171325
reduced9,9,427,A,0.09054727117549755
reduced9,9,427,M,0.09022863055815226
reduced9,9,457,A,0.09571943314699478
reduced9,9,457,M,0.059874505203465975
reduced9,9,454,A,0.04466328108995485
reduced9,9,454,M,0.15369262125843955
reduced9,9,151,A,0.04990749316236116
reduced9,9,151,M,0.1321581967949756
reduced9,9,756,A,0.03673967049051843
reduced9,9,756,M,0.07782183623949256
reduced9,9,250,A,0.05423063720506744
reduced9,9,250,M,0.10295575249828985
reduced9,9,904,A,0.04499124263323764
reduced9,9,904,M,0.8010326423364302
reduced9,9,324,A,0.02571673510206379
reduced9,9,324,M,0.0956923345096537
reduced9,9,439,A,0.09045028822980639
reduced9,9,439,M,0.06277926702251883
reduced9,9,650,A,0.05665590987227016
reduced9,9,650,M,0.14699698784309123
reduced9,9,238,A,0.0
reduced9,9,238,M,0.06448224444198593
reduced9,9,498,A,0.0658277443748166
reduced9,9,498,M,0.05754641322902956
reduced9,9,806,A,0.03807021856870407
reduced9,9,806,M,0.6411043565217365
reduced9,9,629,A,0.05595675652450238
reduced9,9,629,M,0.06599884621325401
reduced9,9,468,A,0.05318609815293327
reduced9,9,468,M,0.19030220080157498
reduced9,9,343,A,0.039936953557979875
reduced9,9,343,M,1.9713551978785417
reduced9,9,664,A,0.04188100335724298
reduced9,9,664,M,0.055591017287747735
reduced9,9,671,A,0.0
reduced9,9,671,M,0.1881381226769602
reduced9,9,652,A,0.043263938748173976
reduced9,9,652,M,0.20960335563394306
reduced9,9,346,A,0.034355074088143533
reduced9,9,346,M,0.4711154395983699
reduced9,9,381,A,0.12808610164305137
reduced9,9,381,M,0.03978708207081359
reduced9,9,493,A,0.06223675598335986
reduced9,9,493,M,0.03968040194635418
reduced9,9,708,A,0.1369003077230073
reduced9,9,708,M,0.09915803077251861
reduced9,9,513,A,0.16007997455968367
reduced9,9,513,M,0.2027512931614753
reduced9,9,563,A,0.12863668488960753
reduced9,9,563,M,1.256260991938373
reduced9,9,857,A,0.034761291166071975
reduced9,9,857,M,0.18781126493651334
reduced9,9,781,A,0.051313691630519444
reduced9,9,781,M,0.07543231698344023
reduced9,9,135,A,0.041069852663400894
reduced9,9,135,M,0.17611126448642583
reduced9,9,232,A,0.1386326996661261
reduced9,9,232,M,0.08915917343790898
reduced9,9,931,A,0.07765611750191496
reduced9,9,931,M,0.09027273341465307
reduced9,9,426,A,0.08119182184660616
reduced9,9,426,M,0.1320437834459098
reduced9,9,660,A,0.18256832310393925
reduced9,9,660,M,0.2609472887018184
reduced9,9,995,A,0.13264544820652452
reduced9,9,995,M,0.14064078116782736
reduced9,9,36,A,0.0584201515603257
reduced9,9,36,M,0.1288207700957536
reduced9,9,545,A,0.05133810105045037
reduced9,9,545,M,0.1854199889576658
reduced9,9,116,A,0.1022178900581094
reduced9,9,116,M,0.14406633680886083
reduced9,9,434,A,0.06094797679306279
reduced9,9,434,M,0.22955842852634945
reduced9,9,390,A,0.1413463140770443
reduced9,9,390,M,0.1171049216651548
reduced9,9,751,A,0.04557428212177328
reduced9,9,751,M,0.20745792313183883
reduced10_with_M,10,978,A,0.07315349186245924
reduced10_with_M,10,978,M,0.08893152858952634
reduced10_with_M,10,933,A,0.03627358139348374
reduced10_with_M,10,933,M,0.052513777879034745
reduced10_with_M,10,859,A,0.028684538030627326
reduced10_with_M,10,859,M,0.09115451254480396
reduced10_with_M,10,916,A,0.0
reduced10_with_M,10,916,M,3.845278415234741
reduced10_with_M,10,127,A,0.0354547309147102
reduced10_with_M,10,127,M,0.05383486184496879
reduced10_with_M,10,608,A,0.0
reduced10_with_M,10,608,M,0.09273291775184454
reduced10_with_M,10,856,A,0.0
reduced10_with_M,10,856,M,0.8539881050377292
reduced10_with_M,10,260,A,0.07003088183217177
reduced10_with_M,10,260,M,0.06687572074141439
reduced10_with_M,10,147,A,0.0404179920002916
reduced10_with_M,10,147,M,1.13218964242819
reduced10_with_M,10,810,A,0.036046156365230335
reduced10_with_M,10,810,M,0.06253166345374013
reduced10_with_M,10,635,A,0.046579479406748656
reduced10_with_M,10,635,M,0.1543692671348368
reduced10_with_M,10,972,A,0.0
reduced10_with_M,10,972,M,0.20328850159501247
reduced10_with_M,10,593,A,0.03525183811819323
reduced10_with_M,10,593,M,0.19599351571470341
reduced10_with_M,10,994,A,0.022782449128034045
reduced10_with_M,10,994,M,0.11248410934791846
reduced10_with_M,10,285,A,0.042463891204203894
reduced10_with_M,10,285,M,0.04003752745960308
reduced10_with_M,10,554,A,0.030208837436784448
reduced10_with_M,10,554,M,0.07876457844575277
reduced10_with_M,10,467,A,0.13366028583365644
reduced10_with_M,10,467,M,0.1729227832471415
reduced10_with_M,10,276,A,0.10073254695290534
reduced10_with_M,10,276,M,0.2512348673229172
reduced10_with_M,10,55,A,0.0
reduced10_with_M,10,55,M,1.7747236614316926
reduced10_with_M,10,61,A,0.04022888208999953
reduced10_with_M,10,61,M,0.11269728625640604
reduced10_with_M,10,839,A,0.05757898456864724
reduced10_with_M,10,839,M,0.046937389654749126
reduced10_with_M,10,425,A,0.027065120681066663
reduced10_with_M,10,425,M,0.051907309691985135
reduced10_with_M,10,82,A,0.044434521046660194
reduced10_with_M,10,82,M,0.10198017708649436
reduced10_with_M,10,620,A,0.03034810817276092
reduced10_with_M,10,620,M,2.0873019571295433
reduced10_with_M,10,787,A,0.022307498430289622
reduced10_with_M,10,787,M,0.14973721041890667
reduced10_with_M,10,2,A,0.02348278429864261
reduced10_with_M,10,2,M,0.20002438675680026
reduced10_with_M,10,753,A,0.05066088224828748
reduced10_with_M,10,753,M,0.13554567718247224
reduced10_with_M,10,7,A,0.15445802310531426
reduced10_with_M,10,7,M,0.13382118238281043
reduced10_with_M,10,903,A,0.028001857939554217
reduced10_with_M,10,903,M,0.06214100500046433
reduced10_with_M,10,626,A,0.02716555140941945
reduced10_with_M,10,626,M,0.26261695398898205
reduced10_with_M,10,51,A,0.0
reduced10_with_M,10,51,M,1.570377598375966
reduced10_with_M,10,557,A,0.035767453331024046
reduced10_with_M,10,557,M,0.07884044295254498
reduced10_with_M,10,310,A,0.0
reduced10_with_M,10,310,M,0.12208381898656549
reduced10_with_M,10,100,A,0.05510905800741876
reduced10_with_M,10,100,M,0.1501886598031374
reduced10_with_M,10,848,A,0.0
reduced10_with_M,10,848,M,0.5438785373182893
reduced10_with_M,10,921,A,0.0
reduced10_with_M,10,921,M,0.6112301696774708
reduced10_with_M,10,45,A,0.03884576120024628
reduced10_with_M,10,45,M,0.09295255151036565
reduced10_with_M,10,976,A,0.055061559429317564
reduced10_with_M,10,976,M,0.09857323940900477
reduced10_with_M,10,136,A,0.04437160614235009
reduced10_with_M,10,136,M,0.18019842387172835
reduced10_with_M,10,128,A,0.0
reduced10_with_M,10,128,M,2.03112584480674
reduced10_with_M,10,605,A,0.05624348812669609
reduced10_with_M,10,605,M,0.11673288381143439
reduced10_with_M,10,945,A,0.0
reduced10_with_M,10,945,M,1.923155968083374
reduced10_with_M,10,773,A,0.04586188791493481
reduced10_with_M,10,773,M,0.28787885786285744
reduced10_with_M,10,941,A,0.0677792496112698
reduced10_with_M,10,941,M,0.06718349836765768
reduced10_with_M,10,613,A,0.0
reduced10_with_M,10,613,M,0.5887482353613314
reduced10_with_M,10,98,A,0.02960776811758999
reduced10_with_M,10,98,M,0.21064368671663514
reduced10_with_M,10,758,A,0.0
reduced10_with_M,10,758,M,0.24197501671045155
reduced10_with_M,10,595,A,0.03585263292154994
reduced10_with_M,10,595,M,0.08065439132845616
reduced10_with_M,10,470,A,0.10143904177332476
reduced10_with_M,10,470,M,0.08269578244892622
reduced10_with_M,10,25,A,0.0
reduced10_with_M,10,25,M,3.466516702181974
reduced10_with_M,10,514,A,0.036953968397939005
reduced10_with_M,10,514,M,1.637882464786063
reduced10_with_M,10,239,A,0.048913008700735915
reduced10_with_M,10,239,M,0.1987370157873283
reduced10_with_M,10,980,A,0.027592579240181575
reduced10_with_M,10,980,M,0.11938112148265777
reduced10_with_M,10,623,A,0.020309036480153534
reduced10_with_M,10,623,M,0.030593901733396888
reduced10_with_M,10,252,A,0.17238922357279562
reduced10_with_M,10,252,M,0.6341238327460615
reduced10_with_M,10,662,A,0.020776996580189635
reduced10_with_M,10,662,M,0.5577579349700771
reduced10_with_M,10,171,A,0.044177319027087804
reduced10_with_M,10,171,M,0.02853300988690548
reduced10_with_M,10,408,A,0.05608988783570344
reduced10_with_M,10,408,M,0.13303636600774776
reduced10_with_M,10,993,A,0.043405926731624106
reduced10_with_M,10,993,M,0.06936039158063836
reduced10_with_M,10,592,A,0.06798028930444422
reduced10_with_M,10,592,M,0.04111918388799435
reduced10_with_M,10,701,A,0.0
reduced10_with_M,10,701,M,1.4073365269053895
reduced10_with_M,10,427,A,0.0832394461655988
reduced10_with_M,10,427,M,0.14630363325288734
reduced10_with_M,10,457,A,0.06667014367813483
reduced10_with_M,10,457,M,0.04484859900627189
reduced10_with_M,10,454,A,0.05377242053176259
reduced10_with_M,10,454,M,0.1352272890536561
reduced10_with_M,10,151,A,0.044989801867173204
reduced10_with_M,10,151,M,0.06403766383290141
reduced10_with_M,10,756,A,0.02534752453700798
reduced10_with_M,10,756,M,0.0600632728265268
reduced10_with_M,10,250,A,0.047006039455727115
reduced10_with_M,10,250,M,0.21766711347816156
reduced10_with_M,10,904,A,0.054449168132045415
reduced10_with_M,10,904,M,0.7940198649496437
reduced10_with_M,10,324,A,0.017817363818403716
reduced10_with_M,10,324,M,0.06923326512689287
reduced10_with_M,10,439,A,0.08141218507084831
reduced10_with_M,10,439,M,0.036742021000284494
reduced10_with_M,10,650,A,0.04834421071556368
reduced10_with_M,10,650,M,0.12188298175326276
reduced10_with_M,10,238,A,0.0
reduced10_with_M,10,238,M,0.057147011853969226
reduced10_with_M,10,498,A,0.056451572803591414
reduced10_with_M,10,498,M,0.043850731532901754
reduced10_with_M,10,806,A,0.02953860167092538
reduced10_with_M,10,806,M,0.7516408947018348
reduced10_with_M,10,629,A,0.0792780533594018
reduced10_with_M,10,629,M,0.10411119134579866
reduced10_with_M,10,468,A,0.05525307577393702
reduced10_with_M,10,468,M,0.3514390421577171
reduced10_with_M,10,343,A,0.03265469402730222
reduced10_with_M,10,343,M,2.1107338464581784
reduced10_with_M,10,664,A,0.034033504198541044
reduced10_with_M,10,664,M,0.041817013480626726
reduced10_with_M,10,671,A,0.0
reduced10_with_M,10,671,M,0.2416035751339431
reduced10_with_M,10,652,A,0.04334326878056969
reduced10_with_M,10,652,M,0.3197872103240108
reduced10_with_M,10,346,A,0.037450943424014345
reduced10_with_M,10,346,M,0.6981257703047621
reduced10_with_M,10,381,A,0.11900949034998562
reduced10_with_M,10,381,M,0.0741286530256587
reduced10_with_M,10,493,A,0.058648882865049934
reduced10_with_M,10,493,M,0.03994909634308417
reduced10_with_M,10,708,A,0.1494253125465307
reduced10_with_M,10,708,M,0.09660476671015687
reduced10_with_M,10,513,A,0.16773390905159866
reduced10_with_M,10,513,M,0.16805752691181972
reduced10_with_M,10,563,A,0.11585115719743565
reduced10_with_M,10,563,M,1.6942218998579923
reduced10_with_M,10,857,A,0.03273114011599477
reduced10_with_M,10,857,M,0.3912341994118199
reduced10_with_M,10,781,A,0.04800201562969583
reduced10_with_M,10,781,M,0.05869483042275358
reduced10_with_M,10,135,A,0.04048408363357751
reduced10_with_M,10,135,M,0.03777200156472703
reduced10_with_M,10,232,A,0.13603623248453367
reduced10_with_M,10,232,M,0.11144650886240251
reduced10_with_M,10,931,A,0.05631099210969478
reduced10_with_M,10,931,M,0.08203961228349577
reduced10_with_M,10,426,A,0.09745185425755044
reduced10_with_M,10,426,M,0.058014922973203355
reduced10_with_M,10,660,A,0.02050600340677406
reduced10_with_M,10,660,M,0.1500394993981044
reduced10_with_M,10,995,A,0.1400080415242977
reduced10_with_M,10,995,M,0.1368392908245309
reduced10_with_M,10,36,A,0.0405134947708928
reduced10_with_M,10,36,M,0.048014218309327256
reduced10_with_M,10,545,A,0.0
reduced10_with_M,10,545,M,0.2534415887285692
reduced10_with_M,10,116,A,0.10517120813332223
reduced10_with_M,10,116,M,0.11257687070355263
reduced10_with_M,10,434,A,0.05127104643984522
reduced10_with_M,10,434,M,0.16455540954883924
reduced10_with_M,10,390,A,0.12750218524812845
reduced10_with_M,10,390,M,0.07044180939943039
reduced10_with_M,10,751,A,0.03584592700293822
reduced10_with_M,10,751,M,0.2715744731484175
reduced11_with_M,11,978,A,0.07221119138324966
reduced11_with_M,11,978,M,0.06706064144908787
reduced11_with_M,11,933,A,0.03251169790007717
reduced11_with_M,11,933,M,0.12116695046444419
reduced11_with_M,11,859,A,0.026483111575677003
reduced11_with_M,11,859,M,0.053391995581696196
reduced11_with_M,11,916,A,0.0
reduced11_with_M,11,916,M,3.3949970805225473
reduced11_with_M,11,127,A,0.033648062617093376
reduced11_with_M,11,127,M,0.12290757444067923
reduced11_with_M,11,608,A,0.0
reduced11_with_M,11,608,M,0.05752671433913879
reduced11_with_M,11,856,A,0.0
reduced11_with_M,11,856,M,0.8918865757111314
reduced11_with_M,11,260,A,0.0706987579525886
reduced11_with_M,11,260,M,0.0768218831040732
reduced11_with_M,11,147,A,0.04270893301664694
reduced11_with_M,11,147,M,0.9710102382468859
reduced11_with_M,11,810,A,0.03246486601137376
reduced11_with_M,11,810,M,0.10967990546790139
reduced11_with_M,11,635,A,0.03789932023344741
reduced11_with_M,11,635,M,0.058622875975608654
reduced11_with_M,11,972,A,0.0
reduced11_with_M,11,972,M,0.0411346750883168
reduced11_with_M,11,593,A,0.03167799453197256
reduced11_with_M,11,593,M,0.11047183295483279
reduced11_with_M,11,994,A,0.02265995900088204
reduced11_with_M,11,994,M,0.1366177762906608
reduced11_with_M,11,285,A,0.04133691456809939
reduced11_with_M,11,285,M,0.07411066069514838
reduced11_with_M,11,554,A,0.023705101723827914
reduced11_with_M,11,554,M,0.1469030149069421
reduced11_with_M,11,467,A,0.09183834498237133
reduced11_with_M,11,467,M,0.048967253942481345
reduced11_with_M,11,276,A,0.06355982864841689
reduced11_with_M,11,276,M,0.1379642184942354
reduced11_with_M,11,55,A,0.0
reduced11_with_M,11,55,M,1.6992684529142275
reduced11_with_M,11,61,A,0.040814350289702955
reduced11_with_M,11,61,M,0.18386336845822346
reduced11_with_M,11,839,A,0.053278115026013755
reduced11_with_M,11,839,M,0.07558738622849169
reduced11_with_M,11,425,A,0.026312009812650968
reduced11_with_M,11,425,M,0.16097128117722573
reduced11_with_M,11,82,A,0.036414211435731786
reduced11_with_M,11,82,M,0.057726159635256985
reduced11_with_M,11,620,A,0.030575446351539
reduced11_with_M,11,620,M,2.342365443633838
reduced11_with_M,11,787,A,0.017943195294240905
reduced11_with_M,11,787,M,0.08669397497511189
reduced11_with_M,11,2,A,0.021468523219691588
reduced11_with_M,11,2,M,0.05488652899899527
reduced11_with_M,11,753,A,0.041698240738056835
reduced11_with_M,11,753,M,0.036780205610649874
reduced11_with_M,11,7,A,0.11505908263437907
reduced11_with_M,11,7,M,0.21569346781154514
reduced11_with_M,11,903,A,0.0277794747635169
reduced11_with_M,11,903,M,0.0886637142840753
reduced11_with_M,11,626,A,0.03097102066512928
reduced11_with_M,11,626,M,0.07657212756916036
reduced11_with_M,11,51,A,0.0
reduced11_with_M,11,51,M,1.4737851398793484
reduced11_with_M,11,557,A,0.034178422705332195
reduced11_with_M,11,557,M,0.1911054236981706
reduced11_with_M,11,310,A,0.0
reduced11_with_M,11,310,M,0.0705295100563981
reduced11_with_M,11,100,A,0.048646561574130026
reduced11_with_M,11,100,M,0.04940059345049312
reduced11_with_M,11,848,A,0.0
reduced11_with_M,11,848,M,0.4568902327695167
reduced11_with_M,11,921,A,0.0
reduced11_with_M,11,921,M,0.700290366854116
reduced11_with_M,11,45,A,0.027383920785112918
reduced11_with_M,11,45,M,0.17933318744490406
reduced11_with_M,11,976,A,0.05926839564429089
reduced11_with_M,11,976,M,0.16149444941113572
reduced11_with_M,11,136,A,0.03599942556159761
reduced11_with_M,11,136,M,0.06796763443273665
reduced11_with_M,11,128,A,0.0
reduced11_with_M,11,128,M,1.788769618377377
reduced11_with_M,11,605,A,0.04526687600705321
reduced11_with_M,11,605,M,0.2177522166673901
reduced11_with_M,11,945,A,0.0
reduced11_with_M,11,945,M,1.8754027928359527
reduced11_with_M,11,773,A,0.03798364529237815
reduced11_with_M,11,773,M,0.11796550082986097
reduced11_with_M,11,941,A,0.04596055381821829
reduced11_with_M,11,941,M,0.20830673714741943
reduced11_with_M,11,613,A,0.0
reduced11_with_M,11,613,M,0.39304590432649317
reduced11_with_M,11,98,A,0.02793392481593404
reduced11_with_M,11,98,M,0.09978088957584974
reduced11_with_M,11,758,A,0.0
reduced11_with_M,11,758,M,0.08738294314137857
reduced11_with_M,11,595,A,0.02994686895029061
reduced11_with_M,11,595,M,0.15446900663651106
reduced11_with_M,11,470,A,0.09440470950911364
reduced11_with_M,11,470,M,0.1530233119330795
reduced11_with_M,11,25,A,0.0
reduced11_with_M,11,25,M,3.660880847363106
reduced11_with_M,11,514,A,0.03480175185488523
reduced11_with_M,11,514,M,1.40706462294922
reduced11_with_M,11,239,A,0.048861564080780594
reduced11_with_M,11,239,M,0.07531520327422041
reduced11_with_M,11,980,A,0.030488571237054663
reduced11_with_M,11,980,M,0.05600484299716125
reduced11_with_M,11,623,A,0.01859798827547566
reduced11_with_M,11,623,M,0.08642022375373794
reduced11_with_M,11,252,A,0.0
reduced11_with_M,11,252,M,0.5125579145006817
reduced11_with_M,11,662,A,0.02257860062051391
reduced11_with_M,11,662,M,0.42206812489188555
reduced11_with_M,11,171,A,0.04216862174022637
reduced11_with_M,11,171,M,0.08394874047897936
reduced11_with_M,11,408,A,0.045799325287641315
reduced11_with_M,11,408,M,0.19471892606044167
reduced11_with_M,11,993,A,0.04434509884293141
reduced11_with_M,11,993,M,0.11811588952536935
reduced11_with_M,11,592,A,0.04417222964866771
reduced11_with_M,11,592,M,0.18895391268363473
reduced11_with_M,11,701,A,0.0
reduced11_with_M,11,701,M,0.8300489235732084
reduced11_with_M,11,427,A,0.0715007019215035
reduced11_with_M,11,427,M,0.22591651764953002
reduced11_with_M,11,457,A,0.05639237144945043
reduced11_with_M,11,457,M,0.09243497793743838
reduced11_with_M,11,454,A,0.06322273709274072
reduced11_with_M,11,454,M,0.22363825270973195
reduced11_with_M,11,151,A,0.03808622478239191
reduced11_with_M,11,151,M,0.1576431167596723
reduced11_with_M,11,756,A,0.025753883666498757
reduced11_with_M,11,756,M,0.11125848610455928
reduced11_with_M,11,250,A,0.0466399223808304
reduced11_with_M,11,250,M,0.13284425939948155
reduced11_with_M,11,904,A,0.054480206931727844
reduced11_with_M,11,904,M,0.5551907823290961
reduced11_with_M,11,324,A,0.016646351183540437
reduced11_with_M,11,324,M,0.08235857454566696
reduced11_with_M,11,439,A,0.06763284516193671
reduced11_with_M,11,439,M,0.14621675570735826
reduced11_with_M,11,650,A,0.049241024001955576
reduced11_with_M,11,650,M,0.13009854797112383
reduced11_with_M,11,238,A,0.0
reduced11_with_M,11,238,M,0.0616000831646492
reduced11_with_M,11,498,A,0.04901136441220744
reduced11_with_M,11,498,M,0.047543812678226265
reduced11_with_M,11,806,A,0.04252659777722268
reduced11_with_M,11,806,M,0.6271869735739668
reduced11_with_M,11,629,A,0.09124342578570951
reduced11_with_M,11,629,M,0.21758586207235772
reduced11_with_M,11,468,A,0.0575362414161993
reduced11_with_M,11,468,M,0.27767990431746853
reduced11_with_M,11,343,A,0.02772296875864557
reduced11_with_M,11,343,M,1.744694958759358
reduced11_with_M,11,664,A,0.03257035106639498
reduced11_with_M,11,664,M,0.05282424536756819
reduced11_with_M,11,671,A,0.0
reduced11_with_M,11,671,M,0.14633286596278855
reduced11_with_M,11,652,A,0.012554935388870855
reduced11_with_M,11,652,M,0.18124580065014012
reduced11_with_M,11,346,A,0.02895999592190581
reduced11_with_M,11,346,M,0.485750496316293
reduced11_with_M,11,381,A,0.05617500029194533
reduced11_with_M,11,381,M,0.10035143753184739
reduced11_with_M,11,493,A,0.06218319713537348
reduced11_with_M,11,493,M,0.12694844506192646
reduced11_with_M,11,708,A,0.10265683819776565
reduced11_with_M,11,708,M,0.10594513405433117
reduced11_with_M,11,513,A,0.12376808423317429
reduced11_with_M,11,513,M,0.09710103438495954
reduced11_with_M,11,563,A,0.08642364299812763
reduced11_with_M,11,563,M,1.9992370234443868
reduced11_with_M,11,857,A,0.030369273823484814
reduced11_with_M,11,857,M,0.4069255141092962
reduced11_with_M,11,781,A,0.0453518843380319
reduced11_with_M,11,781,M,0.12619212603774846
reduced11_with_M,11,135,A,0.03173903694238613
reduced11_with_M,11,135,M,0.13077634526579224
reduced11_with_M,11,232,A,0.13005558485705554
reduced11_with_M,11,232,M,0.21353141428906178
reduced11_with_M,11,931,A,0.051709213214654014
reduced11_with_M,11,931,M,0.032476169546106624
reduced11_with_M,11,426,A,0.08421135935377426
reduced11_with_M,11,426,M,0.1446503001533401
reduced11_with_M,11,660,A,0.021665587149753005
reduced11_with_M,11,660,M,0.10538450667833363
reduced11_with_M,11,995,A,0.07870079253256754
reduced11_with_M,11,995,M,0.08938126100115784
reduced11_with_M,11,36,A,0.03506276555345149
reduced11_with_M,11,36,M,0.15336363696802932
reduced11_with_M,11,545,A,0.0
reduced11_with_M,11,545,M,0.1307753142495733
reduced11_with_M,11,116,A,0.031920929010858155
reduced11_with_M,11,116,M,0.1440816826965765
reduced11_with_M,11,434,A,0.03363187686140958
reduced11_with_M,11,434,M,0.2165326124428429
reduced11_with_M,11,390,A,0.09055903057868069
reduced11_with_M,11,390,M,0.13512539623800993
reduced11_with_M,11,751,A,0.031166602501559525
reduced11_with_M,11,751,M,0.0999281490071424
reduced12_with_M,12,978,A,0.10571169256862988
reduced12_with_M,12,978,M,0.05584948519352823
reduced12_with_M,12,933,A,0.052472160817563875
reduced12_with_M,12,933,M,0.10813296399935747
reduced12_with_M,12,859,A,0.047477058389911744
reduced12_with_M,12,859,M,0.1524999484568069
reduced12_with_M,12,916,A,0.0
reduced12_with_M,12,916,M,1.5568674542942762
reduced12_with_M,12,127,A,0.050662750887253874
reduced12_with_M,12,127,M,0.04822312445517866
reduced12_with_M,12,608,A,0.08787807392069732
reduced12_with_M,12,608,M,0.09674528645485558
reduced12_with_M,12,856,A,0.0843704041495775
reduced12_with_M,12,856,M,0.9251273159172442
reduced12_with_M,12,260,A,0.10049111517926353
reduced12_with_M,12,260,M,0.13051887494627715
reduced12_with_M,12,147,A,0.02496974949452392
reduced12_with_M,12,147,M,0.6888445029040342
reduced12_with_M,12,810,A,0.04484069147352117
reduced12_with_M,12,810,M,0.15376100161818887
reduced12_with_M,12,635,A,0.059880395495992625
reduced12_with_M,12,635,M,0.356121770654102
reduced12_with_M,12,972,A,0.10538289064487452
reduced12_with_M,12,972,M,0.3893405621705306
reduced12_with_M,12,593,A,0.052044659801042524
reduced12_with_M,12,593,M,0.22385546096161807
reduced12_with_M,12,994,A,0.05633844356276323
reduced12_with_M,12,994,M,0.08832962043391204
reduced12_with_M,12,285,A,0.05837310308147406
reduced12_with_M,12,285,M,0.07921161099606826
reduced12_with_M,12,554,A,0.0490134918047899
reduced12_with_M,12,554,M,0.20995953081432792
reduced12_with_M,12,467,A,0.1335153625801395
reduced12_with_M,12,467,M,0.22313238418033537
reduced12_with_M,12,276,A,0.09861128446698807
reduced12_with_M,12,276,M,0.3405135016881777
reduced12_with_M,12,55,A,0.0
reduced12_with_M,12,55,M,2.1830472694048813
reduced12_with_M,12,61,A,0.044026166765347166
reduced12_with_M,12,61,M,0.264990514564875
reduced12_with_M,12,839,A,0.07716233020372797
reduced12_with_M,12,839,M,0.11654750496437212
reduced12_with_M,12,425,A,0.04183270686328697
reduced12_with_M,12,425,M,0.07543360270137776
reduced12_with_M,12,82,A,0.054125350365923405
reduced12_with_M,12,82,M,0.07799959498353817
reduced12_with_M,12,620,A,0.05567008069112587
reduced12_with_M,12,620,M,1.1492743879329834
reduced12_with_M,12,787,A,0.03887480675128752
reduced12_with_M,12,787,M,0.2058971226314642
reduced12_with_M,12,2,A,0.025221138489400215
reduced12_with_M,12,2,M,0.17256679253322946
reduced12_with_M,12,753,A,0.08592197448667628
reduced12_with_M,12,753,M,0.12301099974123515
reduced12_with_M,12,7,A,0.162722736759658
reduced12_with_M,12,7,M,0.2263349844554657
reduced12_with_M,12,903,A,0.038879751624789134
reduced12_with_M,12,903,M,0.10360960405648921
reduced12_with_M,12,626,A,0.030466242732115324
reduced12_with_M,12,626,M,0.5624867134415368
reduced12_with_M,12,51,A,0.0
reduced12_with_M,12,51,M,0.7213691799779207
reduced12_with_M,12,557,A,0.08011226441293096
reduced12_with_M,12,557,M,0.0558029751846775
reduced12_with_M,12,310,A,0.08358913455431653
reduced12_with_M,12,310,M,0.1222316440866555
reduced12_with_M,12,100,A,0.05402711089414859
reduced12_with_M,12,100,M,0.08292968471023168
reduced12_with_M,12,848,A,0.08294513315064347
reduced12_with_M,12,848,M,0.4933723270664675
reduced12_with_M,12,921,A,0.0
reduced12_with_M,12,921,M,0.40536278256868596
reduced12_with_M,12,45,A,0.06295239384116166
reduced12_with_M,12,45,M,0.06354801543945578
reduced12_with_M,12,976,A,0.08949466437052406
reduced12_with_M,12,976,M,0.10019665933107157
reduced12_with_M,12,136,A,0.05698296786672901
reduced12_with_M,12,136,M,0.27630085561693096
reduced12_with_M,12,128,A,0.08370245943363817
reduced12_with_M,12,128,M,2.1531375242635895
reduced12_with_M,12,605,A,0.06034966004581565
reduced12_with_M,12,605,M,0.1731179991861888
reduced12_with_M,12,945,A,0.0
reduced12_with_M,12,945,M,0.9354921789585341
reduced12_with_M,12,773,A,0.05397215034392964
reduced12_with_M,12,773,M,0.34012711109603877
reduced12_with_M,12,941,A,0.0958685591776308
reduced12_with_M,12,941,M,0.12672400255598637
reduced12_with_M,12,613,A,0.09770412909085158
reduced12_with_M,12,613,M,0.6079978244048065
reduced12_with_M,12,98,A,0.1135077246323075
reduced12_with_M,12,98,M,0.38548456847686435
reduced12_with_M,12,758,A,0.11541732336208997
reduced12_with_M,12,758,M,0.2947738637273099
reduced12_with_M,12,595,A,0.06665139039806879
reduced12_with_M,12,595,M,0.029966719639718094
reduced12_with_M,12,470,A,0.1045029635857147
reduced12_with_M,12,470,M,0.1039706069116594
reduced12_with_M,12,25,A,0.0
reduced12_with_M,12,25,M,1.6403213706062312
reduced12_with_M,12,514,A,0.040792807856430545
reduced12_with_M,12,514,M,1.3950557745743042
reduced12_with_M,12,239,A,0.13083054954461576
reduced12_with_M,12,239,M,0.2465747654374207
reduced12_with_M,12,980,A,0.03264957411299275
reduced12_with_M,12,980,M,0.1964601658001041
reduced12_with_M,12,623,A,0.04943813722210681
reduced12_with_M,12,623,M,0.1424863398895567
reduced12_with_M,12,252,A,0.08300100601175957
reduced12_with_M,12,252,M,0.6569656319070363
reduced12_with_M,12,662,A,0.02042490955498531
reduced12_with_M,12,662,M,0.6839473727349866
reduced12_with_M,12,171,A,0.0809548233598023
reduced12_with_M,12,171,M,0.07182438901064504
reduced12_with_M,12,408,A,0.0719029448101196
reduced12_with_M,12,408,M,0.06475162825888175
reduced12_with_M,12,993,A,0.060338603150832074
reduced12_with_M,12,993,M,0.08096387672385152
reduced12_with_M,12,592,A,0.0789753416374691
reduced12_with_M,12,592,M,0.10514398922705619
reduced12_with_M,12,701,A,0.0834758225206237
reduced12_with_M,12,701,M,0.8911950838610206
reduced12_with_M,12,427,A,0.1052417990535687
reduced12_with_M,12,427,M,0.12954160052482555
reduced12_with_M,12,457,A,0.09734793647440174
reduced12_with_M,12,457,M,0.07775757730451692
reduced12_with_M,12,454,A,0.07364537781183568
reduced12_with_M,12,454,M,0.20444169197468884
reduced12_with_M,12,151,A,0.05583605952820299
reduced12_with_M,12,151,M,0.08218403854222066
reduced12_with_M,12,756,A,0.03606117217310976
reduced12_with_M,12,756,M,0.12938014563568745
reduced12_with_M,12,250,A,0.0672537963984258
reduced12_with_M,12,250,M,0.15903058015481014
reduced12_with_M,12,904,A,0.09413802014990073
reduced12_with_M,12,904,M,0.3997390569312623
reduced12_with_M,12,324,A,0.02267581553040196
reduced12_with_M,12,324,M,0.06682658668109867
reduced12_with_M,12,439,A,0.09635666324267175
reduced12_with_M,12,439,M,0.06711493246102045
reduced12_with_M,12,650,A,0.05379538983488759
reduced12_with_M,12,650,M,0.2352876714489321
reduced12_with_M,12,238,A,0.08345908632042985
reduced12_with_M,12,238,M,0.13086956117631654
reduced12_with_M,12,498,A,0.09529379858763454
reduced12_with_M,12,498,M,0.13007791980388725
reduced12_with_M,12,806,A,0.06868181416850157
reduced12_with_M,12,806,M,1.0552976792476616
reduced12_with_M,12,629,A,0.13176099210538572
reduced12_with_M,12,629,M,0.15708674900419511
reduced12_with_M,12,468,A,0.05190398656626467
reduced12_with_M,12,468,M,0.6456007858212819
reduced12_with_M,12,343,A,0.026542684893156972
reduced12_with_M,12,343,M,1.1237440468799174
reduced12_with_M,12,664,A,0.042685377047269026
reduced12_with_M,12,664,M,0.12022100287233282
reduced12_with_M,12,671,A,0.0829193607948475
reduced12_with_M,12,671,M,0.3008797781145582
reduced12_with_M,12,652,A,0.04441710561929079
reduced12_with_M,12,652,M,0.3035124601750414
reduced12_with_M,12,346,A,0.0526994668953202
reduced12_with_M,12,346,M,0.5896520595493032
reduced12_with_M,12,381,A,0.11737976707214057
reduced12_with_M,12,381,M,0.14886397509189142
reduced12_with_M,12,493,A,0.09132932551920436
reduced12_with_M,12,493,M,0.06506909078356266
reduced12_with_M,12,708,A,0.14619210141477032
reduced12_with_M,12,708,M,0.08922762328648057
reduced12_with_M,12,513,A,0.16576978933256314
reduced12_with_M,12,513,M,0.29293801314579326
reduced12_with_M,12,563,A,0.1554240480219251
reduced12_with_M,12,563,M,0.8490987638023407
reduced12_with_M,12,857,A,0.044324945502388274
reduced12_with_M,12,857,M,0.167556886152753
reduced12_with_M,12,781,A,0.0922969955468191
reduced12_with_M,12,781,M,0.13718023880814956
reduced12_with_M,12,135,A,0.05708032696795739
reduced12_with_M,12,135,M,0.0450597877843574
reduced12_with_M,12,232,A,0.16408119009759176
reduced12_with_M,12,232,M,0.1662328560412373
reduced12_with_M,12,931,A,0.07205216922925728
reduced12_with_M,12,931,M,0.16323388751424456
reduced12_with_M,12,426,A,0.11454142562891474
reduced12_with_M,12,426,M,0.08314686924762828
reduced12_with_M,12,660,A,0.04511194405718384
reduced12_with_M,12,660,M,0.19001117428162329
reduced12_with_M,12,995,A,0.12024228680700043
reduced12_with_M,12,995,M,0.1585456805429554
reduced12_with_M,12,36,A,0.06808854041625481
reduced12_with_M,12,36,M,0.06551396571908792
reduced12_with_M,12,545,A,0.08745616384650691
reduced12_with_M,12,545,M,0.17877283955006135
reduced12_with_M,12,116,A,0.05603666997699868
reduced12_with_M,12,116,M,0.07505963738477493
reduced12_with_M,12,434,A,0.09872048005366907
reduced12_with_M,12,434,M,0.10209650248667669
reduced12_with_M,12,390,A,0.15615883323039212
reduced12_with_M,12,390,M,0.04526026167116154
reduced12_with_M,12,751,A,0.044870581196264005
reduced12_with_M,12,751,M,0.2644251836268016
full13,13,978,A,0.10351373830320346
full13,13,978,M,0.10153951952899826
full13,13,933,A,0.03939432881105358
full13,13,933,M,0.14160257990436395
full13,13,859,A,0.04807923617877088
full13,13,859,M,0.1288001550890868
full13,13,916,A,0.0
full13,13,916,M,2.994317917872991
full13,13,127,A,0.0417239766512296
full13,13,127,M,0.15489076508674957
full13,13,608,A,0.08787807392069732
full13,13,608,M,0.09678543012805327
full13,13,856,A,0.0843704041495775
full13,13,856,M,0.9839240206127552
full13,13,260,A,0.09616695812678762
full13,13,260,M,0.15268164196274203
full13,13,147,A,0.037803077936585536
full13,13,147,M,0.7368801223561621
full13,13,810,A,0.039914550242865866
full13,13,810,M,0.1045295482773854
full13,13,635,A,0.04971578810051973
full13,13,635,M,0.09367809989282978
full13,13,972,A,0.08288965895916563
full13,13,972,M,0.09639405528271834
full13,13,593,A,0.03929399743359958
full13,13,593,M,0.12225381702118684
full13,13,994,A,0.022911231253962657
full13,13,994,M,0.14917509933996506
full13,13,285,A,0.053854373622934576
full13,13,285,M,0.21337399585976646
full13,13,554,A,0.03501427933148983
full13,13,554,M,0.2530987990592003
full13,13,467,A,0.11685333697261036
full13,13,467,M,0.11843805354049293
full13,13,276,A,0.10016573117201133
full13,13,276,M,0.13387156476761952
full13,13,55,A,0.0
full13,13,55,M,1.6438991925859212
full13,13,61,A,0.043912246039382506
full13,13,61,M,0.27328252886827265
full13,13,839,A,0.06415356923613315
full13,13,839,M,0.15694599916492577
full13,13,425,A,0.03263316250943922
full13,13,425,M,0.12684021299970924
full13,13,82,A,0.028834902167986676
full13,13,82,M,0.2547535414847972
full13,13,620,A,0.03265886007031462
full13,13,620,M,2.3718379772436347
full13,13,787,A,0.02869267499585485
full13,13,787,M,0.10594043637935464
full13,13,2,A,0.02078086034034943
full13,13,2,M,0.08464361274510657
full13,13,753,A,0.07798676284071039
full13,13,753,M,0.05713669524043006
full13,13,7,A,0.1463475839765983
full13,13,7,M,0.24594767112404461
full13,13,903,A,0.04185630839210862
full13,13,903,M,0.1772379536343256
full13,13,626,A,0.029491915183938146
full13,13,626,M,0.19743609791680056
full13,13,51,A,0.0
full13,13,51,M,1.751413757200634
full13,13,557,A,0.07355632685284452
full13,13,557,M,0.17639539523029543
full13,13,310,A,0.08358913455431653
full13,13,310,M,0.05255183955188929
full13,13,100,A,0.038995029153171566
full13,13,100,M,0.1308319784905581
full13,13,848,A,0.08294513315064347
full13,13,848,M,0.5638884521103297
full13,13,921,A,0.0
full13,13,921,M,0.8204662980376208
full13,13,45,A,0.03868827315607401
full13,13,45,M,0.15972457203669158
full13,13,976,A,0.13240864888048182
full13,13,976,M,0.1768228982406009
full13,13,136,A,0.10466684580316074
full13,13,136,M,0.20037958071274126
full13,13,128,A,0.0
full13,13,128,M,2.320681975865333
full13,13,605,A,0.03808548803136552
full13,13,605,M,0.29340806697359983
full13,13,945,A,0.0
full13,13,945,M,2.1012761769341073
full13,13,773,A,0.02680337662750778
full13,13,773,M,0.04966595606526554
full13,13,941,A,0.0843639030482343
full13,13,941,M,0.1487533031245659
full13,13,613,A,0.09770412909085158
full13,13,613,M,0.42077900117127004
full13,13,98,A,0.1135077246323075
full13,13,98,M,0.09261896090111782
full13,13,758,A,0.08292372977846274
full13,13,758,M,0.08438991988240999
full13,13,595,A,0.052770250019574874
full13,13,595,M,0.18744648924426352
full13,13,470,A,0.097510384691987
full13,13,470,M,0.19682353738522362
full13,13,25,A,0.0
full13,13,25,M,4.423388766917747
full13,13,514,A,0.035412221096120564
full13,13,514,M,1.553411756809523
full13,13,239,A,0.12750992375688872
full13,13,239,M,0.03161921365121115
full13,13,980,A,0.03574414715719063
full13,13,980,M,0.055796828807607175
full13,13,623,A,0.019057694447541764
full13,13,623,M,0.22008831152282196
full13,13,252,A,0.08300100601175957
full13,13,252,M,0.49564020791598384
full13,13,662,A,0.024169287303098152
full13,13,662,M,0.4774412739361828
full13,13,171,A,0.07312379854660225
full13,13,171,M,0.11102654815023176
full13,13,408,A,0.05394504045441555
full13,13,408,M,0.1292194749119302
full13,13,993,A,0.055616853095985366
full13,13,993,M,0.08910911921762765
full13,13,592,A,0.07316284288081554
full13,13,592,M,0.2572605312632923
full13,13,701,A,0.0834758225206237
full13,13,701,M,0.9398273856982297
full13,13,427,A,0.09900229531486929
full13,13,427,M,0.24771729136492648
full13,13,457,A,0.07965184519406283
full13,13,457,M,0.294487471417904
full13,13,454,A,0.06475976508169835
full13,13,454,M,0.2561241137776372
full13,13,151,A,0.039633662997824
full13,13,151,M,0.2501385391601474
full13,13,756,A,0.026934942595730853
full13,13,756,M,0.15122074325565876
full13,13,250,A,0.07616517091838465
full13,13,250,M,0.09619795025508174
full13,13,904,A,0.05260054602480364
full13,13,904,M,0.6213375017471388
full13,13,324,A,0.01921484507316926
full13,13,324,M,0.10041931490487639
full13,13,439,A,0.057307347704968724
full13,13,439,M,0.2570918652809215
full13,13,650,A,0.054804590808415966
full13,13,650,M,0.18720891767258424
full13,13,238,A,0.08345908632042985
full13,13,238,M,0.09879711747527611
full13,13,498,A,0.07903492397046599
full13,13,498,M,0.11262510249753864
full13,13,806,A,0.09308295870395038
full13,13,806,M,0.808929207255375
full13,13,629,A,0.11071171024111094
full13,13,629,M,0.13837861430665796
full13,13,468,A,0.06279330737444765
full13,13,468,M,0.30896821859896284
full13,13,343,A,0.02851821485123219
full13,13,343,M,2.1954697663446083
full13,13,664,A,0.04554257100688142
full13,13,664,M,0.18108676799359438
full13,13,671,A,0.0829193607948475
full13,13,671,M,0.038217370819804954
full13,13,652,A,0.03537098872016889
full13,13,652,M,0.11331580635876919
full13,13,346,A,0.04572512117084034
full13,13,346,M,0.5373142800429727
full13,13,381,A,0.11106135226369251
full13,13,381,M,0.18104878000311891
full13,13,493,A,0.0836742226204585
full13,13,493,M,0.1400304933254127
full13,13,708,A,0.1470613837608779
full13,13,708,M,0.1286979841016847
full13,13,513,A,0.16151494384534076
full13,13,513,M,0.09364241939987589
full13,13,563,A,0.11045635133028721
full13,13,563,M,2.022073347339035
full13,13,857,A,0.03089518157405096
full13,13,857,M,0.410378696236614
full13,13,781,A,0.08197823270032054
full13,13,781,M,0.13172086582146472
full13,13,135,A,0.04295853966003814
full13,13,135,M,0.18500588687405475
full13,13,232,A,0.179780680822698
full13,13,232,M,0.25301212401468026
full13,13,931,A,0.05432319770234974
full13,13,931,M,0.13934489715218723
full13,13,426,A,0.13344385722996124
full13,13,426,M,0.1048700036266323
full13,13,660,A,0.04461893892385427
full13,13,660,M,0.07734447662997651
full13,13,995,A,0.13504019947037701
full13,13,995,M,0.09157296019653183
full13,13,36,A,0.05146894032442896
full13,13,36,M,0.18335988217498222
full13,13,545,A,0.08745616384650691
full13,13,545,M,0.05132057110427883
full13,13,116,A,0.04638597428274068
full13,13,116,M,0.10722329450727154
full13,13,434,A,0.09567804427263057
full13,13,434,M,0.20841217590741465
full13,13,390,A,0.1565704427620843
full13,13,390,M,0.15781108344677333
full13,13,751,A,0.050461677120964395
full13,13,751,M,0.05400695184396311
